segment_id,lang,mqm_valid,n_tok_en,n_tok_native,n_tok_indicxlit,n_tok_iso,tp_native,tp_indicxlit,tp_iso
guj_0000,guj,True,20,25,30,45,1.25,1.5,2.25
guj_0001,guj,True,35,41,48,74,1.1714285714285715,1.3714285714285714,2.1142857142857143
guj_0002,guj,True,44,54,70,107,1.2272727272727273,1.5909090909090908,2.4318181818181817
guj_0003,guj,True,35,52,61,84,1.4857142857142858,1.7428571428571429,2.4
guj_0004,guj,True,32,51,63,91,1.59375,1.96875,2.84375
guj_0005,guj,True,32,46,55,90,1.4375,1.71875,2.8125
guj_0006,guj,True,57,70,69,102,1.2280701754385965,1.2105263157894737,1.7894736842105263
guj_0007,guj,True,25,45,62,89,1.8,2.48,3.56
guj_0008,guj,True,33,57,69,102,1.7272727272727273,2.090909090909091,3.090909090909091
guj_0009,guj,True,23,35,37,52,1.5217391304347827,1.608695652173913,2.260869565217391
guj_0010,guj,True,21,44,40,56,2.0952380952380953,1.9047619047619047,2.6666666666666665
guj_0011,guj,True,27,29,40,63,1.0740740740740742,1.4814814814814814,2.3333333333333335
guj_0012,guj,True,37,45,52,80,1.2162162162162162,1.4054054054054055,2.1621621621621623
guj_0013,guj,True,34,55,60,91,1.6176470588235294,1.7647058823529411,2.676470588235294
guj_0014,guj,True,36,35,37,57,0.9722222222222222,1.0277777777777777,1.5833333333333333
guj_0015,guj,True,18,30,32,53,1.6666666666666667,1.7777777777777777,2.9444444444444446
guj_0016,guj,True,33,44,51,77,1.3333333333333333,1.5454545454545454,2.3333333333333335
guj_0017,guj,True,23,32,33,53,1.391304347826087,1.434782608695652,2.3043478260869565
guj_0018,guj,True,30,50,50,78,1.6666666666666667,1.6666666666666667,2.6
guj_0019,guj,True,29,43,49,69,1.4827586206896552,1.6896551724137931,2.3793103448275863
guj_0020,guj,True,25,38,46,73,1.52,1.84,2.92
guj_0021,guj,True,30,39,45,68,1.3,1.5,2.2666666666666666
guj_0022,guj,True,34,16,15,24,0.47058823529411764,0.4411764705882353,0.7058823529411765
guj_0023,guj,True,88,137,147,219,1.5568181818181819,1.6704545454545454,2.4886363636363638
guj_0024,guj,True,75,100,106,140,1.3333333333333333,1.4133333333333333,1.8666666666666667
guj_0025,guj,True,48,75,75,120,1.5625,1.5625,2.5
guj_0026,guj,True,30,45,50,74,1.5,1.6666666666666667,2.466666666666667
guj_0027,guj,True,24,32,34,52,1.3333333333333333,1.4166666666666667,2.1666666666666665
guj_0028,guj,True,45,71,77,102,1.5777777777777777,1.711111111111111,2.2666666666666666
guj_0029,guj,True,18,23,29,49,1.2777777777777777,1.6111111111111112,2.7222222222222223
guj_0030,guj,True,36,43,45,70,1.1944444444444444,1.25,1.9444444444444444
guj_0031,guj,True,30,43,50,65,1.4333333333333333,1.6666666666666667,2.1666666666666665
guj_0032,guj,True,26,35,36,62,1.3461538461538463,1.3846153846153846,2.3846153846153846
guj_0033,guj,True,33,46,50,85,1.393939393939394,1.5151515151515151,2.5757575757575757
guj_0034,guj,True,25,44,46,71,1.76,1.84,2.84
guj_0035,guj,True,37,54,55,81,1.4594594594594594,1.4864864864864864,2.189189189189189
guj_0036,guj,True,45,60,78,111,1.3333333333333333,1.7333333333333334,2.466666666666667
guj_0037,guj,True,31,47,42,67,1.5161290322580645,1.3548387096774193,2.161290322580645
guj_0038,guj,True,19,24,27,44,1.263157894736842,1.4210526315789473,2.3157894736842106
guj_0039,guj,True,20,32,38,58,1.6,1.9,2.9
guj_0040,guj,True,27,42,50,76,1.5555555555555556,1.8518518518518519,2.814814814814815
guj_0041,guj,True,23,25,26,40,1.0869565217391304,1.1304347826086956,1.7391304347826086
guj_0042,guj,True,23,31,30,48,1.3478260869565217,1.3043478260869565,2.0869565217391304
guj_0043,guj,True,42,66,76,97,1.5714285714285714,1.8095238095238095,2.3095238095238093
guj_0044,guj,True,28,38,41,66,1.3571428571428572,1.4642857142857142,2.357142857142857
guj_0045,guj,True,25,33,41,61,1.32,1.64,2.44
guj_0046,guj,True,37,28,30,42,0.7567567567567568,0.8108108108108109,1.135135135135135
guj_0047,guj,True,43,56,66,100,1.302325581395349,1.5348837209302326,2.3255813953488373
guj_0048,guj,True,17,38,40,66,2.235294117647059,2.3529411764705883,3.8823529411764706
guj_0049,guj,True,24,39,46,74,1.625,1.9166666666666667,3.0833333333333335
guj_0050,guj,True,26,40,44,79,1.5384615384615385,1.6923076923076923,3.0384615384615383
guj_0051,guj,True,33,50,47,80,1.5151515151515151,1.4242424242424243,2.4242424242424243
guj_0052,guj,True,14,19,28,42,1.3571428571428572,2.0,3.0
guj_0053,guj,True,29,37,37,58,1.2758620689655173,1.2758620689655173,2.0
guj_0054,guj,True,20,29,31,51,1.45,1.55,2.55
guj_0055,guj,True,28,41,51,78,1.4642857142857142,1.8214285714285714,2.7857142857142856
guj_0056,guj,True,21,37,48,74,1.7619047619047619,2.2857142857142856,3.5238095238095237
guj_0057,guj,True,39,57,64,103,1.4615384615384615,1.641025641025641,2.641025641025641
guj_0058,guj,True,37,60,66,102,1.6216216216216217,1.7837837837837838,2.7567567567567566
guj_0059,guj,True,33,51,70,101,1.5454545454545454,2.121212121212121,3.0606060606060606
guj_0060,guj,True,44,33,48,71,0.75,1.0909090909090908,1.6136363636363635
guj_0061,guj,True,23,35,35,45,1.5217391304347827,1.5217391304347827,1.9565217391304348
guj_0062,guj,True,35,57,57,84,1.6285714285714286,1.6285714285714286,2.4
guj_0063,guj,True,19,25,26,36,1.3157894736842106,1.368421052631579,1.894736842105263
guj_0064,guj,True,24,28,29,48,1.1666666666666667,1.2083333333333333,2.0
guj_0065,guj,True,37,47,58,85,1.2702702702702702,1.5675675675675675,2.2972972972972974
guj_0066,guj,True,18,27,31,48,1.5,1.7222222222222223,2.6666666666666665
guj_0067,guj,True,18,17,23,34,0.9444444444444444,1.2777777777777777,1.8888888888888888
guj_0068,guj,True,30,45,48,71,1.5,1.6,2.3666666666666667
guj_0069,guj,True,41,60,65,85,1.4634146341463414,1.5853658536585367,2.073170731707317
guj_0070,guj,True,16,20,28,43,1.25,1.75,2.6875
guj_0071,guj,True,17,24,30,51,1.411764705882353,1.7647058823529411,3.0
guj_0072,guj,True,34,34,37,53,1.0,1.088235294117647,1.5588235294117647
guj_0073,guj,True,27,27,29,47,1.0,1.0740740740740742,1.7407407407407407
guj_0074,guj,True,24,36,46,73,1.5,1.9166666666666667,3.0416666666666665
guj_0075,guj,True,32,48,60,93,1.5,1.875,2.90625
guj_0076,guj,True,34,49,54,81,1.4411764705882353,1.588235294117647,2.3823529411764706
guj_0077,guj,True,15,27,39,58,1.8,2.6,3.8666666666666667
guj_0078,guj,True,34,40,44,74,1.1764705882352942,1.2941176470588236,2.176470588235294
guj_0079,guj,True,41,62,62,85,1.5121951219512195,1.5121951219512195,2.073170731707317
guj_0080,guj,True,26,33,43,60,1.2692307692307692,1.6538461538461537,2.3076923076923075
guj_0081,guj,True,36,46,52,76,1.2777777777777777,1.4444444444444444,2.111111111111111
guj_0082,guj,True,29,40,44,66,1.3793103448275863,1.5172413793103448,2.2758620689655173
guj_0083,guj,True,35,44,46,66,1.2571428571428571,1.3142857142857143,1.8857142857142857
guj_0084,guj,True,36,60,65,109,1.6666666666666667,1.8055555555555556,3.0277777777777777
guj_0085,guj,True,53,71,70,97,1.3396226415094339,1.320754716981132,1.830188679245283
guj_0086,guj,True,28,44,49,76,1.5714285714285714,1.75,2.7142857142857144
guj_0087,guj,True,33,48,52,81,1.4545454545454546,1.5757575757575757,2.4545454545454546
guj_0088,guj,True,40,67,73,103,1.675,1.825,2.575
guj_0089,guj,True,38,49,60,94,1.2894736842105263,1.5789473684210527,2.473684210526316
guj_0090,guj,True,27,44,46,67,1.6296296296296295,1.7037037037037037,2.4814814814814814
guj_0091,guj,True,29,37,45,62,1.2758620689655173,1.5517241379310345,2.1379310344827585
guj_0092,guj,True,41,50,49,85,1.2195121951219512,1.1951219512195121,2.073170731707317
guj_0093,guj,True,16,27,34,51,1.6875,2.125,3.1875
guj_0094,guj,True,14,14,20,28,1.0,1.4285714285714286,2.0
guj_0095,guj,True,41,56,63,85,1.3658536585365855,1.5365853658536586,2.073170731707317
guj_0096,guj,True,23,31,35,41,1.3478260869565217,1.5217391304347827,1.7826086956521738
guj_0097,guj,True,36,59,72,121,1.6388888888888888,2.0,3.361111111111111
guj_0098,guj,True,24,33,43,68,1.375,1.7916666666666667,2.8333333333333335
guj_0099,guj,True,49,59,67,101,1.2040816326530612,1.3673469387755102,2.061224489795918
guj_0100,guj,True,36,55,69,103,1.5277777777777777,1.9166666666666667,2.861111111111111
guj_0101,guj,True,34,48,62,92,1.411764705882353,1.8235294117647058,2.7058823529411766
guj_0102,guj,True,22,26,31,55,1.1818181818181819,1.4090909090909092,2.5
guj_0103,guj,True,53,69,68,117,1.3018867924528301,1.2830188679245282,2.207547169811321
guj_0104,guj,True,20,27,32,53,1.35,1.6,2.65
guj_0105,guj,True,30,40,58,65,1.3333333333333333,1.9333333333333333,2.1666666666666665
guj_0106,guj,True,31,37,52,78,1.1935483870967742,1.6774193548387097,2.5161290322580645
guj_0107,guj,True,29,52,49,80,1.793103448275862,1.6896551724137931,2.7586206896551726
guj_0108,guj,True,39,60,81,127,1.5384615384615385,2.076923076923077,3.2564102564102564
guj_0109,guj,True,11,17,19,26,1.5454545454545454,1.7272727272727273,2.3636363636363638
guj_0110,guj,True,21,24,33,46,1.1428571428571428,1.5714285714285714,2.1904761904761907
guj_0111,guj,True,36,59,60,98,1.6388888888888888,1.6666666666666667,2.7222222222222223
guj_0112,guj,True,42,59,66,99,1.4047619047619047,1.5714285714285714,2.357142857142857
guj_0113,guj,True,24,35,47,67,1.4583333333333333,1.9583333333333333,2.7916666666666665
guj_0114,guj,True,23,33,39,58,1.434782608695652,1.6956521739130435,2.5217391304347827
guj_0115,guj,True,49,47,51,69,0.9591836734693877,1.0408163265306123,1.4081632653061225
guj_0116,guj,True,27,40,35,54,1.4814814814814814,1.2962962962962963,2.0
guj_0117,guj,True,33,56,64,103,1.696969696969697,1.9393939393939394,3.121212121212121
guj_0118,guj,True,36,60,58,98,1.6666666666666667,1.6111111111111112,2.7222222222222223
guj_0119,guj,True,24,39,39,60,1.625,1.625,2.5
guj_0120,guj,True,23,34,35,60,1.4782608695652173,1.5217391304347827,2.608695652173913
guj_0121,guj,True,33,40,45,79,1.2121212121212122,1.3636363636363635,2.393939393939394
guj_0122,guj,True,26,45,52,79,1.7307692307692308,2.0,3.0384615384615383
guj_0123,guj,True,11,13,22,32,1.1818181818181819,2.0,2.909090909090909
guj_0124,guj,True,45,61,78,110,1.3555555555555556,1.7333333333333334,2.4444444444444446
guj_0125,guj,True,27,31,41,61,1.1481481481481481,1.5185185185185186,2.259259259259259
guj_0126,guj,True,18,19,20,28,1.0555555555555556,1.1111111111111112,1.5555555555555556
guj_0127,guj,True,29,42,43,70,1.4482758620689655,1.4827586206896552,2.413793103448276
guj_0128,guj,True,26,38,36,58,1.4615384615384615,1.3846153846153846,2.230769230769231
guj_0129,guj,True,20,33,33,47,1.65,1.65,2.35
guj_0130,guj,True,39,52,59,89,1.3333333333333333,1.5128205128205128,2.282051282051282
guj_0131,guj,True,28,44,54,80,1.5714285714285714,1.9285714285714286,2.857142857142857
guj_0132,guj,True,20,22,27,42,1.1,1.35,2.1
guj_0133,guj,True,32,45,57,74,1.40625,1.78125,2.3125
guj_0134,guj,True,40,35,42,59,0.875,1.05,1.475
guj_0135,guj,True,24,28,36,57,1.1666666666666667,1.5,2.375
guj_0136,guj,True,31,50,70,111,1.6129032258064515,2.2580645161290325,3.5806451612903225
guj_0137,guj,True,17,20,21,34,1.1764705882352942,1.2352941176470589,2.0
guj_0138,guj,True,38,50,54,89,1.3157894736842106,1.4210526315789473,2.3421052631578947
guj_0139,guj,True,16,21,24,34,1.3125,1.5,2.125
guj_0140,guj,True,14,18,19,28,1.2857142857142858,1.3571428571428572,2.0
guj_0141,guj,True,23,31,34,56,1.3478260869565217,1.4782608695652173,2.4347826086956523
guj_0142,guj,True,20,28,30,51,1.4,1.5,2.55
guj_0143,guj,True,25,43,42,60,1.72,1.68,2.4
guj_0144,guj,True,20,31,41,65,1.55,2.05,3.25
guj_0145,guj,True,48,54,66,106,1.125,1.375,2.2083333333333335
guj_0146,guj,True,20,28,32,48,1.4,1.6,2.4
guj_0147,guj,True,34,40,43,57,1.1764705882352942,1.2647058823529411,1.6764705882352942
guj_0148,guj,True,37,44,44,74,1.1891891891891893,1.1891891891891893,2.0
guj_0149,guj,True,25,41,40,56,1.64,1.6,2.24
guj_0150,guj,True,41,58,64,90,1.4146341463414633,1.5609756097560976,2.1951219512195124
guj_0151,guj,True,26,36,48,70,1.3846153846153846,1.8461538461538463,2.6923076923076925
guj_0152,guj,True,28,33,34,44,1.1785714285714286,1.2142857142857142,1.5714285714285714
guj_0153,guj,True,35,49,56,88,1.4,1.6,2.5142857142857142
guj_0154,guj,True,26,35,48,69,1.3461538461538463,1.8461538461538463,2.6538461538461537
guj_0155,guj,True,38,45,48,69,1.1842105263157894,1.263157894736842,1.8157894736842106
guj_0156,guj,True,30,39,43,69,1.3,1.4333333333333333,2.3
guj_0157,guj,True,35,43,44,72,1.2285714285714286,1.2571428571428571,2.057142857142857
guj_0158,guj,True,29,61,70,99,2.103448275862069,2.413793103448276,3.413793103448276
guj_0159,guj,True,36,53,54,83,1.4722222222222223,1.5,2.3055555555555554
guj_0160,guj,True,36,50,60,93,1.3888888888888888,1.6666666666666667,2.5833333333333335
guj_0161,guj,True,56,76,83,129,1.3571428571428572,1.4821428571428572,2.3035714285714284
guj_0162,guj,True,24,17,23,33,0.7083333333333334,0.9583333333333334,1.375
guj_0163,guj,True,29,42,49,74,1.4482758620689655,1.6896551724137931,2.5517241379310347
guj_0164,guj,True,25,23,25,44,0.92,1.0,1.76
guj_0165,guj,True,25,17,22,32,0.68,0.88,1.28
guj_0166,guj,True,25,44,40,60,1.76,1.6,2.4
guj_0167,guj,True,14,25,31,47,1.7857142857142858,2.2142857142857144,3.357142857142857
guj_0168,guj,True,35,42,53,84,1.2,1.5142857142857142,2.4
guj_0169,guj,True,20,18,19,37,0.9,0.95,1.85
guj_0170,guj,True,23,45,55,76,1.9565217391304348,2.391304347826087,3.3043478260869565
guj_0171,guj,True,22,33,40,56,1.5,1.8181818181818181,2.5454545454545454
guj_0172,guj,True,39,57,69,104,1.4615384615384615,1.7692307692307692,2.6666666666666665
guj_0173,guj,True,25,41,41,57,1.64,1.64,2.28
guj_0174,guj,True,21,30,36,54,1.4285714285714286,1.7142857142857142,2.5714285714285716
guj_0175,guj,True,34,39,47,60,1.1470588235294117,1.3823529411764706,1.7647058823529411
guj_0176,guj,True,26,37,42,61,1.4230769230769231,1.6153846153846154,2.3461538461538463
guj_0177,guj,True,35,52,49,80,1.4857142857142858,1.4,2.2857142857142856
guj_0178,guj,True,39,45,46,67,1.1538461538461537,1.1794871794871795,1.7179487179487178
guj_0179,guj,True,44,59,63,83,1.3409090909090908,1.4318181818181819,1.8863636363636365
guj_0180,guj,True,25,38,46,63,1.52,1.84,2.52
guj_0181,guj,True,23,35,41,53,1.5217391304347827,1.7826086956521738,2.3043478260869565
guj_0182,guj,True,19,33,33,53,1.736842105263158,1.736842105263158,2.789473684210526
guj_0183,guj,True,17,30,31,42,1.7647058823529411,1.8235294117647058,2.4705882352941178
guj_0184,guj,True,56,74,83,111,1.3214285714285714,1.4821428571428572,1.9821428571428572
guj_0185,guj,True,44,61,71,107,1.3863636363636365,1.6136363636363635,2.4318181818181817
guj_0186,guj,True,33,40,54,78,1.2121212121212122,1.6363636363636365,2.3636363636363638
guj_0187,guj,True,21,37,39,48,1.7619047619047619,1.8571428571428572,2.2857142857142856
guj_0188,guj,True,24,35,32,54,1.4583333333333333,1.3333333333333333,2.25
guj_0189,guj,True,23,31,31,60,1.3478260869565217,1.3478260869565217,2.608695652173913
guj_0190,guj,True,31,44,58,73,1.4193548387096775,1.8709677419354838,2.3548387096774195
guj_0191,guj,True,35,42,49,74,1.2,1.4,2.1142857142857143
guj_0192,guj,True,17,18,24,40,1.0588235294117647,1.411764705882353,2.3529411764705883
guj_0193,guj,True,36,49,63,90,1.3611111111111112,1.75,2.5
guj_0194,guj,True,37,44,56,82,1.1891891891891893,1.5135135135135136,2.2162162162162162
guj_0195,guj,True,18,18,20,28,1.0,1.1111111111111112,1.5555555555555556
guj_0196,guj,True,22,37,59,78,1.6818181818181819,2.6818181818181817,3.5454545454545454
guj_0197,guj,True,26,25,29,41,0.9615384615384616,1.1153846153846154,1.5769230769230769
guj_0198,guj,True,24,42,51,72,1.75,2.125,3.0
guj_0199,guj,True,14,18,29,42,1.2857142857142858,2.0714285714285716,3.0
guj_0200,guj,True,32,40,49,71,1.25,1.53125,2.21875
guj_0201,guj,True,29,38,37,54,1.3103448275862069,1.2758620689655173,1.8620689655172413
guj_0202,guj,True,29,34,44,64,1.1724137931034482,1.5172413793103448,2.206896551724138
guj_0203,guj,True,34,42,45,72,1.2352941176470589,1.3235294117647058,2.1176470588235294
guj_0204,guj,True,19,25,30,45,1.3157894736842106,1.5789473684210527,2.3684210526315788
guj_0205,guj,True,22,24,31,41,1.0909090909090908,1.4090909090909092,1.8636363636363635
guj_0206,guj,True,43,59,74,101,1.372093023255814,1.7209302325581395,2.3488372093023258
guj_0207,guj,True,15,20,26,41,1.3333333333333333,1.7333333333333334,2.7333333333333334
guj_0208,guj,True,21,29,28,41,1.380952380952381,1.3333333333333333,1.9523809523809523
guj_0209,guj,True,16,15,19,26,0.9375,1.1875,1.625
guj_0210,guj,True,20,26,28,42,1.3,1.4,2.1
guj_0211,guj,True,46,72,85,133,1.565217391304348,1.8478260869565217,2.891304347826087
guj_0212,guj,True,29,48,56,81,1.6551724137931034,1.9310344827586208,2.793103448275862
guj_0213,guj,True,16,25,33,43,1.5625,2.0625,2.6875
guj_0214,guj,True,24,36,42,69,1.5,1.75,2.875
guj_0215,guj,True,33,52,52,90,1.5757575757575757,1.5757575757575757,2.727272727272727
guj_0216,guj,True,15,20,23,36,1.3333333333333333,1.5333333333333334,2.4
guj_0217,guj,True,31,31,35,58,1.0,1.1290322580645162,1.8709677419354838
guj_0218,guj,True,37,51,60,85,1.3783783783783783,1.6216216216216217,2.2972972972972974
guj_0219,guj,True,34,50,66,107,1.4705882352941178,1.9411764705882353,3.1470588235294117
guj_0220,guj,True,47,42,50,74,0.8936170212765957,1.0638297872340425,1.574468085106383
guj_0221,guj,True,32,50,68,104,1.5625,2.125,3.25
guj_0222,guj,True,22,27,40,51,1.2272727272727273,1.8181818181818181,2.3181818181818183
guj_0223,guj,True,26,37,35,61,1.4230769230769231,1.3461538461538463,2.3461538461538463
guj_0224,guj,True,28,39,44,68,1.3928571428571428,1.5714285714285714,2.4285714285714284
guj_0225,guj,True,25,38,43,67,1.52,1.72,2.68
guj_0226,guj,True,27,60,61,97,2.2222222222222223,2.259259259259259,3.5925925925925926
guj_0227,guj,True,44,64,66,110,1.4545454545454546,1.5,2.5
guj_0228,guj,True,49,52,58,85,1.0612244897959184,1.183673469387755,1.7346938775510203
guj_0229,guj,True,57,77,75,116,1.3508771929824561,1.3157894736842106,2.0350877192982457
guj_0230,guj,True,20,32,34,51,1.6,1.7,2.55
guj_0231,guj,True,25,41,47,74,1.64,1.88,2.96
guj_0232,guj,True,34,44,66,98,1.2941176470588236,1.9411764705882353,2.8823529411764706
guj_0233,guj,True,34,45,63,91,1.3235294117647058,1.8529411764705883,2.676470588235294
guj_0234,guj,True,26,28,35,51,1.0769230769230769,1.3461538461538463,1.9615384615384615
guj_0235,guj,True,28,31,35,45,1.1071428571428572,1.25,1.6071428571428572
guj_0236,guj,True,36,47,51,77,1.3055555555555556,1.4166666666666667,2.138888888888889
guj_0237,guj,True,29,41,41,68,1.4137931034482758,1.4137931034482758,2.3448275862068964
guj_0238,guj,True,33,50,64,99,1.5151515151515151,1.9393939393939394,3.0
guj_0239,guj,True,21,28,31,52,1.3333333333333333,1.4761904761904763,2.4761904761904763
guj_0240,guj,True,28,38,42,64,1.3571428571428572,1.5,2.2857142857142856
guj_0241,guj,True,33,52,51,89,1.5757575757575757,1.5454545454545454,2.696969696969697
guj_0242,guj,True,37,38,54,87,1.027027027027027,1.4594594594594594,2.3513513513513513
guj_0243,guj,True,17,37,42,66,2.176470588235294,2.4705882352941178,3.8823529411764706
guj_0244,guj,True,17,26,29,37,1.5294117647058822,1.7058823529411764,2.176470588235294
guj_0245,guj,True,39,55,61,84,1.4102564102564104,1.564102564102564,2.1538461538461537
guj_0246,guj,True,23,44,52,71,1.9130434782608696,2.260869565217391,3.0869565217391304
guj_0247,guj,True,20,27,35,50,1.35,1.75,2.5
guj_0248,guj,True,23,31,32,38,1.3478260869565217,1.391304347826087,1.6521739130434783
guj_0249,guj,True,25,35,35,54,1.4,1.4,2.16
guj_0250,guj,True,59,85,91,140,1.4406779661016949,1.5423728813559323,2.3728813559322033
guj_0251,guj,True,29,33,33,58,1.1379310344827587,1.1379310344827587,2.0
guj_0252,guj,True,41,53,59,75,1.2926829268292683,1.4390243902439024,1.829268292682927
guj_0253,guj,True,28,40,46,76,1.4285714285714286,1.6428571428571428,2.7142857142857144
guj_0254,guj,True,30,47,56,75,1.5666666666666667,1.8666666666666667,2.5
guj_0255,guj,True,41,48,54,66,1.170731707317073,1.3170731707317074,1.6097560975609757
guj_0256,guj,True,24,29,33,52,1.2083333333333333,1.375,2.1666666666666665
guj_0257,guj,True,38,51,61,94,1.3421052631578947,1.605263157894737,2.473684210526316
guj_0258,guj,True,29,29,37,60,1.0,1.2758620689655173,2.0689655172413794
guj_0259,guj,True,45,64,72,114,1.4222222222222223,1.6,2.533333333333333
guj_0260,guj,True,22,33,40,58,1.5,1.8181818181818181,2.6363636363636362
guj_0261,guj,True,43,48,51,79,1.1162790697674418,1.186046511627907,1.8372093023255813
guj_0262,guj,True,24,34,38,59,1.4166666666666667,1.5833333333333333,2.4583333333333335
guj_0263,guj,True,30,36,51,70,1.2,1.7,2.3333333333333335
guj_0264,guj,True,44,62,66,108,1.4090909090909092,1.5,2.4545454545454546
guj_0265,guj,True,35,12,16,24,0.34285714285714286,0.45714285714285713,0.6857142857142857
guj_0266,guj,True,27,30,40,57,1.1111111111111112,1.4814814814814814,2.111111111111111
guj_0267,guj,True,22,25,24,34,1.1363636363636365,1.0909090909090908,1.5454545454545454
guj_0268,guj,True,27,23,26,46,0.8518518518518519,0.9629629629629629,1.7037037037037037
guj_0269,guj,True,30,39,46,70,1.3,1.5333333333333334,2.3333333333333335
guj_0270,guj,True,44,66,73,111,1.5,1.6590909090909092,2.522727272727273
guj_0271,guj,True,34,41,62,88,1.2058823529411764,1.8235294117647058,2.588235294117647
guj_0272,guj,True,18,23,25,38,1.2777777777777777,1.3888888888888888,2.111111111111111
guj_0273,guj,True,42,62,76,112,1.4761904761904763,1.8095238095238095,2.6666666666666665
guj_0274,guj,True,29,49,62,87,1.6896551724137931,2.1379310344827585,3.0
guj_0275,guj,True,18,11,10,15,0.6111111111111112,0.5555555555555556,0.8333333333333334
guj_0276,guj,True,45,73,79,99,1.6222222222222222,1.7555555555555555,2.2
guj_0277,guj,True,41,46,55,91,1.1219512195121952,1.3414634146341464,2.2195121951219514
guj_0278,guj,True,22,33,39,55,1.5,1.7727272727272727,2.5
guj_0279,guj,True,24,38,40,62,1.5833333333333333,1.6666666666666667,2.5833333333333335
guj_0280,guj,True,39,67,66,98,1.7179487179487178,1.6923076923076923,2.5128205128205128
guj_0281,guj,True,41,53,61,99,1.2926829268292683,1.4878048780487805,2.4146341463414633
guj_0282,guj,True,44,52,57,85,1.1818181818181819,1.2954545454545454,1.9318181818181819
guj_0283,guj,True,19,28,27,42,1.4736842105263157,1.4210526315789473,2.210526315789474
guj_0284,guj,True,25,34,37,58,1.36,1.48,2.32
guj_0285,guj,True,33,54,58,88,1.6363636363636365,1.7575757575757576,2.6666666666666665
guj_0286,guj,True,27,38,45,68,1.4074074074074074,1.6666666666666667,2.5185185185185186
guj_0287,guj,True,28,48,45,64,1.7142857142857142,1.6071428571428572,2.2857142857142856
guj_0288,guj,True,24,33,48,64,1.375,2.0,2.6666666666666665
guj_0289,guj,True,41,64,73,118,1.5609756097560976,1.7804878048780488,2.8780487804878048
guj_0290,guj,True,29,38,42,57,1.3103448275862069,1.4482758620689655,1.9655172413793103
guj_0291,guj,True,15,25,30,50,1.6666666666666667,2.0,3.3333333333333335
guj_0292,guj,True,47,47,63,91,1.0,1.3404255319148937,1.9361702127659575
guj_0293,guj,True,38,54,68,99,1.4210526315789473,1.7894736842105263,2.6052631578947367
guj_0294,guj,True,26,40,39,59,1.5384615384615385,1.5,2.269230769230769
guj_0295,guj,True,21,34,37,51,1.619047619047619,1.7619047619047619,2.4285714285714284
guj_0296,guj,True,27,44,48,76,1.6296296296296295,1.7777777777777777,2.814814814814815
guj_0297,guj,True,21,33,31,48,1.5714285714285714,1.4761904761904763,2.2857142857142856
guj_0298,guj,True,26,33,48,81,1.2692307692307692,1.8461538461538463,3.1153846153846154
guj_0299,guj,True,24,37,46,64,1.5416666666666667,1.9166666666666667,2.6666666666666665
guj_0300,guj,True,15,28,26,40,1.8666666666666667,1.7333333333333334,2.6666666666666665
guj_0301,guj,True,21,26,32,46,1.2380952380952381,1.5238095238095237,2.1904761904761907
guj_0302,guj,True,34,46,60,85,1.3529411764705883,1.7647058823529411,2.5
guj_0303,guj,True,23,35,35,58,1.5217391304347827,1.5217391304347827,2.5217391304347827
guj_0304,guj,True,35,43,52,77,1.2285714285714286,1.4857142857142858,2.2
guj_0305,guj,True,34,49,59,96,1.4411764705882353,1.7352941176470589,2.823529411764706
guj_0306,guj,True,23,31,37,57,1.3478260869565217,1.608695652173913,2.4782608695652173
guj_0307,guj,True,25,41,35,56,1.64,1.4,2.24
guj_0308,guj,True,17,19,26,41,1.1176470588235294,1.5294117647058822,2.411764705882353
guj_0309,guj,True,35,55,62,80,1.5714285714285714,1.7714285714285714,2.2857142857142856
guj_0310,guj,True,30,47,51,80,1.5666666666666667,1.7,2.6666666666666665
guj_0311,guj,True,31,41,49,80,1.3225806451612903,1.5806451612903225,2.5806451612903225
guj_0312,guj,True,42,60,73,108,1.4285714285714286,1.7380952380952381,2.5714285714285716
guj_0313,guj,True,33,52,53,87,1.5757575757575757,1.606060606060606,2.6363636363636362
guj_0314,guj,True,41,70,82,121,1.7073170731707317,2.0,2.951219512195122
guj_0315,guj,True,41,37,44,69,0.9024390243902439,1.0731707317073171,1.6829268292682926
guj_0316,guj,True,23,31,34,57,1.3478260869565217,1.4782608695652173,2.4782608695652173
guj_0317,guj,True,27,38,43,57,1.4074074074074074,1.5925925925925926,2.111111111111111
guj_0318,guj,True,44,66,74,114,1.5,1.6818181818181819,2.590909090909091
guj_0319,guj,True,21,28,36,50,1.3333333333333333,1.7142857142857142,2.380952380952381
guj_0320,guj,True,26,36,50,76,1.3846153846153846,1.9230769230769231,2.923076923076923
guj_0321,guj,True,21,23,25,36,1.0952380952380953,1.1904761904761905,1.7142857142857142
guj_0322,guj,True,25,36,36,46,1.44,1.44,1.84
guj_0323,guj,True,47,82,86,105,1.7446808510638299,1.8297872340425532,2.234042553191489
guj_0324,guj,True,29,42,49,75,1.4482758620689655,1.6896551724137931,2.586206896551724
guj_0325,guj,True,44,53,64,92,1.2045454545454546,1.4545454545454546,2.090909090909091
guj_0326,guj,True,30,32,37,53,1.0666666666666667,1.2333333333333334,1.7666666666666666
guj_0327,guj,True,14,18,26,35,1.2857142857142858,1.8571428571428572,2.5
guj_0328,guj,True,31,53,47,72,1.7096774193548387,1.5161290322580645,2.3225806451612905
guj_0329,guj,True,21,36,41,64,1.7142857142857142,1.9523809523809523,3.0476190476190474
guj_0330,guj,True,22,28,27,43,1.2727272727272727,1.2272727272727273,1.9545454545454546
guj_0331,guj,True,39,54,67,103,1.3846153846153846,1.7179487179487178,2.641025641025641
guj_0332,guj,True,25,41,42,62,1.64,1.68,2.48
guj_0333,guj,True,17,27,26,36,1.588235294117647,1.5294117647058822,2.1176470588235294
guj_0334,guj,True,22,37,43,68,1.6818181818181819,1.9545454545454546,3.090909090909091
guj_0335,guj,True,23,29,31,49,1.2608695652173914,1.3478260869565217,2.130434782608696
guj_0336,guj,True,22,32,38,60,1.4545454545454546,1.7272727272727273,2.727272727272727
guj_0337,guj,True,31,42,50,74,1.3548387096774193,1.6129032258064515,2.3870967741935485
guj_0338,guj,True,20,25,32,41,1.25,1.6,2.05
guj_0339,guj,True,29,36,46,63,1.2413793103448276,1.5862068965517242,2.1724137931034484
guj_0340,guj,True,35,36,57,86,1.0285714285714285,1.6285714285714286,2.4571428571428573
guj_0341,guj,True,40,56,63,89,1.4,1.575,2.225
guj_0342,guj,True,20,29,32,50,1.45,1.6,2.5
guj_0343,guj,True,25,39,47,65,1.56,1.88,2.6
guj_0344,guj,True,34,48,65,94,1.411764705882353,1.911764705882353,2.764705882352941
guj_0345,guj,True,38,44,48,67,1.1578947368421053,1.263157894736842,1.763157894736842
guj_0346,guj,True,25,39,52,75,1.56,2.08,3.0
guj_0347,guj,True,33,26,31,45,0.7878787878787878,0.9393939393939394,1.3636363636363635
guj_0348,guj,True,30,46,63,88,1.5333333333333334,2.1,2.933333333333333
guj_0349,guj,True,36,55,65,102,1.5277777777777777,1.8055555555555556,2.8333333333333335
guj_0350,guj,True,19,26,26,36,1.368421052631579,1.368421052631579,1.894736842105263
guj_0351,guj,True,24,36,36,57,1.5,1.5,2.375
guj_0352,guj,True,42,59,62,96,1.4047619047619047,1.4761904761904763,2.2857142857142856
guj_0353,guj,True,41,52,50,81,1.2682926829268293,1.2195121951219512,1.975609756097561
guj_0354,guj,True,43,48,57,86,1.1162790697674418,1.3255813953488371,2.0
guj_0355,guj,True,29,53,53,66,1.8275862068965518,1.8275862068965518,2.2758620689655173
guj_0356,guj,True,26,39,54,78,1.5,2.076923076923077,3.0
guj_0357,guj,True,19,20,30,42,1.0526315789473684,1.5789473684210527,2.210526315789474
guj_0358,guj,True,45,67,70,106,1.488888888888889,1.5555555555555556,2.3555555555555556
guj_0359,guj,True,16,33,35,50,2.0625,2.1875,3.125
guj_0360,guj,True,45,54,63,91,1.2,1.4,2.022222222222222
guj_0361,guj,True,40,51,55,84,1.275,1.375,2.1
guj_0362,guj,True,24,39,39,61,1.625,1.625,2.5416666666666665
guj_0363,guj,True,28,45,50,69,1.6071428571428572,1.7857142857142858,2.4642857142857144
guj_0364,guj,True,34,53,58,93,1.5588235294117647,1.7058823529411764,2.735294117647059
guj_0365,guj,True,26,38,51,75,1.4615384615384615,1.9615384615384615,2.8846153846153846
guj_0366,guj,True,46,69,87,131,1.5,1.891304347826087,2.847826086956522
guj_0367,guj,True,35,46,50,80,1.3142857142857143,1.4285714285714286,2.2857142857142856
guj_0368,guj,True,28,45,44,68,1.6071428571428572,1.5714285714285714,2.4285714285714284
guj_0369,guj,True,35,48,47,84,1.3714285714285714,1.3428571428571427,2.4
guj_0370,guj,True,25,35,42,58,1.4,1.68,2.32
guj_0371,guj,True,23,30,34,46,1.3043478260869565,1.4782608695652173,2.0
guj_0372,guj,True,16,22,23,36,1.375,1.4375,2.25
guj_0373,guj,True,25,30,30,48,1.2,1.2,1.92
guj_0374,guj,True,25,35,44,65,1.4,1.76,2.6
guj_0375,guj,True,24,39,36,57,1.625,1.5,2.375
guj_0376,guj,True,17,27,31,43,1.588235294117647,1.8235294117647058,2.5294117647058822
guj_0377,guj,True,24,33,32,51,1.375,1.3333333333333333,2.125
guj_0378,guj,True,17,25,25,35,1.4705882352941178,1.4705882352941178,2.0588235294117645
guj_0379,guj,True,23,32,37,61,1.391304347826087,1.608695652173913,2.652173913043478
guj_0380,guj,True,23,33,28,43,1.434782608695652,1.2173913043478262,1.8695652173913044
guj_0381,guj,True,40,62,71,105,1.55,1.775,2.625
guj_0382,guj,True,37,62,71,93,1.6756756756756757,1.9189189189189189,2.5135135135135136
guj_0383,guj,True,26,30,35,63,1.1538461538461537,1.3461538461538463,2.423076923076923
guj_0384,guj,True,30,33,36,55,1.1,1.2,1.8333333333333333
guj_0385,guj,True,24,25,29,45,1.0416666666666667,1.2083333333333333,1.875
guj_0386,guj,True,27,46,54,81,1.7037037037037037,2.0,3.0
guj_0387,guj,True,22,35,41,68,1.5909090909090908,1.8636363636363635,3.090909090909091
guj_0388,guj,True,29,51,60,84,1.7586206896551724,2.0689655172413794,2.896551724137931
guj_0389,guj,True,41,24,25,39,0.5853658536585366,0.6097560975609756,0.9512195121951219
guj_0390,guj,True,33,32,45,68,0.9696969696969697,1.3636363636363635,2.0606060606060606
guj_0391,guj,True,27,29,37,60,1.0740740740740742,1.3703703703703705,2.2222222222222223
guj_0392,guj,True,26,31,41,51,1.1923076923076923,1.5769230769230769,1.9615384615384615
guj_0393,guj,True,43,32,39,70,0.7441860465116279,0.9069767441860465,1.627906976744186
guj_0394,guj,True,20,30,34,50,1.5,1.7,2.5
guj_0395,guj,True,54,65,85,135,1.2037037037037037,1.5740740740740742,2.5
guj_0396,guj,True,75,73,90,120,0.9733333333333334,1.2,1.6
guj_0397,guj,True,40,56,66,101,1.4,1.65,2.525
guj_0398,guj,True,29,46,48,70,1.5862068965517242,1.6551724137931034,2.413793103448276
guj_0399,guj,True,27,44,52,83,1.6296296296296295,1.9259259259259258,3.074074074074074
guj_0400,guj,True,36,56,58,85,1.5555555555555556,1.6111111111111112,2.361111111111111
guj_0401,guj,True,36,54,71,111,1.5,1.9722222222222223,3.0833333333333335
guj_0402,guj,True,20,26,30,58,1.3,1.5,2.9
guj_0403,guj,True,40,51,63,100,1.275,1.575,2.5
guj_0404,guj,True,35,41,43,65,1.1714285714285715,1.2285714285714286,1.8571428571428572
guj_0405,guj,True,20,30,32,55,1.5,1.6,2.75
guj_0406,guj,True,17,29,30,42,1.7058823529411764,1.7647058823529411,2.4705882352941178
guj_0407,guj,True,25,36,32,49,1.44,1.28,1.96
guj_0408,guj,True,39,58,61,102,1.4871794871794872,1.564102564102564,2.6153846153846154
guj_0409,guj,True,51,62,58,94,1.2156862745098038,1.1372549019607843,1.8431372549019607
guj_0410,guj,True,16,29,32,54,1.8125,2.0,3.375
guj_0411,guj,True,24,25,38,53,1.0416666666666667,1.5833333333333333,2.2083333333333335
guj_0412,guj,True,30,40,40,61,1.3333333333333333,1.3333333333333333,2.033333333333333
guj_0413,guj,True,30,41,45,65,1.3666666666666667,1.5,2.1666666666666665
guj_0414,guj,True,24,24,33,51,1.0,1.375,2.125
guj_0415,guj,True,17,17,19,27,1.0,1.1176470588235294,1.588235294117647
guj_0416,guj,True,18,25,27,40,1.3888888888888888,1.5,2.2222222222222223
guj_0417,guj,True,30,34,38,62,1.1333333333333333,1.2666666666666666,2.066666666666667
guj_0418,guj,True,23,32,31,56,1.391304347826087,1.3478260869565217,2.4347826086956523
guj_0419,guj,True,25,39,45,72,1.56,1.8,2.88
guj_0420,guj,True,20,28,36,58,1.4,1.8,2.9
guj_0421,guj,True,32,35,46,67,1.09375,1.4375,2.09375
guj_0422,guj,True,22,30,36,60,1.3636363636363635,1.6363636363636365,2.727272727272727
guj_0423,guj,True,43,68,74,110,1.5813953488372092,1.7209302325581395,2.558139534883721
guj_0424,guj,True,22,37,44,70,1.6818181818181819,2.0,3.1818181818181817
guj_0425,guj,True,28,34,34,57,1.2142857142857142,1.2142857142857142,2.0357142857142856
guj_0426,guj,True,29,40,46,64,1.3793103448275863,1.5862068965517242,2.206896551724138
guj_0427,guj,True,41,76,76,113,1.853658536585366,1.853658536585366,2.7560975609756095
guj_0428,guj,True,32,47,56,86,1.46875,1.75,2.6875
guj_0429,guj,True,40,64,77,126,1.6,1.925,3.15
guj_0430,guj,True,21,29,24,38,1.380952380952381,1.1428571428571428,1.8095238095238095
guj_0431,guj,True,29,40,47,71,1.3793103448275863,1.6206896551724137,2.4482758620689653
guj_0432,guj,True,37,60,68,100,1.6216216216216217,1.837837837837838,2.7027027027027026
guj_0433,guj,True,47,57,74,118,1.2127659574468086,1.574468085106383,2.5106382978723403
guj_0434,guj,True,30,44,64,97,1.4666666666666666,2.1333333333333333,3.2333333333333334
guj_0435,guj,True,26,36,39,63,1.3846153846153846,1.5,2.423076923076923
guj_0436,guj,True,37,49,55,88,1.3243243243243243,1.4864864864864864,2.3783783783783785
guj_0437,guj,True,13,20,17,24,1.5384615384615385,1.3076923076923077,1.8461538461538463
guj_0438,guj,True,29,34,29,48,1.1724137931034482,1.0,1.6551724137931034
guj_0439,guj,True,30,47,56,85,1.5666666666666667,1.8666666666666667,2.8333333333333335
guj_0440,guj,True,34,52,57,93,1.5294117647058822,1.6764705882352942,2.735294117647059
guj_0441,guj,True,28,35,42,61,1.25,1.5,2.1785714285714284
guj_0442,guj,True,41,61,69,92,1.4878048780487805,1.6829268292682926,2.2439024390243905
guj_0443,guj,True,50,26,32,38,0.52,0.64,0.76
guj_0444,guj,True,35,39,48,74,1.1142857142857143,1.3714285714285714,2.1142857142857143
guj_0445,guj,True,15,21,24,32,1.4,1.6,2.1333333333333333
guj_0446,guj,True,25,35,44,70,1.4,1.76,2.8
guj_0447,guj,True,14,22,20,34,1.5714285714285714,1.4285714285714286,2.4285714285714284
guj_0448,guj,True,28,59,52,76,2.107142857142857,1.8571428571428572,2.7142857142857144
guj_0449,guj,True,22,32,41,68,1.4545454545454546,1.8636363636363635,3.090909090909091
guj_0450,guj,True,21,18,28,35,0.8571428571428571,1.3333333333333333,1.6666666666666667
guj_0451,guj,True,36,54,61,96,1.5,1.6944444444444444,2.6666666666666665
guj_0452,guj,True,44,57,59,75,1.2954545454545454,1.3409090909090908,1.7045454545454546
guj_0453,guj,True,30,38,35,48,1.2666666666666666,1.1666666666666667,1.6
guj_0454,guj,True,15,20,31,45,1.3333333333333333,2.066666666666667,3.0
guj_0455,guj,True,15,18,22,37,1.2,1.4666666666666666,2.466666666666667
guj_0456,guj,True,16,24,26,45,1.5,1.625,2.8125
guj_0457,guj,True,29,44,48,74,1.5172413793103448,1.6551724137931034,2.5517241379310347
guj_0458,guj,True,40,64,79,127,1.6,1.975,3.175
guj_0459,guj,True,36,56,67,99,1.5555555555555556,1.8611111111111112,2.75
guj_0460,guj,True,26,40,44,59,1.5384615384615385,1.6923076923076923,2.269230769230769
guj_0461,guj,True,31,38,42,65,1.2258064516129032,1.3548387096774193,2.096774193548387
guj_0462,guj,True,21,28,33,38,1.3333333333333333,1.5714285714285714,1.8095238095238095
guj_0463,guj,True,36,58,66,103,1.6111111111111112,1.8333333333333333,2.861111111111111
guj_0464,guj,True,29,49,52,80,1.6896551724137931,1.793103448275862,2.7586206896551726
guj_0465,guj,True,35,44,61,88,1.2571428571428571,1.7428571428571429,2.5142857142857142
guj_0466,guj,True,21,27,33,50,1.2857142857142858,1.5714285714285714,2.380952380952381
guj_0467,guj,True,25,23,24,36,0.92,0.96,1.44
guj_0468,guj,True,39,60,65,85,1.5384615384615385,1.6666666666666667,2.1794871794871793
guj_0469,guj,True,21,28,32,53,1.3333333333333333,1.5238095238095237,2.5238095238095237
guj_0470,guj,True,17,38,41,66,2.235294117647059,2.411764705882353,3.8823529411764706
guj_0471,guj,True,24,35,38,60,1.4583333333333333,1.5833333333333333,2.5
guj_0472,guj,True,28,38,44,69,1.3571428571428572,1.5714285714285714,2.4642857142857144
guj_0473,guj,True,15,29,30,38,1.9333333333333333,2.0,2.533333333333333
guj_0474,guj,True,35,22,28,39,0.6285714285714286,0.8,1.1142857142857143
guj_0475,guj,True,42,66,76,114,1.5714285714285714,1.8095238095238095,2.7142857142857144
guj_0476,guj,True,19,24,27,42,1.263157894736842,1.4210526315789473,2.210526315789474
guj_0477,guj,True,40,24,24,40,0.6,0.6,1.0
guj_0478,guj,True,17,30,37,54,1.7647058823529411,2.176470588235294,3.176470588235294
guj_0479,guj,True,34,49,54,79,1.4411764705882353,1.588235294117647,2.323529411764706
guj_0480,guj,True,30,45,45,64,1.5,1.5,2.1333333333333333
guj_0481,guj,True,32,41,47,75,1.28125,1.46875,2.34375
guj_0482,guj,True,19,32,41,55,1.6842105263157894,2.1578947368421053,2.8947368421052633
guj_0483,guj,True,20,21,24,40,1.05,1.2,2.0
guj_0484,guj,True,40,48,54,73,1.2,1.35,1.825
guj_0485,guj,True,17,21,24,39,1.2352941176470589,1.411764705882353,2.2941176470588234
guj_0486,guj,True,21,35,40,58,1.6666666666666667,1.9047619047619047,2.761904761904762
guj_0487,guj,True,14,29,33,52,2.0714285714285716,2.357142857142857,3.7142857142857144
guj_0488,guj,True,43,53,60,93,1.2325581395348837,1.3953488372093024,2.1627906976744184
guj_0489,guj,True,45,70,76,112,1.5555555555555556,1.6888888888888889,2.488888888888889
guj_0490,guj,True,43,59,68,94,1.372093023255814,1.5813953488372092,2.186046511627907
guj_0491,guj,True,21,12,17,25,0.5714285714285714,0.8095238095238095,1.1904761904761905
guj_0492,guj,True,35,41,45,73,1.1714285714285715,1.2857142857142858,2.085714285714286
guj_0493,guj,True,45,66,73,110,1.4666666666666666,1.6222222222222222,2.4444444444444446
guj_0494,guj,True,21,29,37,62,1.380952380952381,1.7619047619047619,2.9523809523809526
guj_0495,guj,True,42,59,58,91,1.4047619047619047,1.380952380952381,2.1666666666666665
guj_0496,guj,True,27,37,51,76,1.3703703703703705,1.8888888888888888,2.814814814814815
guj_0497,guj,True,28,49,42,63,1.75,1.5,2.25
guj_0498,guj,True,27,34,39,54,1.2592592592592593,1.4444444444444444,2.0
guj_0499,guj,True,20,29,35,53,1.45,1.75,2.65
guj_0500,guj,True,26,23,31,48,0.8846153846153846,1.1923076923076923,1.8461538461538463
guj_0501,guj,True,42,54,71,105,1.2857142857142858,1.6904761904761905,2.5
guj_0502,guj,True,34,51,52,86,1.5,1.5294117647058822,2.5294117647058822
guj_0503,guj,True,31,34,53,78,1.096774193548387,1.7096774193548387,2.5161290322580645
guj_0504,guj,True,24,37,46,72,1.5416666666666667,1.9166666666666667,3.0
guj_0505,guj,True,23,40,39,64,1.7391304347826086,1.6956521739130435,2.782608695652174
guj_0506,guj,True,44,57,59,84,1.2954545454545454,1.3409090909090908,1.9090909090909092
guj_0507,guj,True,36,29,36,56,0.8055555555555556,1.0,1.5555555555555556
guj_0508,guj,True,32,49,74,111,1.53125,2.3125,3.46875
guj_0509,guj,True,29,60,80,113,2.0689655172413794,2.7586206896551726,3.896551724137931
guj_0510,guj,True,31,35,53,81,1.1290322580645162,1.7096774193548387,2.6129032258064515
guj_0511,guj,True,44,55,61,87,1.25,1.3863636363636365,1.9772727272727273
guj_0512,guj,True,71,94,128,182,1.323943661971831,1.8028169014084507,2.563380281690141
guj_0513,guj,True,40,44,52,74,1.1,1.3,1.85
guj_0514,guj,True,38,51,64,88,1.3421052631578947,1.6842105263157894,2.3157894736842106
guj_0515,guj,True,20,24,29,45,1.2,1.45,2.25
guj_0516,guj,True,45,71,76,118,1.5777777777777777,1.6888888888888889,2.6222222222222222
guj_0517,guj,True,48,52,67,97,1.0833333333333333,1.3958333333333333,2.0208333333333335
guj_0518,guj,True,36,48,54,82,1.3333333333333333,1.5,2.2777777777777777
guj_0519,guj,True,41,75,84,124,1.829268292682927,2.048780487804878,3.024390243902439
guj_0520,guj,True,35,42,42,57,1.2,1.2,1.6285714285714286
guj_0521,guj,True,38,46,63,83,1.2105263157894737,1.6578947368421053,2.1842105263157894
guj_0522,guj,True,39,61,83,121,1.564102564102564,2.128205128205128,3.1025641025641026
guj_0523,guj,True,39,60,79,120,1.5384615384615385,2.0256410256410255,3.076923076923077
guj_0524,guj,True,37,65,65,96,1.7567567567567568,1.7567567567567568,2.5945945945945947
guj_0525,guj,True,48,77,78,124,1.6041666666666667,1.625,2.5833333333333335
guj_0526,guj,True,29,24,35,48,0.8275862068965517,1.206896551724138,1.6551724137931034
guj_0527,guj,True,30,55,58,87,1.8333333333333333,1.9333333333333333,2.9
guj_0528,guj,True,43,19,21,30,0.4418604651162791,0.4883720930232558,0.6976744186046512
guj_0529,guj,True,33,39,48,74,1.1818181818181819,1.4545454545454546,2.242424242424242
guj_0530,guj,True,29,33,41,56,1.1379310344827587,1.4137931034482758,1.9310344827586208
guj_0531,guj,True,75,87,102,137,1.16,1.36,1.8266666666666667
guj_0532,guj,True,38,51,65,91,1.3421052631578947,1.7105263157894737,2.3947368421052633
guj_0533,guj,True,54,79,98,144,1.462962962962963,1.8148148148148149,2.6666666666666665
guj_0534,guj,True,25,38,51,66,1.52,2.04,2.64
guj_0535,guj,True,22,30,37,60,1.3636363636363635,1.6818181818181819,2.727272727272727
guj_0536,guj,True,16,23,26,40,1.4375,1.625,2.5
guj_0537,guj,True,36,41,52,87,1.1388888888888888,1.4444444444444444,2.4166666666666665
guj_0538,guj,True,25,36,43,64,1.44,1.72,2.56
guj_0539,guj,True,21,20,22,32,0.9523809523809523,1.0476190476190477,1.5238095238095237
guj_0540,guj,True,41,73,78,113,1.7804878048780488,1.9024390243902438,2.7560975609756095
guj_0541,guj,True,31,36,44,60,1.1612903225806452,1.4193548387096775,1.935483870967742
guj_0542,guj,True,17,22,25,45,1.2941176470588236,1.4705882352941178,2.6470588235294117
guj_0543,guj,True,35,45,49,70,1.2857142857142858,1.4,2.0
guj_0544,guj,True,29,46,45,73,1.5862068965517242,1.5517241379310345,2.5172413793103448
guj_0545,guj,True,26,38,46,66,1.4615384615384615,1.7692307692307692,2.5384615384615383
guj_0546,guj,True,21,32,43,65,1.5238095238095237,2.0476190476190474,3.0952380952380953
guj_0547,guj,True,28,34,43,67,1.2142857142857142,1.5357142857142858,2.392857142857143
guj_0548,guj,True,40,44,52,72,1.1,1.3,1.8
guj_0549,guj,True,54,69,85,122,1.2777777777777777,1.5740740740740742,2.259259259259259
guj_0550,guj,True,19,31,34,54,1.631578947368421,1.7894736842105263,2.8421052631578947
guj_0551,guj,True,38,56,68,108,1.4736842105263157,1.7894736842105263,2.8421052631578947
guj_0552,guj,True,25,39,49,92,1.56,1.96,3.68
guj_0553,guj,True,26,39,35,58,1.5,1.3461538461538463,2.230769230769231
guj_0554,guj,True,50,84,98,168,1.68,1.96,3.36
guj_0555,guj,True,20,30,32,55,1.5,1.6,2.75
guj_0556,guj,True,33,39,51,83,1.1818181818181819,1.5454545454545454,2.515151515151515
guj_0557,guj,True,14,18,24,34,1.2857142857142858,1.7142857142857142,2.4285714285714284
guj_0558,guj,True,39,60,79,121,1.5384615384615385,2.0256410256410255,3.1025641025641026
guj_0559,guj,True,21,30,36,52,1.4285714285714286,1.7142857142857142,2.4761904761904763
guj_0560,guj,True,50,74,81,126,1.48,1.62,2.52
guj_0561,guj,True,34,50,56,95,1.4705882352941178,1.6470588235294117,2.7941176470588234
guj_0562,guj,True,25,39,47,65,1.56,1.88,2.6
guj_0563,guj,True,38,50,60,88,1.3157894736842106,1.5789473684210527,2.3157894736842106
guj_0564,guj,True,29,42,48,72,1.4482758620689655,1.6551724137931034,2.4827586206896552
guj_0565,guj,True,22,33,43,62,1.5,1.9545454545454546,2.8181818181818183
guj_0566,guj,True,11,13,21,30,1.1818181818181819,1.9090909090909092,2.727272727272727
guj_0567,guj,True,41,70,78,116,1.7073170731707317,1.9024390243902438,2.8292682926829267
guj_0568,guj,True,35,42,60,88,1.2,1.7142857142857142,2.5142857142857142
guj_0569,guj,True,22,25,30,51,1.1363636363636365,1.3636363636363635,2.3181818181818183
guj_0570,guj,True,19,22,26,36,1.1578947368421053,1.368421052631579,1.894736842105263
guj_0571,guj,True,48,69,78,120,1.4375,1.625,2.5
guj_0572,guj,True,54,74,82,120,1.3703703703703705,1.5185185185185186,2.2222222222222223
guj_0573,guj,True,13,17,16,23,1.3076923076923077,1.2307692307692308,1.7692307692307692
guj_0574,guj,True,31,39,42,54,1.2580645161290323,1.3548387096774193,1.7419354838709677
guj_0575,guj,True,29,46,57,89,1.5862068965517242,1.9655172413793103,3.0689655172413794
guj_0576,guj,True,22,35,39,55,1.5909090909090908,1.7727272727272727,2.5
guj_0577,guj,True,24,40,46,74,1.6666666666666667,1.9166666666666667,3.0833333333333335
guj_0578,guj,True,33,37,47,71,1.121212121212121,1.4242424242424243,2.1515151515151514
guj_0579,guj,True,13,17,17,26,1.3076923076923077,1.3076923076923077,2.0
guj_0580,guj,True,29,31,43,63,1.0689655172413792,1.4827586206896552,2.1724137931034484
guj_0581,guj,True,39,61,81,121,1.564102564102564,2.076923076923077,3.1025641025641026
guj_0582,guj,True,18,24,28,36,1.3333333333333333,1.5555555555555556,2.0
guj_0583,guj,True,21,31,37,54,1.4761904761904763,1.7619047619047619,2.5714285714285716
guj_0584,guj,True,26,26,35,58,1.0,1.3461538461538463,2.230769230769231
guj_0585,guj,True,41,35,35,61,0.8536585365853658,0.8536585365853658,1.4878048780487805
guj_0586,guj,True,31,53,62,84,1.7096774193548387,2.0,2.7096774193548385
guj_0587,guj,True,29,39,51,71,1.3448275862068966,1.7586206896551724,2.4482758620689653
guj_0588,guj,True,26,35,42,72,1.3461538461538463,1.6153846153846154,2.769230769230769
guj_0589,guj,True,54,75,92,136,1.3888888888888888,1.7037037037037037,2.5185185185185186
guj_0590,guj,True,44,55,55,75,1.25,1.25,1.7045454545454546
guj_0591,guj,True,25,36,42,59,1.44,1.68,2.36
guj_0592,guj,True,16,20,21,33,1.25,1.3125,2.0625
guj_0593,guj,True,22,42,43,63,1.9090909090909092,1.9545454545454546,2.8636363636363638
guj_0594,guj,True,19,36,37,60,1.894736842105263,1.9473684210526316,3.1578947368421053
guj_0595,guj,True,34,51,58,85,1.5,1.7058823529411764,2.5
guj_0596,guj,True,40,51,62,89,1.275,1.55,2.225
guj_0597,guj,True,26,34,41,59,1.3076923076923077,1.5769230769230769,2.269230769230769
guj_0598,guj,True,27,35,36,48,1.2962962962962963,1.3333333333333333,1.7777777777777777
guj_0599,guj,True,26,32,41,52,1.2307692307692308,1.5769230769230769,2.0
guj_0600,guj,True,15,20,21,26,1.3333333333333333,1.4,1.7333333333333334
guj_0601,guj,True,28,38,48,67,1.3571428571428572,1.7142857142857142,2.392857142857143
guj_0602,guj,True,34,47,52,81,1.3823529411764706,1.5294117647058822,2.3823529411764706
guj_0603,guj,True,25,30,34,54,1.2,1.36,2.16
guj_0604,guj,True,47,53,82,115,1.127659574468085,1.7446808510638299,2.4468085106382977
guj_0605,guj,True,44,62,61,87,1.4090909090909092,1.3863636363636365,1.9772727272727273
guj_0606,guj,True,28,8,12,17,0.2857142857142857,0.42857142857142855,0.6071428571428571
guj_0607,guj,True,16,27,29,38,1.6875,1.8125,2.375
guj_0608,guj,True,38,67,75,129,1.763157894736842,1.9736842105263157,3.3947368421052633
guj_0609,guj,True,14,23,20,36,1.6428571428571428,1.4285714285714286,2.5714285714285716
guj_0610,guj,True,36,47,53,74,1.3055555555555556,1.4722222222222223,2.0555555555555554
guj_0611,guj,True,20,31,29,49,1.55,1.45,2.45
guj_0612,guj,True,30,38,41,60,1.2666666666666666,1.3666666666666667,2.0
guj_0613,guj,True,25,40,49,69,1.6,1.96,2.76
guj_0614,guj,True,23,38,35,60,1.6521739130434783,1.5217391304347827,2.608695652173913
guj_0615,guj,True,32,41,50,73,1.28125,1.5625,2.28125
guj_0616,guj,True,15,20,26,41,1.3333333333333333,1.7333333333333334,2.7333333333333334
guj_0617,guj,True,27,33,34,47,1.2222222222222223,1.2592592592592593,1.7407407407407407
guj_0618,guj,True,42,57,70,109,1.3571428571428572,1.6666666666666667,2.5952380952380953
guj_0619,guj,True,25,32,36,55,1.28,1.44,2.2
guj_0620,guj,True,27,32,37,54,1.1851851851851851,1.3703703703703705,2.0
guj_0621,guj,True,20,22,22,45,1.1,1.1,2.25
guj_0622,guj,True,14,16,22,32,1.1428571428571428,1.5714285714285714,2.2857142857142856
guj_0623,guj,True,36,51,57,87,1.4166666666666667,1.5833333333333333,2.4166666666666665
guj_0624,guj,True,50,65,77,110,1.3,1.54,2.2
guj_0625,guj,True,25,26,33,53,1.04,1.32,2.12
guj_0626,guj,True,26,33,33,56,1.2692307692307692,1.2692307692307692,2.1538461538461537
guj_0627,guj,True,23,31,36,50,1.3478260869565217,1.565217391304348,2.1739130434782608
guj_0628,guj,True,35,59,61,89,1.6857142857142857,1.7428571428571429,2.5428571428571427
guj_0629,guj,True,16,22,24,35,1.375,1.5,2.1875
guj_0630,guj,True,36,63,86,109,1.75,2.388888888888889,3.0277777777777777
guj_0631,guj,True,22,35,34,52,1.5909090909090908,1.5454545454545454,2.3636363636363638
guj_0632,guj,True,21,33,38,54,1.5714285714285714,1.8095238095238095,2.5714285714285716
guj_0633,guj,True,35,30,41,63,0.8571428571428571,1.1714285714285715,1.8
guj_0634,guj,True,20,24,26,49,1.2,1.3,2.45
guj_0635,guj,True,45,75,77,113,1.6666666666666667,1.711111111111111,2.511111111111111
guj_0636,guj,True,29,35,35,51,1.206896551724138,1.206896551724138,1.7586206896551724
guj_0637,guj,True,29,43,52,77,1.4827586206896552,1.793103448275862,2.6551724137931036
guj_0638,guj,True,45,73,80,118,1.6222222222222222,1.7777777777777777,2.6222222222222222
guj_0639,guj,True,50,75,90,152,1.5,1.8,3.04
guj_0640,guj,True,23,38,39,63,1.6521739130434783,1.6956521739130435,2.739130434782609
guj_0641,guj,True,49,57,68,104,1.163265306122449,1.3877551020408163,2.122448979591837
guj_0642,guj,True,40,59,65,97,1.475,1.625,2.425
guj_0643,guj,True,21,37,43,73,1.7619047619047619,2.0476190476190474,3.4761904761904763
guj_0644,guj,True,25,37,40,59,1.48,1.6,2.36
guj_0645,guj,True,33,39,47,83,1.1818181818181819,1.4242424242424243,2.515151515151515
guj_0646,guj,True,26,27,33,44,1.0384615384615385,1.2692307692307692,1.6923076923076923
guj_0647,guj,True,13,22,23,27,1.6923076923076923,1.7692307692307692,2.076923076923077
guj_0648,guj,True,38,46,62,83,1.2105263157894737,1.631578947368421,2.1842105263157894
guj_0649,guj,True,35,51,59,82,1.457142857142857,1.6857142857142857,2.342857142857143
guj_0650,guj,True,32,49,53,78,1.53125,1.65625,2.4375
guj_0651,guj,True,21,28,33,49,1.3333333333333333,1.5714285714285714,2.3333333333333335
guj_0652,guj,True,30,43,45,66,1.4333333333333333,1.5,2.2
guj_0653,guj,True,16,22,26,38,1.375,1.625,2.375
guj_0654,guj,True,33,45,46,70,1.3636363636363635,1.393939393939394,2.121212121212121
guj_0655,guj,True,35,52,61,88,1.4857142857142858,1.7428571428571429,2.5142857142857142
guj_0656,guj,True,24,36,39,61,1.5,1.625,2.5416666666666665
guj_0657,guj,True,30,41,48,77,1.3666666666666667,1.6,2.566666666666667
guj_0658,guj,True,40,47,52,71,1.175,1.3,1.775
guj_0659,guj,True,27,36,38,51,1.3333333333333333,1.4074074074074074,1.8888888888888888
guj_0660,guj,True,39,56,62,98,1.435897435897436,1.5897435897435896,2.5128205128205128
guj_0661,guj,True,41,58,60,84,1.4146341463414633,1.4634146341463414,2.048780487804878
guj_0662,guj,True,25,25,33,50,1.0,1.32,2.0
guj_0663,guj,True,19,28,33,51,1.4736842105263157,1.736842105263158,2.6842105263157894
guj_0664,guj,True,28,47,46,65,1.6785714285714286,1.6428571428571428,2.3214285714285716
guj_0665,guj,True,15,26,26,36,1.7333333333333334,1.7333333333333334,2.4
guj_0666,guj,True,47,55,69,104,1.1702127659574468,1.4680851063829787,2.2127659574468086
guj_0667,guj,True,43,55,63,98,1.2790697674418605,1.4651162790697674,2.2790697674418605
guj_0668,guj,True,22,34,37,63,1.5454545454545454,1.6818181818181819,2.8636363636363638
guj_0669,guj,True,29,30,31,48,1.0344827586206897,1.0689655172413792,1.6551724137931034
guj_0670,guj,True,21,35,37,59,1.6666666666666667,1.7619047619047619,2.8095238095238093
guj_0671,guj,True,36,53,57,82,1.4722222222222223,1.5833333333333333,2.2777777777777777
guj_0672,guj,True,33,24,32,44,0.7272727272727273,0.9696969696969697,1.3333333333333333
guj_0673,guj,True,33,33,38,66,1.0,1.1515151515151516,2.0
guj_0674,guj,True,21,30,39,57,1.4285714285714286,1.8571428571428572,2.7142857142857144
guj_0675,guj,True,22,28,32,43,1.2727272727272727,1.4545454545454546,1.9545454545454546
guj_0676,guj,True,36,64,75,115,1.7777777777777777,2.0833333333333335,3.1944444444444446
guj_0677,guj,True,35,40,53,82,1.1428571428571428,1.5142857142857142,2.342857142857143
guj_0678,guj,True,11,15,16,28,1.3636363636363635,1.4545454545454546,2.5454545454545454
guj_0679,guj,True,29,34,50,73,1.1724137931034482,1.7241379310344827,2.5172413793103448
guj_0680,guj,True,41,45,57,84,1.0975609756097562,1.3902439024390243,2.048780487804878
guj_0681,guj,True,39,45,50,81,1.1538461538461537,1.2820512820512822,2.076923076923077
guj_0682,guj,True,20,37,38,52,1.85,1.9,2.6
guj_0683,guj,True,35,54,43,74,1.542857142857143,1.2285714285714286,2.1142857142857143
guj_0684,guj,True,20,31,42,63,1.55,2.1,3.15
guj_0685,guj,True,18,28,31,50,1.5555555555555556,1.7222222222222223,2.7777777777777777
guj_0686,guj,True,45,64,73,107,1.4222222222222223,1.6222222222222222,2.3777777777777778
guj_0687,guj,True,14,28,32,51,2.0,2.2857142857142856,3.642857142857143
guj_0688,guj,True,20,29,37,51,1.45,1.85,2.55
guj_0689,guj,True,26,26,32,44,1.0,1.2307692307692308,1.6923076923076923
guj_0690,guj,True,33,39,51,68,1.1818181818181819,1.5454545454545454,2.0606060606060606
guj_0691,guj,True,26,39,37,60,1.5,1.4230769230769231,2.3076923076923075
guj_0692,guj,True,40,52,58,92,1.3,1.45,2.3
guj_0693,guj,True,21,32,35,54,1.5238095238095237,1.6666666666666667,2.5714285714285716
guj_0694,guj,True,20,28,33,53,1.4,1.65,2.65
guj_0695,guj,True,26,41,49,73,1.5769230769230769,1.8846153846153846,2.8076923076923075
guj_0696,guj,True,41,48,50,82,1.170731707317073,1.2195121951219512,2.0
guj_0697,guj,True,25,37,47,74,1.48,1.88,2.96
guj_0698,guj,True,36,49,54,80,1.3611111111111112,1.5,2.2222222222222223
guj_0699,guj,True,25,47,50,75,1.88,2.0,3.0
guj_0700,guj,True,28,38,40,64,1.3571428571428572,1.4285714285714286,2.2857142857142856
guj_0701,guj,True,25,38,52,70,1.52,2.08,2.8
guj_0702,guj,True,36,63,74,115,1.75,2.0555555555555554,3.1944444444444446
guj_0703,guj,True,29,38,46,71,1.3103448275862069,1.5862068965517242,2.4482758620689653
guj_0704,guj,True,31,33,35,58,1.064516129032258,1.1290322580645162,1.8709677419354838
guj_0705,guj,True,23,34,34,55,1.4782608695652173,1.4782608695652173,2.391304347826087
guj_0706,guj,True,22,43,42,59,1.9545454545454546,1.9090909090909092,2.6818181818181817
guj_0707,guj,True,48,75,75,125,1.5625,1.5625,2.6041666666666665
guj_0708,guj,True,36,36,43,71,1.0,1.1944444444444444,1.9722222222222223
guj_0709,guj,True,35,47,48,77,1.3428571428571427,1.3714285714285714,2.2
guj_0710,guj,True,23,33,36,51,1.434782608695652,1.565217391304348,2.217391304347826
guj_0711,guj,True,35,45,42,68,1.2857142857142858,1.2,1.9428571428571428
guj_0712,guj,True,40,67,76,117,1.675,1.9,2.925
guj_0713,guj,True,36,51,57,83,1.4166666666666667,1.5833333333333333,2.3055555555555554
guj_0714,guj,True,17,19,24,39,1.1176470588235294,1.411764705882353,2.2941176470588234
guj_0715,guj,True,28,36,43,70,1.2857142857142858,1.5357142857142858,2.5
guj_0716,guj,True,32,45,56,80,1.40625,1.75,2.5
guj_0717,guj,True,16,31,31,45,1.9375,1.9375,2.8125
guj_0718,guj,True,20,20,28,40,1.0,1.4,2.0
guj_0719,guj,True,23,35,41,59,1.5217391304347827,1.7826086956521738,2.5652173913043477
guj_0720,guj,True,71,203,182,212,2.859154929577465,2.563380281690141,2.9859154929577465
guj_0721,guj,True,26,28,45,53,1.0769230769230769,1.7307692307692308,2.0384615384615383
guj_0722,guj,True,33,45,57,69,1.3636363636363635,1.7272727272727273,2.090909090909091
guj_0723,guj,True,21,35,44,60,1.6666666666666667,2.0952380952380953,2.857142857142857
guj_0724,guj,True,44,46,54,82,1.0454545454545454,1.2272727272727273,1.8636363636363635
guj_0725,guj,True,29,38,39,56,1.3103448275862069,1.3448275862068966,1.9310344827586208
guj_0726,guj,True,35,61,61,96,1.7428571428571429,1.7428571428571429,2.742857142857143
guj_0727,guj,True,21,36,53,69,1.7142857142857142,2.5238095238095237,3.2857142857142856
guj_0728,guj,True,20,31,31,51,1.55,1.55,2.55
guj_0729,guj,True,38,56,66,110,1.4736842105263157,1.736842105263158,2.8947368421052633
guj_0730,guj,True,29,42,43,72,1.4482758620689655,1.4827586206896552,2.4827586206896552
guj_0731,guj,True,27,38,46,68,1.4074074074074074,1.7037037037037037,2.5185185185185186
guj_0732,guj,True,21,23,32,49,1.0952380952380953,1.5238095238095237,2.3333333333333335
guj_0733,guj,True,11,18,17,23,1.6363636363636365,1.5454545454545454,2.090909090909091
guj_0734,guj,True,35,44,48,75,1.2571428571428571,1.3714285714285714,2.142857142857143
guj_0735,guj,True,16,21,24,34,1.3125,1.5,2.125
guj_0736,guj,True,40,54,64,93,1.35,1.6,2.325
guj_0737,guj,True,29,39,45,68,1.3448275862068966,1.5517241379310345,2.3448275862068964
guj_0738,guj,True,27,37,36,52,1.3703703703703705,1.3333333333333333,1.9259259259259258
guj_0739,guj,True,71,97,127,180,1.3661971830985915,1.7887323943661972,2.535211267605634
guj_0740,guj,True,32,53,57,87,1.65625,1.78125,2.71875
guj_0741,guj,True,32,44,67,94,1.375,2.09375,2.9375
guj_0742,guj,True,36,49,66,89,1.3611111111111112,1.8333333333333333,2.4722222222222223
guj_0743,guj,True,38,47,60,87,1.236842105263158,1.5789473684210527,2.289473684210526
guj_0744,guj,True,16,21,21,32,1.3125,1.3125,2.0
guj_0745,guj,True,38,50,55,88,1.3157894736842106,1.4473684210526316,2.3157894736842106
guj_0746,guj,True,29,42,51,78,1.4482758620689655,1.7586206896551724,2.689655172413793
guj_0747,guj,True,29,28,43,70,0.9655172413793104,1.4827586206896552,2.413793103448276
guj_0748,guj,True,29,45,43,65,1.5517241379310345,1.4827586206896552,2.2413793103448274
guj_0749,guj,True,35,42,45,78,1.2,1.2857142857142858,2.2285714285714286
guj_0750,guj,True,14,19,23,34,1.3571428571428572,1.6428571428571428,2.4285714285714284
guj_0751,guj,True,47,44,59,87,0.9361702127659575,1.2553191489361701,1.851063829787234
guj_0752,guj,True,11,20,19,29,1.8181818181818181,1.7272727272727273,2.6363636363636362
guj_0753,guj,True,20,20,26,37,1.0,1.3,1.85
guj_0754,guj,True,29,45,45,57,1.5517241379310345,1.5517241379310345,1.9655172413793103
guj_0755,guj,True,16,15,22,29,0.9375,1.375,1.8125
guj_0756,guj,True,36,49,57,81,1.3611111111111112,1.5833333333333333,2.25
guj_0757,guj,True,35,43,44,72,1.2285714285714286,1.2571428571428571,2.057142857142857
guj_0758,guj,True,40,55,64,96,1.375,1.6,2.4
guj_0759,guj,True,29,39,39,53,1.3448275862068966,1.3448275862068966,1.8275862068965518
guj_0760,guj,True,35,57,60,87,1.6285714285714286,1.7142857142857142,2.4857142857142858
guj_0761,guj,True,42,57,75,108,1.3571428571428572,1.7857142857142858,2.5714285714285716
guj_0762,guj,True,32,40,45,82,1.25,1.40625,2.5625
guj_0763,guj,True,22,41,42,59,1.8636363636363635,1.9090909090909092,2.6818181818181817
guj_0764,guj,True,25,41,54,70,1.64,2.16,2.8
guj_0765,guj,True,28,40,47,65,1.4285714285714286,1.6785714285714286,2.3214285714285716
guj_0766,guj,True,23,36,38,52,1.565217391304348,1.6521739130434783,2.260869565217391
guj_0767,guj,True,54,85,100,156,1.5740740740740742,1.8518518518518519,2.888888888888889
guj_0768,guj,True,35,45,60,92,1.2857142857142858,1.7142857142857142,2.6285714285714286
guj_0769,guj,True,36,53,56,82,1.4722222222222223,1.5555555555555556,2.2777777777777777
guj_0770,guj,True,38,45,64,99,1.1842105263157894,1.6842105263157894,2.6052631578947367
guj_0771,guj,True,29,30,42,70,1.0344827586206897,1.4482758620689655,2.413793103448276
guj_0772,guj,True,34,48,56,87,1.411764705882353,1.6470588235294117,2.5588235294117645
guj_0773,guj,True,45,67,68,107,1.488888888888889,1.511111111111111,2.3777777777777778
guj_0774,guj,True,36,50,50,82,1.3888888888888888,1.3888888888888888,2.2777777777777777
guj_0775,guj,True,20,27,32,52,1.35,1.6,2.6
guj_0776,guj,True,28,36,42,55,1.2857142857142858,1.5,1.9642857142857142
guj_0777,guj,True,22,26,30,49,1.1818181818181819,1.3636363636363635,2.227272727272727
guj_0778,guj,True,23,32,40,58,1.391304347826087,1.7391304347826086,2.5217391304347827
guj_0779,guj,True,34,49,62,91,1.4411764705882353,1.8235294117647058,2.676470588235294
guj_0780,guj,True,29,41,51,74,1.4137931034482758,1.7586206896551724,2.5517241379310347
guj_0781,guj,True,14,23,20,37,1.6428571428571428,1.4285714285714286,2.642857142857143
guj_0782,guj,True,23,33,33,50,1.434782608695652,1.434782608695652,2.1739130434782608
guj_0783,guj,True,24,37,45,66,1.5416666666666667,1.875,2.75
guj_0784,guj,True,36,31,37,57,0.8611111111111112,1.0277777777777777,1.5833333333333333
guj_0785,guj,True,44,56,62,93,1.2727272727272727,1.4090909090909092,2.1136363636363638
guj_0786,guj,True,42,58,69,99,1.380952380952381,1.6428571428571428,2.357142857142857
guj_0787,guj,True,22,33,45,63,1.5,2.0454545454545454,2.8636363636363638
guj_0788,guj,True,22,26,29,49,1.1818181818181819,1.3181818181818181,2.227272727272727
guj_0789,guj,True,28,38,42,60,1.3571428571428572,1.5,2.142857142857143
guj_0790,guj,True,43,54,64,91,1.255813953488372,1.4883720930232558,2.116279069767442
guj_0791,guj,True,42,58,70,100,1.380952380952381,1.6666666666666667,2.380952380952381
guj_0792,guj,True,16,20,27,45,1.25,1.6875,2.8125
guj_0793,guj,True,16,21,27,44,1.3125,1.6875,2.75
guj_0794,guj,True,20,30,32,53,1.5,1.6,2.65
guj_0795,guj,True,18,28,27,46,1.5555555555555556,1.5,2.5555555555555554
guj_0796,guj,True,27,29,38,52,1.0740740740740742,1.4074074074074074,1.9259259259259258
guj_0797,guj,True,42,60,74,111,1.4285714285714286,1.7619047619047619,2.642857142857143
guj_0798,guj,True,25,43,46,67,1.72,1.84,2.68
guj_0799,guj,True,32,42,49,79,1.3125,1.53125,2.46875
guj_0800,guj,True,23,33,40,56,1.434782608695652,1.7391304347826086,2.4347826086956523
guj_0801,guj,True,20,22,28,45,1.1,1.4,2.25
guj_0802,guj,True,41,48,66,104,1.170731707317073,1.6097560975609757,2.5365853658536586
guj_0803,guj,True,16,20,25,37,1.25,1.5625,2.3125
guj_0804,guj,True,50,63,77,107,1.26,1.54,2.14
guj_0805,guj,True,28,43,44,74,1.5357142857142858,1.5714285714285714,2.642857142857143
guj_0806,guj,True,25,35,43,67,1.4,1.72,2.68
guj_0807,guj,True,32,50,54,84,1.5625,1.6875,2.625
guj_0808,guj,True,33,58,62,106,1.7575757575757576,1.878787878787879,3.212121212121212
guj_0809,guj,True,45,69,70,106,1.5333333333333334,1.5555555555555556,2.3555555555555556
guj_0810,guj,True,49,55,73,105,1.1224489795918366,1.489795918367347,2.142857142857143
guj_0811,guj,True,44,63,66,94,1.4318181818181819,1.5,2.1363636363636362
guj_0812,guj,True,38,44,61,91,1.1578947368421053,1.605263157894737,2.3947368421052633
guj_0813,guj,True,35,29,33,51,0.8285714285714286,0.9428571428571428,1.457142857142857
guj_0814,guj,True,21,23,31,41,1.0952380952380953,1.4761904761904763,1.9523809523809523
guj_0815,guj,True,15,22,25,43,1.4666666666666666,1.6666666666666667,2.8666666666666667
guj_0816,guj,True,16,23,28,39,1.4375,1.75,2.4375
guj_0817,guj,True,38,48,61,91,1.263157894736842,1.605263157894737,2.3947368421052633
guj_0818,guj,True,28,44,44,77,1.5714285714285714,1.5714285714285714,2.75
guj_0819,guj,True,30,38,46,71,1.2666666666666666,1.5333333333333334,2.3666666666666667
guj_0820,guj,True,24,35,39,60,1.4583333333333333,1.625,2.5
guj_0821,guj,True,45,56,80,108,1.2444444444444445,1.7777777777777777,2.4
guj_0822,guj,True,29,30,41,59,1.0344827586206897,1.4137931034482758,2.0344827586206895
guj_0823,guj,True,35,38,48,62,1.0857142857142856,1.3714285714285714,1.7714285714285714
guj_0824,guj,True,42,58,64,91,1.380952380952381,1.5238095238095237,2.1666666666666665
guj_0825,guj,True,14,29,38,57,2.0714285714285716,2.7142857142857144,4.071428571428571
guj_0826,guj,True,13,20,17,24,1.5384615384615385,1.3076923076923077,1.8461538461538463
guj_0827,guj,True,27,41,48,72,1.5185185185185186,1.7777777777777777,2.6666666666666665
guj_0828,guj,True,35,49,47,80,1.4,1.3428571428571427,2.2857142857142856
guj_0829,guj,True,48,44,57,83,0.9166666666666666,1.1875,1.7291666666666667
guj_0830,guj,True,25,38,40,57,1.52,1.6,2.28
guj_0831,guj,True,26,37,37,56,1.4230769230769231,1.4230769230769231,2.1538461538461537
guj_0832,guj,True,38,53,65,94,1.394736842105263,1.7105263157894737,2.473684210526316
guj_0833,guj,True,23,32,37,50,1.391304347826087,1.608695652173913,2.1739130434782608
guj_0834,guj,True,24,31,33,49,1.2916666666666667,1.375,2.0416666666666665
guj_0835,guj,True,21,33,40,59,1.5714285714285714,1.9047619047619047,2.8095238095238093
guj_0836,guj,True,36,54,56,89,1.5,1.5555555555555556,2.4722222222222223
guj_0837,guj,True,39,52,58,85,1.3333333333333333,1.4871794871794872,2.1794871794871793
guj_0838,guj,True,41,75,85,117,1.829268292682927,2.073170731707317,2.8536585365853657
guj_0839,guj,True,22,22,34,32,1.0,1.5454545454545454,1.4545454545454546
guj_0840,guj,True,32,48,52,77,1.5,1.625,2.40625
guj_0841,guj,True,24,42,50,73,1.75,2.0833333333333335,3.0416666666666665
guj_0842,guj,True,37,37,50,71,1.0,1.3513513513513513,1.9189189189189189
guj_0843,guj,True,20,34,36,53,1.7,1.8,2.65
guj_0844,guj,True,33,55,63,101,1.6666666666666667,1.9090909090909092,3.0606060606060606
guj_0845,guj,True,40,50,63,92,1.25,1.575,2.3
guj_0846,guj,True,45,70,70,110,1.5555555555555556,1.5555555555555556,2.4444444444444446
guj_0847,guj,True,41,54,64,90,1.3170731707317074,1.5609756097560976,2.1951219512195124
guj_0848,guj,True,26,39,44,63,1.5,1.6923076923076923,2.423076923076923
guj_0849,guj,True,35,43,47,66,1.2285714285714286,1.3428571428571427,1.8857142857142857
guj_0850,guj,True,39,62,78,119,1.5897435897435896,2.0,3.051282051282051
guj_0851,guj,True,31,18,20,29,0.5806451612903226,0.6451612903225806,0.9354838709677419
guj_0852,guj,True,17,24,25,38,1.411764705882353,1.4705882352941178,2.235294117647059
guj_0853,guj,True,20,17,22,35,0.85,1.1,1.75
guj_0854,guj,True,41,72,85,121,1.7560975609756098,2.073170731707317,2.951219512195122
guj_0855,guj,True,38,53,67,99,1.394736842105263,1.763157894736842,2.6052631578947367
guj_0856,guj,True,14,22,22,36,1.5714285714285714,1.5714285714285714,2.5714285714285716
guj_0857,guj,True,29,47,64,87,1.6206896551724137,2.206896551724138,3.0
guj_0858,guj,True,33,51,49,85,1.5454545454545454,1.4848484848484849,2.5757575757575757
guj_0859,guj,True,44,63,68,96,1.4318181818181819,1.5454545454545454,2.1818181818181817
guj_0860,guj,True,29,52,61,94,1.793103448275862,2.103448275862069,3.2413793103448274
guj_0861,guj,True,21,33,36,51,1.5714285714285714,1.7142857142857142,2.4285714285714284
guj_0862,guj,True,17,26,29,49,1.5294117647058822,1.7058823529411764,2.8823529411764706
guj_0863,guj,True,36,36,48,72,1.0,1.3333333333333333,2.0
guj_0864,guj,True,16,20,20,40,1.25,1.25,2.5
guj_0865,guj,True,34,48,45,84,1.411764705882353,1.3235294117647058,2.4705882352941178
guj_0866,guj,True,36,44,48,65,1.2222222222222223,1.3333333333333333,1.8055555555555556
guj_0867,guj,True,21,31,33,55,1.4761904761904763,1.5714285714285714,2.619047619047619
guj_0868,guj,True,44,63,74,102,1.4318181818181819,1.6818181818181819,2.3181818181818183
guj_0869,guj,True,25,36,45,61,1.44,1.8,2.44
guj_0870,guj,True,22,28,35,37,1.2727272727272727,1.5909090909090908,1.6818181818181819
guj_0871,guj,True,36,33,43,63,0.9166666666666666,1.1944444444444444,1.75
guj_0872,guj,True,48,43,49,69,0.8958333333333334,1.0208333333333333,1.4375
guj_0873,guj,True,39,51,56,88,1.3076923076923077,1.435897435897436,2.2564102564102564
guj_0874,guj,True,27,45,58,96,1.6666666666666667,2.1481481481481484,3.5555555555555554
guj_0875,guj,True,45,63,67,102,1.4,1.488888888888889,2.2666666666666666
guj_0876,guj,True,24,39,49,73,1.625,2.0416666666666665,3.0416666666666665
guj_0877,guj,True,26,42,50,75,1.6153846153846154,1.9230769230769231,2.8846153846153846
guj_0878,guj,True,23,35,36,58,1.5217391304347827,1.565217391304348,2.5217391304347827
guj_0879,guj,True,29,42,47,70,1.4482758620689655,1.6206896551724137,2.413793103448276
guj_0880,guj,True,25,41,40,56,1.64,1.6,2.24
guj_0881,guj,True,26,40,37,55,1.5384615384615385,1.4230769230769231,2.1153846153846154
guj_0882,guj,True,31,37,41,60,1.1935483870967742,1.3225806451612903,1.935483870967742
guj_0883,guj,True,44,59,63,89,1.3409090909090908,1.4318181818181819,2.022727272727273
guj_0884,guj,True,27,32,36,53,1.1851851851851851,1.3333333333333333,1.962962962962963
guj_0885,guj,True,35,41,55,84,1.1714285714285715,1.5714285714285714,2.4
guj_0886,guj,True,18,28,31,49,1.5555555555555556,1.7222222222222223,2.7222222222222223
guj_0887,guj,True,40,57,61,100,1.425,1.525,2.5
guj_0888,guj,True,36,51,48,76,1.4166666666666667,1.3333333333333333,2.111111111111111
guj_0889,guj,True,30,44,55,82,1.4666666666666666,1.8333333333333333,2.7333333333333334
guj_0890,guj,True,23,35,34,53,1.5217391304347827,1.4782608695652173,2.3043478260869565
guj_0891,guj,True,25,37,49,74,1.48,1.96,2.96
guj_0892,guj,True,26,37,57,79,1.4230769230769231,2.1923076923076925,3.0384615384615383
guj_0893,guj,True,25,43,51,80,1.72,2.04,3.2
guj_0894,guj,True,20,11,13,20,0.55,0.65,1.0
guj_0895,guj,True,19,31,32,54,1.631578947368421,1.6842105263157894,2.8421052631578947
guj_0896,guj,True,40,49,62,90,1.225,1.55,2.25
guj_0897,guj,True,16,20,23,36,1.25,1.4375,2.25
guj_0898,guj,True,31,36,40,63,1.1612903225806452,1.2903225806451613,2.032258064516129
guj_0899,guj,True,17,27,29,45,1.588235294117647,1.7058823529411764,2.6470588235294117
guj_0900,guj,True,13,23,25,34,1.7692307692307692,1.9230769230769231,2.6153846153846154
guj_0901,guj,True,13,21,23,33,1.6153846153846154,1.7692307692307692,2.5384615384615383
guj_0902,guj,True,36,44,51,75,1.2222222222222223,1.4166666666666667,2.0833333333333335
guj_0903,guj,True,13,21,25,38,1.6153846153846154,1.9230769230769231,2.923076923076923
guj_0904,guj,True,26,31,48,69,1.1923076923076923,1.8461538461538463,2.6538461538461537
guj_0905,guj,True,26,40,47,69,1.5384615384615385,1.8076923076923077,2.6538461538461537
guj_0906,guj,True,16,16,23,31,1.0,1.4375,1.9375
guj_0907,guj,True,24,29,30,43,1.2083333333333333,1.25,1.7916666666666667
guj_0908,guj,True,13,21,23,30,1.6153846153846154,1.7692307692307692,2.3076923076923075
guj_0909,guj,True,22,26,35,30,1.1818181818181819,1.5909090909090908,1.3636363636363635
guj_0910,guj,True,29,40,45,65,1.3793103448275863,1.5517241379310345,2.2413793103448274
guj_0911,guj,True,25,33,38,57,1.32,1.52,2.28
guj_0912,guj,True,27,31,38,52,1.1481481481481481,1.4074074074074074,1.9259259259259258
guj_0913,guj,True,18,22,24,38,1.2222222222222223,1.3333333333333333,2.111111111111111
guj_0914,guj,True,22,21,27,45,0.9545454545454546,1.2272727272727273,2.0454545454545454
guj_0915,guj,True,30,27,27,37,0.9,0.9,1.2333333333333334
guj_0916,guj,True,44,54,58,77,1.2272727272727273,1.3181818181818181,1.75
guj_0917,guj,True,27,39,47,66,1.4444444444444444,1.7407407407407407,2.4444444444444446
guj_0918,guj,True,38,45,61,80,1.1842105263157894,1.605263157894737,2.1052631578947367
guj_0919,guj,True,17,23,27,41,1.3529411764705883,1.588235294117647,2.411764705882353
guj_0920,guj,True,24,36,37,59,1.5,1.5416666666666667,2.4583333333333335
guj_0921,guj,True,26,36,55,79,1.3846153846153846,2.1153846153846154,3.0384615384615383
guj_0922,guj,True,34,49,52,84,1.4411764705882353,1.5294117647058822,2.4705882352941178
guj_0923,guj,True,50,64,76,103,1.28,1.52,2.06
guj_0924,guj,True,20,27,27,48,1.35,1.35,2.4
guj_0925,guj,True,36,46,63,86,1.2777777777777777,1.75,2.388888888888889
guj_0926,guj,True,54,79,89,136,1.462962962962963,1.6481481481481481,2.5185185185185186
guj_0927,guj,True,37,48,66,96,1.2972972972972974,1.7837837837837838,2.5945945945945947
guj_0928,guj,True,43,55,67,94,1.2790697674418605,1.558139534883721,2.186046511627907
guj_0929,guj,True,31,40,53,78,1.2903225806451613,1.7096774193548387,2.5161290322580645
guj_0930,guj,True,33,39,46,71,1.1818181818181819,1.393939393939394,2.1515151515151514
guj_0931,guj,True,25,31,29,50,1.24,1.16,2.0
guj_0932,guj,True,30,42,45,62,1.4,1.5,2.066666666666667
guj_0933,guj,True,49,59,72,109,1.2040816326530612,1.469387755102041,2.2244897959183674
guj_0934,guj,True,39,56,77,117,1.435897435897436,1.9743589743589745,3.0
guj_0935,guj,True,31,56,61,84,1.8064516129032258,1.967741935483871,2.7096774193548385
guj_0936,guj,True,27,42,45,69,1.5555555555555556,1.6666666666666667,2.5555555555555554
guj_0937,guj,True,41,54,59,94,1.3170731707317074,1.4390243902439024,2.292682926829268
guj_0938,guj,True,19,25,28,41,1.3157894736842106,1.4736842105263157,2.1578947368421053
guj_0939,guj,True,41,49,49,84,1.1951219512195121,1.1951219512195121,2.048780487804878
guj_0940,guj,True,26,33,44,53,1.2692307692307692,1.6923076923076923,2.0384615384615383
guj_0941,guj,True,42,58,66,91,1.380952380952381,1.5714285714285714,2.1666666666666665
guj_0942,guj,True,31,23,27,41,0.7419354838709677,0.8709677419354839,1.3225806451612903
guj_0943,guj,True,23,35,35,56,1.5217391304347827,1.5217391304347827,2.4347826086956523
guj_0944,guj,True,17,25,26,38,1.4705882352941178,1.5294117647058822,2.235294117647059
guj_0945,guj,True,18,23,25,38,1.2777777777777777,1.3888888888888888,2.111111111111111
guj_0946,guj,True,45,75,85,129,1.6666666666666667,1.8888888888888888,2.8666666666666667
guj_0947,guj,True,50,83,93,154,1.66,1.86,3.08
guj_0948,guj,True,25,35,42,60,1.4,1.68,2.4
guj_0949,guj,True,29,39,45,71,1.3448275862068966,1.5517241379310345,2.4482758620689653
guj_0950,guj,True,26,35,51,74,1.3461538461538463,1.9615384615384615,2.8461538461538463
guj_0951,guj,True,16,21,30,47,1.3125,1.875,2.9375
guj_0952,guj,True,38,60,69,102,1.5789473684210527,1.8157894736842106,2.6842105263157894
guj_0953,guj,True,21,26,30,43,1.2380952380952381,1.4285714285714286,2.0476190476190474
guj_0954,guj,True,50,60,72,105,1.2,1.44,2.1
guj_0955,guj,True,27,37,50,82,1.3703703703703705,1.8518518518518519,3.037037037037037
guj_0956,guj,True,38,66,72,124,1.736842105263158,1.894736842105263,3.263157894736842
guj_0957,guj,True,17,25,28,36,1.4705882352941178,1.6470588235294117,2.1176470588235294
guj_0958,guj,True,18,19,24,38,1.0555555555555556,1.3333333333333333,2.111111111111111
guj_0959,guj,True,29,38,52,74,1.3103448275862069,1.793103448275862,2.5517241379310347
guj_0960,guj,True,17,29,35,54,1.7058823529411764,2.0588235294117645,3.176470588235294
guj_0961,guj,True,25,38,44,69,1.52,1.76,2.76
guj_0962,guj,True,24,42,50,73,1.75,2.0833333333333335,3.0416666666666665
guj_0963,guj,True,25,43,42,61,1.72,1.68,2.44
guj_0964,guj,True,17,20,25,40,1.1764705882352942,1.4705882352941178,2.3529411764705883
guj_0965,guj,True,29,41,47,68,1.4137931034482758,1.6206896551724137,2.3448275862068964
guj_0966,guj,True,36,42,54,79,1.1666666666666667,1.5,2.1944444444444446
guj_0967,guj,True,43,51,58,93,1.186046511627907,1.3488372093023255,2.1627906976744184
guj_0968,guj,True,20,38,37,55,1.9,1.85,2.75
guj_0969,guj,True,18,26,30,49,1.4444444444444444,1.6666666666666667,2.7222222222222223
guj_0970,guj,True,34,41,48,75,1.2058823529411764,1.411764705882353,2.2058823529411766
guj_0971,guj,True,29,27,39,62,0.9310344827586207,1.3448275862068966,2.1379310344827585
guj_0972,guj,True,39,68,73,111,1.7435897435897436,1.8717948717948718,2.8461538461538463
guj_0973,guj,True,20,34,37,52,1.7,1.85,2.6
guj_0974,guj,True,24,33,43,66,1.375,1.7916666666666667,2.75
guj_0975,guj,True,36,44,48,74,1.2222222222222223,1.3333333333333333,2.0555555555555554
guj_0976,guj,True,11,14,22,31,1.2727272727272727,2.0,2.8181818181818183
guj_0977,guj,True,36,60,72,106,1.6666666666666667,2.0,2.9444444444444446
guj_0978,guj,True,26,38,48,73,1.4615384615384615,1.8461538461538463,2.8076923076923075
guj_0979,guj,True,43,60,72,103,1.3953488372093024,1.6744186046511629,2.395348837209302
guj_0980,guj,True,17,29,36,46,1.7058823529411764,2.1176470588235294,2.7058823529411766
guj_0981,guj,True,34,49,52,77,1.4411764705882353,1.5294117647058822,2.264705882352941
guj_0982,guj,True,29,45,49,78,1.5517241379310345,1.6896551724137931,2.689655172413793
guj_0983,guj,True,24,36,44,67,1.5,1.8333333333333333,2.7916666666666665
guj_0984,guj,True,25,33,31,45,1.32,1.24,1.8
guj_0985,guj,True,41,66,62,88,1.6097560975609757,1.5121951219512195,2.1463414634146343
guj_0986,guj,True,21,36,42,66,1.7142857142857142,2.0,3.142857142857143
guj_0987,guj,True,25,39,44,64,1.56,1.76,2.56
guj_0988,guj,True,16,19,21,34,1.1875,1.3125,2.125
guj_0989,guj,True,22,34,39,58,1.5454545454545454,1.7727272727272727,2.6363636363636362
guj_0990,guj,True,36,65,71,112,1.8055555555555556,1.9722222222222223,3.111111111111111
guj_0991,guj,True,54,79,96,130,1.462962962962963,1.7777777777777777,2.4074074074074074
guj_0992,guj,True,40,59,65,103,1.475,1.625,2.575
guj_0993,guj,True,35,56,55,86,1.6,1.5714285714285714,2.4571428571428573
guj_0994,guj,True,26,30,35,50,1.1538461538461537,1.3461538461538463,1.9230769230769231
guj_0995,guj,True,42,61,76,113,1.4523809523809523,1.8095238095238095,2.6904761904761907
guj_0996,guj,True,17,17,23,32,1.0,1.3529411764705883,1.8823529411764706
guj_0997,guj,True,21,29,35,52,1.380952380952381,1.6666666666666667,2.4761904761904763
guj_0998,guj,True,32,38,47,77,1.1875,1.46875,2.40625
guj_0999,guj,True,45,54,78,111,1.2,1.7333333333333334,2.466666666666667
guj_1000,guj,True,42,55,59,92,1.3095238095238095,1.4047619047619047,2.1904761904761907
guj_1001,guj,True,32,46,63,93,1.4375,1.96875,2.90625
guj_1002,guj,True,18,23,24,38,1.2777777777777777,1.3333333333333333,2.111111111111111
guj_1003,guj,True,71,94,123,184,1.323943661971831,1.732394366197183,2.591549295774648
guj_1004,guj,True,48,59,63,92,1.2291666666666667,1.3125,1.9166666666666667
guj_1005,guj,True,19,32,31,51,1.6842105263157894,1.631578947368421,2.6842105263157894
guj_1006,guj,True,18,16,24,38,0.8888888888888888,1.3333333333333333,2.111111111111111
guj_1007,guj,True,18,21,21,32,1.1666666666666667,1.1666666666666667,1.7777777777777777
guj_1008,guj,True,30,39,41,63,1.3,1.3666666666666667,2.1
guj_1009,guj,True,13,19,20,24,1.4615384615384615,1.5384615384615385,1.8461538461538463
guj_1010,guj,True,29,46,46,75,1.5862068965517242,1.5862068965517242,2.586206896551724
guj_1011,guj,True,13,21,23,30,1.6153846153846154,1.7692307692307692,2.3076923076923075
guj_1012,guj,True,26,35,44,64,1.3461538461538463,1.6923076923076923,2.4615384615384617
guj_1013,guj,True,26,35,48,71,1.3461538461538463,1.8461538461538463,2.730769230769231
guj_1014,guj,True,25,36,38,63,1.44,1.52,2.52
guj_1015,guj,True,29,46,52,71,1.5862068965517242,1.793103448275862,2.4482758620689653
guj_1016,guj,True,35,47,43,70,1.3428571428571427,1.2285714285714286,2.0
guj_1017,guj,True,18,24,23,37,1.3333333333333333,1.2777777777777777,2.0555555555555554
guj_1018,guj,True,17,24,29,47,1.411764705882353,1.7058823529411764,2.764705882352941
guj_1019,guj,True,50,70,80,125,1.4,1.6,2.5
guj_1020,guj,True,23,32,32,52,1.391304347826087,1.391304347826087,2.260869565217391
guj_1021,guj,True,21,37,46,64,1.7619047619047619,2.1904761904761907,3.0476190476190474
guj_1022,guj,True,34,50,60,94,1.4705882352941178,1.7647058823529411,2.764705882352941
guj_1023,guj,True,24,29,35,61,1.2083333333333333,1.4583333333333333,2.5416666666666665
guj_1024,guj,True,28,35,40,68,1.25,1.4285714285714286,2.4285714285714284
guj_1025,guj,True,31,48,53,81,1.5483870967741935,1.7096774193548387,2.6129032258064515
guj_1026,guj,True,25,37,43,67,1.48,1.72,2.68
guj_1027,guj,True,39,25,29,44,0.6410256410256411,0.7435897435897436,1.1282051282051282
guj_1028,guj,True,18,25,35,51,1.3888888888888888,1.9444444444444444,2.8333333333333335
guj_1029,guj,True,13,19,21,28,1.4615384615384615,1.6153846153846154,2.1538461538461537
guj_1030,guj,True,49,56,74,106,1.1428571428571428,1.510204081632653,2.163265306122449
guj_1031,guj,True,22,29,38,59,1.3181818181818181,1.7272727272727273,2.6818181818181817
guj_1032,guj,True,41,75,84,120,1.829268292682927,2.048780487804878,2.926829268292683
guj_1033,guj,True,43,54,62,92,1.255813953488372,1.441860465116279,2.13953488372093
guj_1034,guj,True,14,26,29,46,1.8571428571428572,2.0714285714285716,3.2857142857142856
guj_1035,guj,True,38,49,61,91,1.2894736842105263,1.605263157894737,2.3947368421052633
guj_1036,guj,True,24,33,41,62,1.375,1.7083333333333333,2.5833333333333335
guj_1037,guj,True,41,52,60,96,1.2682926829268293,1.4634146341463414,2.341463414634146
guj_1038,guj,True,20,23,30,48,1.15,1.5,2.4
guj_1039,guj,True,23,38,43,56,1.6521739130434783,1.8695652173913044,2.4347826086956523
guj_1040,guj,True,31,36,44,62,1.1612903225806452,1.4193548387096775,2.0
guj_1041,guj,True,42,59,72,105,1.4047619047619047,1.7142857142857142,2.5
guj_1042,guj,True,35,52,69,107,1.4857142857142858,1.9714285714285715,3.057142857142857
guj_1043,guj,True,35,45,45,63,1.2857142857142858,1.2857142857142858,1.8
guj_1044,guj,True,24,41,48,73,1.7083333333333333,2.0,3.0416666666666665
guj_1045,guj,True,19,24,30,46,1.263157894736842,1.5789473684210527,2.4210526315789473
guj_1046,guj,True,43,55,59,92,1.2790697674418605,1.372093023255814,2.13953488372093
guj_1047,guj,True,34,45,57,85,1.3235294117647058,1.6764705882352942,2.5
guj_1048,guj,True,14,23,21,34,1.6428571428571428,1.5,2.4285714285714284
guj_1049,guj,True,33,49,53,80,1.4848484848484849,1.606060606060606,2.4242424242424243
guj_1050,guj,True,24,33,39,71,1.375,1.625,2.9583333333333335
guj_1051,guj,True,13,22,23,34,1.6923076923076923,1.7692307692307692,2.6153846153846154
guj_1052,guj,True,28,41,47,68,1.4642857142857142,1.6785714285714286,2.4285714285714284
guj_1053,guj,True,29,47,49,78,1.6206896551724137,1.6896551724137931,2.689655172413793
guj_1054,guj,True,23,35,38,54,1.5217391304347827,1.6521739130434783,2.347826086956522
guj_1055,guj,True,29,39,50,73,1.3448275862068966,1.7241379310344827,2.5172413793103448
guj_1056,guj,True,27,35,39,54,1.2962962962962963,1.4444444444444444,2.0
guj_1057,guj,True,24,42,47,71,1.75,1.9583333333333333,2.9583333333333335
guj_1058,guj,True,26,29,40,49,1.1153846153846154,1.5384615384615385,1.8846153846153846
guj_1059,guj,True,40,61,65,95,1.525,1.625,2.375
guj_1060,guj,True,29,36,44,70,1.2413793103448276,1.5172413793103448,2.413793103448276
guj_1061,guj,True,28,36,42,61,1.2857142857142858,1.5,2.1785714285714284
guj_1062,guj,True,27,38,46,68,1.4074074074074074,1.7037037037037037,2.5185185185185186
guj_1063,guj,True,17,29,33,49,1.7058823529411764,1.9411764705882353,2.8823529411764706
guj_1064,guj,True,26,42,55,80,1.6153846153846154,2.1153846153846154,3.076923076923077
guj_1065,guj,True,41,75,79,116,1.829268292682927,1.9268292682926829,2.8292682926829267
guj_1066,guj,True,54,77,86,120,1.4259259259259258,1.5925925925925926,2.2222222222222223
guj_1067,guj,True,38,52,60,86,1.368421052631579,1.5789473684210527,2.263157894736842
guj_1068,guj,True,33,58,58,98,1.7575757575757576,1.7575757575757576,2.9696969696969697
guj_1069,guj,True,16,16,23,30,1.0,1.4375,1.875
guj_1070,guj,True,20,25,27,49,1.25,1.35,2.45
guj_1071,guj,True,37,47,54,76,1.2702702702702702,1.4594594594594594,2.054054054054054
guj_1072,guj,True,47,57,71,109,1.2127659574468086,1.5106382978723405,2.3191489361702127
guj_1073,guj,True,37,58,64,95,1.5675675675675675,1.7297297297297298,2.5675675675675675
guj_1074,guj,True,28,41,46,60,1.4642857142857142,1.6428571428571428,2.142857142857143
guj_1075,guj,True,37,57,66,94,1.5405405405405406,1.7837837837837838,2.5405405405405403
guj_1076,guj,True,23,36,37,53,1.565217391304348,1.608695652173913,2.3043478260869565
guj_1077,guj,True,22,32,41,56,1.4545454545454546,1.8636363636363635,2.5454545454545454
guj_1078,guj,True,16,17,22,30,1.0625,1.375,1.875
guj_1079,guj,True,29,41,50,75,1.4137931034482758,1.7241379310344827,2.586206896551724
guj_1080,guj,True,22,34,41,42,1.5454545454545454,1.8636363636363635,1.9090909090909092
guj_1081,guj,True,20,26,31,48,1.3,1.55,2.4
guj_1082,guj,True,31,34,38,63,1.096774193548387,1.2258064516129032,2.032258064516129
guj_1083,guj,True,21,18,26,38,0.8571428571428571,1.2380952380952381,1.8095238095238095
guj_1084,guj,True,34,44,51,85,1.2941176470588236,1.5,2.5
guj_1085,guj,True,36,60,67,108,1.6666666666666667,1.8611111111111112,3.0
guj_1086,guj,True,17,26,33,52,1.5294117647058822,1.9411764705882353,3.0588235294117645
guj_1087,guj,True,27,33,38,53,1.2222222222222223,1.4074074074074074,1.962962962962963
guj_1088,guj,True,33,53,63,102,1.606060606060606,1.9090909090909092,3.090909090909091
guj_1089,guj,True,31,37,49,72,1.1935483870967742,1.5806451612903225,2.3225806451612905
guj_1090,guj,True,31,57,58,85,1.8387096774193548,1.8709677419354838,2.7419354838709675
guj_1091,guj,True,35,54,62,94,1.542857142857143,1.7714285714285714,2.6857142857142855
guj_1092,guj,True,38,54,64,90,1.4210526315789473,1.6842105263157894,2.3684210526315788
guj_1093,guj,True,23,36,40,56,1.565217391304348,1.7391304347826086,2.4347826086956523
guj_1094,guj,True,41,54,60,98,1.3170731707317074,1.4634146341463414,2.3902439024390243
guj_1095,guj,True,21,29,37,60,1.380952380952381,1.7619047619047619,2.857142857142857
guj_1096,guj,True,26,31,40,59,1.1923076923076923,1.5384615384615385,2.269230769230769
guj_1097,guj,True,33,37,48,83,1.121212121212121,1.4545454545454546,2.515151515151515
guj_1098,guj,True,38,59,67,111,1.5526315789473684,1.763157894736842,2.9210526315789473
guj_1099,guj,True,16,21,27,34,1.3125,1.6875,2.125
guj_1100,guj,True,15,18,24,37,1.2,1.6,2.466666666666667
guj_1101,guj,True,43,67,72,112,1.558139534883721,1.6744186046511629,2.604651162790698
guj_1102,guj,True,40,60,65,101,1.5,1.625,2.525
guj_1103,guj,True,18,18,23,37,1.0,1.2777777777777777,2.0555555555555554
guj_1104,guj,True,33,48,52,86,1.4545454545454546,1.5757575757575757,2.606060606060606
guj_1105,guj,True,36,46,64,87,1.2777777777777777,1.7777777777777777,2.4166666666666665
guj_1106,guj,True,17,24,26,38,1.411764705882353,1.5294117647058822,2.235294117647059
guj_1107,guj,True,37,50,58,78,1.3513513513513513,1.5675675675675675,2.108108108108108
guj_1108,guj,True,18,26,28,45,1.4444444444444444,1.5555555555555556,2.5
guj_1109,guj,True,40,60,65,105,1.5,1.625,2.625
guj_1110,guj,True,49,63,77,110,1.2857142857142858,1.5714285714285714,2.2448979591836733
guj_1111,guj,True,13,20,21,27,1.5384615384615385,1.6153846153846154,2.076923076923077
guj_1112,guj,True,27,37,48,78,1.3703703703703705,1.7777777777777777,2.888888888888889
guj_1113,guj,True,41,79,83,122,1.9268292682926829,2.024390243902439,2.975609756097561
guj_1114,guj,True,32,47,70,108,1.46875,2.1875,3.375
guj_1115,guj,True,28,38,45,67,1.3571428571428572,1.6071428571428572,2.392857142857143
guj_1116,guj,True,36,23,28,41,0.6388888888888888,0.7777777777777778,1.1388888888888888
guj_1117,guj,True,24,25,25,39,1.0416666666666667,1.0416666666666667,1.625
guj_1118,guj,True,26,31,53,82,1.1923076923076923,2.0384615384615383,3.1538461538461537
guj_1119,guj,True,25,22,27,43,0.88,1.08,1.72
guj_1120,guj,True,29,50,46,76,1.7241379310344827,1.5862068965517242,2.6206896551724137
guj_1121,guj,True,19,22,24,39,1.1578947368421053,1.263157894736842,2.0526315789473686
guj_1122,guj,True,32,40,48,81,1.25,1.5,2.53125
guj_1123,guj,True,75,113,116,163,1.5066666666666666,1.5466666666666666,2.1733333333333333
guj_1124,guj,True,28,41,44,64,1.4642857142857142,1.5714285714285714,2.2857142857142856
guj_1125,guj,True,38,52,63,87,1.368421052631579,1.6578947368421053,2.289473684210526
guj_1126,guj,True,38,45,61,86,1.1842105263157894,1.605263157894737,2.263157894736842
guj_1127,guj,True,20,26,30,56,1.3,1.5,2.8
guj_1128,guj,True,20,23,31,46,1.15,1.55,2.3
guj_1129,guj,True,21,31,36,63,1.4761904761904763,1.7142857142857142,3.0
guj_1130,guj,True,40,50,52,74,1.25,1.3,1.85
guj_1131,guj,True,23,39,36,53,1.6956521739130435,1.565217391304348,2.3043478260869565
guj_1132,guj,True,21,39,47,75,1.8571428571428572,2.238095238095238,3.5714285714285716
guj_1133,guj,True,26,37,36,56,1.4230769230769231,1.3846153846153846,2.1538461538461537
guj_1134,guj,True,27,38,53,78,1.4074074074074074,1.962962962962963,2.888888888888889
guj_1135,guj,True,38,47,56,83,1.236842105263158,1.4736842105263157,2.1842105263157894
guj_1136,guj,True,75,92,97,118,1.2266666666666666,1.2933333333333332,1.5733333333333333
guj_1137,guj,True,24,29,33,49,1.2083333333333333,1.375,2.0416666666666665
guj_1138,guj,True,71,82,117,172,1.1549295774647887,1.647887323943662,2.4225352112676055
guj_1139,guj,True,33,65,75,120,1.9696969696969697,2.272727272727273,3.6363636363636362
guj_1140,guj,True,20,29,33,49,1.45,1.65,2.45
guj_1141,guj,True,13,13,14,18,1.0,1.0769230769230769,1.3846153846153846
guj_1142,guj,True,21,30,35,59,1.4285714285714286,1.6666666666666667,2.8095238095238093
guj_1143,guj,True,33,37,44,71,1.121212121212121,1.3333333333333333,2.1515151515151514
guj_1144,guj,True,42,54,52,73,1.2857142857142858,1.2380952380952381,1.7380952380952381
guj_1145,guj,True,29,42,50,75,1.4482758620689655,1.7241379310344827,2.586206896551724
guj_1146,guj,True,15,29,28,40,1.9333333333333333,1.8666666666666667,2.6666666666666665
guj_1147,guj,True,29,41,48,71,1.4137931034482758,1.6551724137931034,2.4482758620689653
guj_1148,guj,True,11,17,17,24,1.5454545454545454,1.5454545454545454,2.1818181818181817
guj_1149,guj,True,32,38,49,80,1.1875,1.53125,2.5
guj_1150,guj,True,21,25,38,52,1.1904761904761905,1.8095238095238095,2.4761904761904763
guj_1151,guj,True,23,32,36,58,1.391304347826087,1.565217391304348,2.5217391304347827
guj_1152,guj,True,16,21,22,34,1.3125,1.375,2.125
guj_1153,guj,True,22,36,43,65,1.6363636363636365,1.9545454545454546,2.9545454545454546
guj_1154,guj,True,20,34,37,60,1.7,1.85,3.0
guj_1155,guj,True,34,51,54,91,1.5,1.588235294117647,2.676470588235294
guj_1156,guj,True,35,38,53,81,1.0857142857142856,1.5142857142857142,2.3142857142857145
guj_1157,guj,True,39,56,61,103,1.435897435897436,1.564102564102564,2.641025641025641
guj_1158,guj,True,45,60,79,111,1.3333333333333333,1.7555555555555555,2.466666666666667
guj_1159,guj,True,33,51,58,99,1.5454545454545454,1.7575757575757576,3.0
guj_1160,guj,True,28,32,41,53,1.1428571428571428,1.4642857142857142,1.8928571428571428
guj_1161,guj,True,48,87,93,137,1.8125,1.9375,2.8541666666666665
guj_1162,guj,True,36,36,41,61,1.0,1.1388888888888888,1.6944444444444444
guj_1163,guj,True,36,49,58,78,1.3611111111111112,1.6111111111111112,2.1666666666666665
guj_1164,guj,True,26,36,34,52,1.3846153846153846,1.3076923076923077,2.0
guj_1165,guj,True,18,21,25,34,1.1666666666666667,1.3888888888888888,1.8888888888888888
guj_1166,guj,True,21,30,34,52,1.4285714285714286,1.619047619047619,2.4761904761904763
guj_1167,guj,True,24,34,33,54,1.4166666666666667,1.375,2.25
guj_1168,guj,True,31,40,47,72,1.2903225806451613,1.5161290322580645,2.3225806451612905
guj_1169,guj,True,28,41,46,65,1.4642857142857142,1.6428571428571428,2.3214285714285716
guj_1170,guj,True,25,43,46,67,1.72,1.84,2.68
guj_1171,guj,True,28,46,43,76,1.6428571428571428,1.5357142857142858,2.7142857142857144
guj_1172,guj,True,29,30,41,63,1.0344827586206897,1.4137931034482758,2.1724137931034484
guj_1173,guj,True,27,37,36,50,1.3703703703703705,1.3333333333333333,1.8518518518518519
guj_1174,guj,True,24,27,35,52,1.125,1.4583333333333333,2.1666666666666665
guj_1175,guj,True,22,36,41,66,1.6363636363636365,1.8636363636363635,3.0
guj_1176,guj,True,45,69,68,99,1.5333333333333334,1.511111111111111,2.2
guj_1177,guj,True,30,41,48,72,1.3666666666666667,1.6,2.4
guj_1178,guj,True,38,44,57,82,1.1578947368421053,1.5,2.1578947368421053
guj_1179,guj,True,48,55,66,102,1.1458333333333333,1.375,2.125
guj_1180,guj,True,38,52,65,83,1.368421052631579,1.7105263157894737,2.1842105263157894
guj_1181,guj,True,35,61,63,93,1.7428571428571429,1.8,2.657142857142857
guj_1182,guj,True,35,48,45,73,1.3714285714285714,1.2857142857142858,2.085714285714286
guj_1183,guj,True,33,41,52,79,1.2424242424242424,1.5757575757575757,2.393939393939394
guj_1184,guj,True,40,45,56,92,1.125,1.4,2.3
guj_1185,guj,True,23,29,31,48,1.2608695652173914,1.3478260869565217,2.0869565217391304
guj_1186,guj,True,21,26,38,58,1.2380952380952381,1.8095238095238095,2.761904761904762
guj_1187,guj,True,25,33,31,47,1.32,1.24,1.88
guj_1188,guj,True,11,18,17,24,1.6363636363636365,1.5454545454545454,2.1818181818181817
guj_1189,guj,True,14,17,22,32,1.2142857142857142,1.5714285714285714,2.2857142857142856
guj_1190,guj,True,22,38,42,42,1.7272727272727273,1.9090909090909092,1.9090909090909092
guj_1191,guj,True,25,46,50,78,1.84,2.0,3.12
guj_1192,guj,True,37,51,60,81,1.3783783783783783,1.6216216216216217,2.189189189189189
guj_1193,guj,True,22,22,25,43,1.0,1.1363636363636365,1.9545454545454546
guj_1194,guj,True,25,42,51,79,1.68,2.04,3.16
guj_1195,guj,True,37,32,40,62,0.8648648648648649,1.0810810810810811,1.6756756756756757
guj_1196,guj,True,33,52,50,85,1.5757575757575757,1.5151515151515151,2.5757575757575757
guj_1197,guj,True,11,15,20,31,1.3636363636363635,1.8181818181818181,2.8181818181818183
guj_1198,guj,True,23,36,36,56,1.565217391304348,1.565217391304348,2.4347826086956523
guj_1199,guj,True,25,40,45,69,1.6,1.8,2.76
guj_1200,guj,True,36,64,78,120,1.7777777777777777,2.1666666666666665,3.3333333333333335
guj_1201,guj,True,24,19,22,34,0.7916666666666666,0.9166666666666666,1.4166666666666667
guj_1202,guj,True,42,58,64,99,1.380952380952381,1.5238095238095237,2.357142857142857
guj_1203,guj,True,54,78,89,127,1.4444444444444444,1.6481481481481481,2.3518518518518516
guj_1204,guj,True,40,56,62,91,1.4,1.55,2.275
guj_1205,guj,True,29,48,63,96,1.6551724137931034,2.1724137931034484,3.310344827586207
guj_1206,guj,True,20,27,35,50,1.35,1.75,2.5
guj_1207,guj,True,37,45,61,87,1.2162162162162162,1.6486486486486487,2.3513513513513513
guj_1208,guj,True,33,46,54,73,1.393939393939394,1.6363636363636365,2.212121212121212
guj_1209,guj,True,24,33,32,55,1.375,1.3333333333333333,2.2916666666666665
guj_1210,guj,True,21,36,42,60,1.7142857142857142,2.0,2.857142857142857
guj_1211,guj,True,54,73,87,129,1.3518518518518519,1.6111111111111112,2.388888888888889
guj_1212,guj,True,42,58,68,103,1.380952380952381,1.619047619047619,2.4523809523809526
guj_1213,guj,True,28,44,44,64,1.5714285714285714,1.5714285714285714,2.2857142857142856
guj_1214,guj,True,21,29,35,58,1.380952380952381,1.6666666666666667,2.761904761904762
guj_1215,guj,True,26,30,52,73,1.1538461538461537,2.0,2.8076923076923075
guj_1216,guj,True,26,33,41,56,1.2692307692307692,1.5769230769230769,2.1538461538461537
guj_1217,guj,True,54,73,90,133,1.3518518518518519,1.6666666666666667,2.462962962962963
guj_1218,guj,True,25,41,48,68,1.64,1.92,2.72
guj_1219,guj,True,21,31,34,50,1.4761904761904763,1.619047619047619,2.380952380952381
guj_1220,guj,True,11,12,21,28,1.0909090909090908,1.9090909090909092,2.5454545454545454
guj_1221,guj,True,13,20,17,24,1.5384615384615385,1.3076923076923077,1.8461538461538463
guj_1222,guj,True,18,22,24,37,1.2222222222222223,1.3333333333333333,2.0555555555555554
guj_1223,guj,True,48,78,78,126,1.625,1.625,2.625
guj_1224,guj,True,25,35,42,62,1.4,1.68,2.48
guj_1225,guj,True,13,19,21,32,1.4615384615384615,1.6153846153846154,2.4615384615384617
guj_1226,guj,True,31,42,51,75,1.3548387096774193,1.6451612903225807,2.4193548387096775
guj_1227,guj,True,21,32,39,62,1.5238095238095237,1.8571428571428572,2.9523809523809526
guj_1228,guj,True,36,48,52,82,1.3333333333333333,1.4444444444444444,2.2777777777777777
guj_1229,guj,True,39,45,55,84,1.1538461538461537,1.4102564102564104,2.1538461538461537
guj_1230,guj,True,29,38,45,71,1.3103448275862069,1.5517241379310345,2.4482758620689653
guj_1231,guj,True,36,43,52,74,1.1944444444444444,1.4444444444444444,2.0555555555555554
guj_1232,guj,True,16,19,25,41,1.1875,1.5625,2.5625
guj_1233,guj,True,36,50,56,81,1.3888888888888888,1.5555555555555556,2.25
guj_1234,guj,True,30,39,42,61,1.3,1.4,2.033333333333333
guj_1235,guj,True,26,37,37,57,1.4230769230769231,1.4230769230769231,2.1923076923076925
guj_1236,guj,True,25,41,47,72,1.64,1.88,2.88
guj_1237,guj,True,29,45,49,67,1.5517241379310345,1.6896551724137931,2.310344827586207
guj_1238,guj,True,29,41,39,54,1.4137931034482758,1.3448275862068966,1.8620689655172413
guj_1239,guj,True,38,63,67,116,1.6578947368421053,1.763157894736842,3.0526315789473686
guj_1240,guj,True,25,38,52,70,1.52,2.08,2.8
guj_1241,guj,True,28,31,36,54,1.1071428571428572,1.2857142857142858,1.9285714285714286
guj_1242,guj,True,29,40,48,68,1.3793103448275863,1.6551724137931034,2.3448275862068964
guj_1243,guj,True,25,33,41,60,1.32,1.64,2.4
guj_1244,guj,True,33,55,61,102,1.6666666666666667,1.8484848484848484,3.090909090909091
guj_1245,guj,True,26,31,34,45,1.1923076923076923,1.3076923076923077,1.7307692307692308
guj_1246,guj,True,22,33,42,56,1.5,1.9090909090909092,2.5454545454545454
guj_1247,guj,True,33,42,47,73,1.2727272727272727,1.4242424242424243,2.212121212121212
guj_1248,guj,True,26,31,34,53,1.1923076923076923,1.3076923076923077,2.0384615384615383
guj_1249,guj,True,22,35,40,62,1.5909090909090908,1.8181818181818181,2.8181818181818183
guj_1250,guj,True,14,17,22,32,1.2142857142857142,1.5714285714285714,2.2857142857142856
guj_1251,guj,True,19,24,27,36,1.263157894736842,1.4210526315789473,1.894736842105263
guj_1252,guj,True,27,39,55,81,1.4444444444444444,2.037037037037037,3.0
guj_1253,guj,True,18,17,23,38,0.9444444444444444,1.2777777777777777,2.111111111111111
guj_1254,guj,True,21,28,34,50,1.3333333333333333,1.619047619047619,2.380952380952381
guj_1255,guj,True,43,55,60,92,1.2790697674418605,1.3953488372093024,2.13953488372093
guj_1256,guj,True,16,20,25,38,1.25,1.5625,2.375
guj_1257,guj,True,45,58,78,111,1.288888888888889,1.7333333333333334,2.466666666666667
guj_1258,guj,True,29,51,56,81,1.7586206896551724,1.9310344827586208,2.793103448275862
guj_1259,guj,True,25,40,41,59,1.6,1.64,2.36
guj_1260,guj,True,25,35,31,48,1.4,1.24,1.92
guj_1261,guj,True,22,25,30,54,1.1363636363636365,1.3636363636363635,2.4545454545454546
guj_1262,guj,True,36,42,53,80,1.1666666666666667,1.4722222222222223,2.2222222222222223
guj_1263,guj,True,24,42,51,74,1.75,2.125,3.0833333333333335
guj_1264,guj,True,44,62,68,107,1.4090909090909092,1.5454545454545454,2.4318181818181817
guj_1265,guj,True,17,20,25,40,1.1764705882352942,1.4705882352941178,2.3529411764705883
guj_1266,guj,True,29,49,65,91,1.6896551724137931,2.2413793103448274,3.1379310344827585
guj_1267,guj,True,44,61,58,83,1.3863636363636365,1.3181818181818181,1.8863636363636365
guj_1268,guj,True,18,29,29,47,1.6111111111111112,1.6111111111111112,2.611111111111111
guj_1269,guj,True,32,50,53,81,1.5625,1.65625,2.53125
guj_1270,guj,True,34,51,56,82,1.5,1.6470588235294117,2.411764705882353
guj_1271,guj,True,41,73,82,123,1.7804878048780488,2.0,3.0
guj_1272,guj,True,24,37,41,61,1.5416666666666667,1.7083333333333333,2.5416666666666665
guj_1273,guj,True,25,37,44,58,1.48,1.76,2.32
guj_1274,guj,True,33,49,56,85,1.4848484848484849,1.696969696969697,2.5757575757575757
guj_1275,guj,True,39,57,77,115,1.4615384615384615,1.9743589743589745,2.948717948717949
guj_1276,guj,True,24,33,33,51,1.375,1.375,2.125
guj_1277,guj,True,13,21,21,28,1.6153846153846154,1.6153846153846154,2.1538461538461537
guj_1278,guj,True,30,35,35,49,1.1666666666666667,1.1666666666666667,1.6333333333333333
guj_1279,guj,True,40,62,71,104,1.55,1.775,2.6
guj_1280,guj,True,18,25,25,35,1.3888888888888888,1.3888888888888888,1.9444444444444444
guj_1281,guj,True,27,39,46,63,1.4444444444444444,1.7037037037037037,2.3333333333333335
guj_1282,guj,True,42,60,71,104,1.4285714285714286,1.6904761904761905,2.4761904761904763
guj_1283,guj,True,29,51,48,80,1.7586206896551724,1.6551724137931034,2.7586206896551726
guj_1284,guj,True,19,30,30,47,1.5789473684210527,1.5789473684210527,2.473684210526316
guj_1285,guj,True,27,37,36,50,1.3703703703703705,1.3333333333333333,1.8518518518518519
guj_1286,guj,True,23,39,41,61,1.6956521739130435,1.7826086956521738,2.652173913043478
guj_1287,guj,True,35,59,63,93,1.6857142857142857,1.8,2.657142857142857
guj_1288,guj,True,29,45,54,78,1.5517241379310345,1.8620689655172413,2.689655172413793
guj_1289,guj,True,45,65,69,101,1.4444444444444444,1.5333333333333334,2.2444444444444445
guj_1290,guj,True,37,63,66,101,1.7027027027027026,1.7837837837837838,2.72972972972973
guj_1291,guj,True,22,35,41,46,1.5909090909090908,1.8636363636363635,2.090909090909091
guj_1292,guj,True,23,32,40,55,1.391304347826087,1.7391304347826086,2.391304347826087
guj_1293,guj,True,50,75,89,149,1.5,1.78,2.98
guj_1294,guj,True,31,34,37,63,1.096774193548387,1.1935483870967742,2.032258064516129
guj_1295,guj,True,22,32,44,60,1.4545454545454546,2.0,2.727272727272727
guj_1296,guj,True,41,54,59,93,1.3170731707317074,1.4390243902439024,2.268292682926829
guj_1297,guj,True,25,37,44,68,1.48,1.76,2.72
guj_1298,guj,True,40,69,73,108,1.725,1.825,2.7
guj_1299,guj,True,11,17,17,26,1.5454545454545454,1.5454545454545454,2.3636363636363638
guj_1300,guj,True,42,51,62,86,1.2142857142857142,1.4761904761904763,2.0476190476190474
guj_1301,guj,True,35,49,59,77,1.4,1.6857142857142857,2.2
guj_1302,guj,True,28,38,44,67,1.3571428571428572,1.5714285714285714,2.392857142857143
guj_1303,guj,True,32,44,55,74,1.375,1.71875,2.3125
guj_1304,guj,True,35,40,55,84,1.1428571428571428,1.5714285714285714,2.4
guj_1305,guj,True,19,24,27,44,1.263157894736842,1.4210526315789473,2.3157894736842106
guj_1306,guj,True,36,49,58,78,1.3611111111111112,1.6111111111111112,2.1666666666666665
guj_1307,guj,True,38,53,67,100,1.394736842105263,1.763157894736842,2.6315789473684212
guj_1308,guj,True,26,41,52,80,1.5769230769230769,2.0,3.076923076923077
guj_1309,guj,True,36,53,63,103,1.4722222222222223,1.75,2.861111111111111
guj_1310,guj,True,21,32,35,55,1.5238095238095237,1.6666666666666667,2.619047619047619
guj_1311,guj,True,50,64,77,110,1.28,1.54,2.2
guj_1312,guj,True,17,25,35,50,1.4705882352941178,2.0588235294117645,2.9411764705882355
guj_1313,guj,True,26,39,48,69,1.5,1.8461538461538463,2.6538461538461537
guj_1314,guj,True,21,24,33,48,1.1428571428571428,1.5714285714285714,2.2857142857142856
guj_1315,guj,True,33,36,44,78,1.0909090909090908,1.3333333333333333,2.3636363636363638
guj_1316,guj,True,22,36,44,68,1.6363636363636365,2.0,3.090909090909091
guj_1317,guj,True,14,24,29,45,1.7142857142857142,2.0714285714285716,3.2142857142857144
guj_1318,guj,True,17,23,25,35,1.3529411764705883,1.4705882352941178,2.0588235294117645
guj_1319,guj,True,34,49,56,92,1.4411764705882353,1.6470588235294117,2.7058823529411766
guj_1320,guj,True,16,20,20,38,1.25,1.25,2.375
guj_1321,guj,True,38,51,67,91,1.3421052631578947,1.763157894736842,2.3947368421052633
guj_1322,guj,True,26,36,42,73,1.3846153846153846,1.6153846153846154,2.8076923076923075
guj_1323,guj,True,44,58,63,86,1.3181818181818181,1.4318181818181819,1.9545454545454546
guj_1324,guj,True,28,43,44,62,1.5357142857142858,1.5714285714285714,2.2142857142857144
guj_1325,guj,True,49,57,71,108,1.163265306122449,1.4489795918367347,2.204081632653061
guj_1326,guj,True,48,56,69,104,1.1666666666666667,1.4375,2.1666666666666665
guj_1327,guj,True,16,22,30,35,1.375,1.875,2.1875
guj_1328,guj,True,38,46,61,89,1.2105263157894737,1.605263157894737,2.3421052631578947
guj_1329,guj,True,32,42,51,82,1.3125,1.59375,2.5625
guj_1330,guj,True,36,33,37,53,0.9166666666666666,1.0277777777777777,1.4722222222222223
guj_1331,guj,True,75,114,129,165,1.52,1.72,2.2
guj_1332,guj,True,23,35,33,51,1.5217391304347827,1.434782608695652,2.217391304347826
guj_1333,guj,True,26,38,41,51,1.4615384615384615,1.5769230769230769,1.9615384615384615
guj_1334,guj,True,30,45,51,75,1.5,1.7,2.5
guj_1335,guj,True,23,30,39,54,1.3043478260869565,1.6956521739130435,2.347826086956522
guj_1336,guj,True,20,31,33,56,1.55,1.65,2.8
guj_1337,guj,True,15,20,26,41,1.3333333333333333,1.7333333333333334,2.7333333333333334
guj_1338,guj,True,41,80,83,122,1.951219512195122,2.024390243902439,2.975609756097561
guj_1339,guj,True,29,43,43,73,1.4827586206896552,1.4827586206896552,2.5172413793103448
guj_1340,guj,True,27,35,38,52,1.2962962962962963,1.4074074074074074,1.9259259259259258
guj_1341,guj,True,45,60,68,97,1.3333333333333333,1.511111111111111,2.1555555555555554
guj_1342,guj,True,36,48,64,86,1.3333333333333333,1.7777777777777777,2.388888888888889
guj_1343,guj,True,29,38,50,75,1.3103448275862069,1.7241379310344827,2.586206896551724
guj_1344,guj,True,24,36,47,73,1.5,1.9583333333333333,3.0416666666666665
guj_1345,guj,True,41,70,65,87,1.7073170731707317,1.5853658536585367,2.1219512195121952
guj_1346,guj,True,41,50,60,87,1.2195121951219512,1.4634146341463414,2.1219512195121952
guj_1347,guj,True,20,40,40,60,2.0,2.0,3.0
guj_1348,guj,True,22,31,40,66,1.4090909090909092,1.8181818181818181,3.0
guj_1349,guj,True,20,31,31,52,1.55,1.55,2.6
guj_1350,guj,True,24,32,38,62,1.3333333333333333,1.5833333333333333,2.5833333333333335
guj_1351,guj,True,29,27,39,63,0.9310344827586207,1.3448275862068966,2.1724137931034484
guj_1352,guj,True,35,42,43,73,1.2,1.2285714285714286,2.085714285714286
guj_1353,guj,True,33,33,45,60,1.0,1.3636363636363635,1.8181818181818181
guj_1354,guj,True,47,67,82,127,1.425531914893617,1.7446808510638299,2.702127659574468
guj_1355,guj,True,34,54,53,91,1.588235294117647,1.5588235294117647,2.676470588235294
guj_1356,guj,True,31,56,61,85,1.8064516129032258,1.967741935483871,2.7419354838709675
guj_1357,guj,True,24,29,34,49,1.2083333333333333,1.4166666666666667,2.0416666666666665
guj_1358,guj,True,40,50,62,91,1.25,1.55,2.275
guj_1359,guj,True,40,50,55,76,1.25,1.375,1.9
guj_1360,guj,True,40,54,58,93,1.35,1.45,2.325
guj_1361,guj,True,28,39,41,66,1.3928571428571428,1.4642857142857142,2.357142857142857
guj_1362,guj,True,20,24,28,45,1.2,1.4,2.25
guj_1363,guj,True,29,41,50,73,1.4137931034482758,1.7241379310344827,2.5172413793103448
guj_1364,guj,True,24,34,34,55,1.4166666666666667,1.4166666666666667,2.2916666666666665
guj_1365,guj,True,35,46,64,96,1.3142857142857143,1.8285714285714285,2.742857142857143
guj_1366,guj,True,32,46,64,98,1.4375,2.0,3.0625
guj_1367,guj,True,27,43,47,69,1.5925925925925926,1.7407407407407407,2.5555555555555554
guj_1368,guj,True,36,62,69,111,1.7222222222222223,1.9166666666666667,3.0833333333333335
guj_1369,guj,True,20,28,37,52,1.4,1.85,2.6
guj_1370,guj,True,17,25,30,51,1.4705882352941178,1.7647058823529411,3.0
guj_1371,guj,True,35,48,51,76,1.3714285714285714,1.457142857142857,2.1714285714285713
guj_1372,guj,True,20,30,27,48,1.5,1.35,2.4
guj_1373,guj,True,21,30,36,52,1.4285714285714286,1.7142857142857142,2.4761904761904763
guj_1374,guj,True,43,37,45,64,0.8604651162790697,1.0465116279069768,1.4883720930232558
guj_1375,guj,True,20,22,29,46,1.1,1.45,2.3
guj_1376,guj,True,33,51,47,80,1.5454545454545454,1.4242424242424243,2.4242424242424243
guj_1377,guj,True,45,64,71,104,1.4222222222222223,1.5777777777777777,2.311111111111111
guj_1378,guj,True,35,43,42,58,1.2285714285714286,1.2,1.6571428571428573
guj_1379,guj,True,14,25,22,41,1.7857142857142858,1.5714285714285714,2.9285714285714284
guj_1380,guj,True,35,44,42,66,1.2571428571428571,1.2,1.8857142857142857
guj_1381,guj,True,38,55,64,94,1.4473684210526316,1.6842105263157894,2.473684210526316
guj_1382,guj,True,20,32,34,58,1.6,1.7,2.9
guj_1383,guj,True,42,62,74,113,1.4761904761904763,1.7619047619047619,2.6904761904761907
guj_1384,guj,True,37,46,59,86,1.2432432432432432,1.5945945945945945,2.324324324324324
guj_1385,guj,True,34,44,55,80,1.2941176470588236,1.6176470588235294,2.3529411764705883
guj_1386,guj,True,43,64,72,112,1.4883720930232558,1.6744186046511629,2.604651162790698
guj_1387,guj,True,28,34,43,66,1.2142857142857142,1.5357142857142858,2.357142857142857
guj_1388,guj,True,30,50,54,81,1.6666666666666667,1.8,2.7
guj_1389,guj,True,15,27,25,38,1.8,1.6666666666666667,2.533333333333333
guj_1390,guj,True,71,81,118,166,1.1408450704225352,1.6619718309859155,2.3380281690140845
guj_1391,guj,True,38,47,65,84,1.236842105263158,1.7105263157894737,2.210526315789474
guj_1392,guj,True,37,46,49,72,1.2432432432432432,1.3243243243243243,1.945945945945946
guj_1393,guj,True,39,63,73,111,1.6153846153846154,1.8717948717948718,2.8461538461538463
guj_1394,guj,True,20,27,32,58,1.35,1.6,2.9
guj_1395,guj,True,31,44,48,75,1.4193548387096775,1.5483870967741935,2.4193548387096775
guj_1396,guj,True,23,35,37,53,1.5217391304347827,1.608695652173913,2.3043478260869565
guj_1397,guj,True,41,41,48,79,1.0,1.170731707317073,1.9268292682926829
guj_1398,guj,True,25,42,42,61,1.68,1.68,2.44
guj_1399,guj,True,16,14,24,30,0.875,1.5,1.875
hin_0000,hin,True,20,23,36,45,1.15,1.8,2.25
hin_0001,hin,True,35,36,49,70,1.0285714285714285,1.4,2.0
hin_0002,hin,True,44,61,86,116,1.3863636363636365,1.9545454545454546,2.6363636363636362
hin_0003,hin,True,35,36,62,73,1.0285714285714285,1.7714285714285714,2.085714285714286
hin_0004,hin,True,32,36,61,78,1.125,1.90625,2.4375
hin_0005,hin,True,32,38,54,74,1.1875,1.6875,2.3125
hin_0006,hin,True,57,68,75,103,1.1929824561403508,1.3157894736842106,1.8070175438596492
hin_0007,hin,True,25,33,44,67,1.32,1.76,2.68
hin_0008,hin,True,33,42,58,78,1.2727272727272727,1.7575757575757576,2.3636363636363638
hin_0009,hin,True,23,33,42,60,1.434782608695652,1.826086956521739,2.608695652173913
hin_0010,hin,True,21,29,45,63,1.380952380952381,2.142857142857143,3.0
hin_0011,hin,True,27,33,34,56,1.2222222222222223,1.2592592592592593,2.074074074074074
hin_0012,hin,True,37,46,66,85,1.2432432432432432,1.7837837837837838,2.2972972972972974
hin_0013,hin,True,34,46,52,84,1.3529411764705883,1.5294117647058822,2.4705882352941178
hin_0014,hin,True,36,34,36,52,0.9444444444444444,1.0,1.4444444444444444
hin_0015,hin,True,18,26,32,51,1.4444444444444444,1.7777777777777777,2.8333333333333335
hin_0016,hin,True,33,37,49,74,1.121212121212121,1.4848484848484849,2.242424242424242
hin_0017,hin,True,23,29,41,61,1.2608695652173914,1.7826086956521738,2.652173913043478
hin_0018,hin,True,30,39,54,70,1.3,1.8,2.3333333333333335
hin_0019,hin,True,29,32,42,59,1.103448275862069,1.4482758620689655,2.0344827586206895
hin_0020,hin,True,25,36,47,70,1.44,1.88,2.8
hin_0021,hin,True,30,38,53,69,1.2666666666666666,1.7666666666666666,2.3
hin_0022,hin,True,34,29,40,61,0.8529411764705882,1.1764705882352942,1.7941176470588236
hin_0023,hin,True,88,116,149,212,1.3181818181818181,1.6931818181818181,2.409090909090909
hin_0024,hin,True,75,83,114,143,1.1066666666666667,1.52,1.9066666666666667
hin_0025,hin,True,48,56,81,101,1.1666666666666667,1.6875,2.1041666666666665
hin_0026,hin,True,30,40,51,76,1.3333333333333333,1.7,2.533333333333333
hin_0027,hin,True,24,33,33,50,1.375,1.375,2.0833333333333335
hin_0028,hin,True,45,57,85,122,1.2666666666666666,1.8888888888888888,2.7111111111111112
hin_0029,hin,True,18,23,33,51,1.2777777777777777,1.8333333333333333,2.8333333333333335
hin_0030,hin,True,36,41,50,67,1.1388888888888888,1.3888888888888888,1.8611111111111112
hin_0031,hin,True,30,33,49,60,1.1,1.6333333333333333,2.0
hin_0032,hin,True,26,33,44,77,1.2692307692307692,1.6923076923076923,2.9615384615384617
hin_0033,hin,True,33,32,51,77,0.9696969696969697,1.5454545454545454,2.3333333333333335
hin_0034,hin,True,25,32,48,62,1.28,1.92,2.48
hin_0035,hin,True,37,47,64,86,1.2702702702702702,1.7297297297297298,2.324324324324324
hin_0036,hin,True,45,50,73,101,1.1111111111111112,1.6222222222222222,2.2444444444444445
hin_0037,hin,True,31,43,48,69,1.3870967741935485,1.5483870967741935,2.225806451612903
hin_0038,hin,True,19,21,27,46,1.105263157894737,1.4210526315789473,2.4210526315789473
hin_0039,hin,True,20,26,36,54,1.3,1.8,2.7
hin_0040,hin,True,27,26,48,65,0.9629629629629629,1.7777777777777777,2.4074074074074074
hin_0041,hin,True,23,22,27,41,0.9565217391304348,1.173913043478261,1.7826086956521738
hin_0042,hin,True,23,23,28,45,1.0,1.2173913043478262,1.9565217391304348
hin_0043,hin,True,42,51,71,94,1.2142857142857142,1.6904761904761905,2.238095238095238
hin_0044,hin,True,28,40,52,67,1.4285714285714286,1.8571428571428572,2.392857142857143
hin_0045,hin,True,25,30,43,60,1.2,1.72,2.4
hin_0046,hin,True,37,43,57,73,1.162162162162162,1.5405405405405406,1.972972972972973
hin_0047,hin,True,43,46,66,91,1.069767441860465,1.5348837209302326,2.116279069767442
hin_0048,hin,True,17,29,43,62,1.7058823529411764,2.5294117647058822,3.6470588235294117
hin_0049,hin,True,24,34,47,69,1.4166666666666667,1.9583333333333333,2.875
hin_0050,hin,True,26,38,53,83,1.4615384615384615,2.0384615384615383,3.1923076923076925
hin_0051,hin,True,33,42,53,77,1.2727272727272727,1.606060606060606,2.3333333333333335
hin_0052,hin,True,14,19,28,46,1.3571428571428572,2.0,3.2857142857142856
hin_0053,hin,True,29,34,45,64,1.1724137931034482,1.5517241379310345,2.206896551724138
hin_0054,hin,True,20,23,32,50,1.15,1.6,2.5
hin_0055,hin,True,28,35,50,64,1.25,1.7857142857142858,2.2857142857142856
hin_0056,hin,True,21,30,41,57,1.4285714285714286,1.9523809523809523,2.7142857142857144
hin_0057,hin,True,39,47,66,96,1.205128205128205,1.6923076923076923,2.4615384615384617
hin_0058,hin,True,37,45,71,95,1.2162162162162162,1.9189189189189189,2.5675675675675675
hin_0059,hin,True,33,50,62,84,1.5151515151515151,1.878787878787879,2.5454545454545454
hin_0060,hin,True,44,61,93,122,1.3863636363636365,2.1136363636363638,2.772727272727273
hin_0061,hin,True,23,27,27,35,1.173913043478261,1.173913043478261,1.5217391304347827
hin_0062,hin,True,35,40,47,68,1.1428571428571428,1.3428571428571427,1.9428571428571428
hin_0063,hin,True,19,22,29,38,1.1578947368421053,1.5263157894736843,2.0
hin_0064,hin,True,24,31,36,46,1.2916666666666667,1.5,1.9166666666666667
hin_0065,hin,True,37,46,67,89,1.2432432432432432,1.8108108108108107,2.4054054054054053
hin_0066,hin,True,18,22,35,55,1.2222222222222223,1.9444444444444444,3.0555555555555554
hin_0067,hin,True,18,19,29,35,1.0555555555555556,1.6111111111111112,1.9444444444444444
hin_0068,hin,True,30,44,57,83,1.4666666666666666,1.9,2.7666666666666666
hin_0069,hin,True,41,48,53,77,1.170731707317073,1.2926829268292683,1.8780487804878048
hin_0070,hin,True,16,20,30,43,1.25,1.875,2.6875
hin_0071,hin,True,17,22,35,45,1.2941176470588236,2.0588235294117645,2.6470588235294117
hin_0072,hin,True,34,32,46,67,0.9411764705882353,1.3529411764705883,1.9705882352941178
hin_0073,hin,True,27,25,24,37,0.9259259259259259,0.8888888888888888,1.3703703703703705
hin_0074,hin,True,24,33,46,65,1.375,1.9166666666666667,2.7083333333333335
hin_0075,hin,True,32,41,57,82,1.28125,1.78125,2.5625
hin_0076,hin,True,34,37,50,71,1.088235294117647,1.4705882352941178,2.088235294117647
hin_0077,hin,True,15,24,39,52,1.6,2.6,3.466666666666667
hin_0078,hin,True,34,45,55,81,1.3235294117647058,1.6176470588235294,2.3823529411764706
hin_0079,hin,True,41,49,64,87,1.1951219512195121,1.5609756097560976,2.1219512195121952
hin_0080,hin,True,26,28,45,60,1.0769230769230769,1.7307692307692308,2.3076923076923075
hin_0081,hin,True,36,38,46,56,1.0555555555555556,1.2777777777777777,1.5555555555555556
hin_0082,hin,True,29,27,44,55,0.9310344827586207,1.5172413793103448,1.896551724137931
hin_0083,hin,True,35,43,50,72,1.2285714285714286,1.4285714285714286,2.057142857142857
hin_0084,hin,True,36,41,62,89,1.1388888888888888,1.7222222222222223,2.4722222222222223
hin_0085,hin,True,53,60,71,96,1.1320754716981132,1.3396226415094339,1.8113207547169812
hin_0086,hin,True,28,36,47,65,1.2857142857142858,1.6785714285714286,2.3214285714285716
hin_0087,hin,True,33,39,50,71,1.1818181818181819,1.5151515151515151,2.1515151515151514
hin_0088,hin,True,40,58,83,117,1.45,2.075,2.925
hin_0089,hin,True,38,54,72,100,1.4210526315789473,1.894736842105263,2.6315789473684212
hin_0090,hin,True,27,34,45,70,1.2592592592592593,1.6666666666666667,2.5925925925925926
hin_0091,hin,True,29,26,42,53,0.896551724137931,1.4482758620689655,1.8275862068965518
hin_0092,hin,True,41,43,62,89,1.048780487804878,1.5121951219512195,2.1707317073170733
hin_0093,hin,True,16,25,32,51,1.5625,2.0,3.1875
hin_0094,hin,True,14,15,23,36,1.0714285714285714,1.6428571428571428,2.5714285714285716
hin_0095,hin,True,41,48,72,99,1.170731707317073,1.7560975609756098,2.4146341463414633
hin_0096,hin,True,23,22,30,45,0.9565217391304348,1.3043478260869565,1.9565217391304348
hin_0097,hin,True,36,52,70,94,1.4444444444444444,1.9444444444444444,2.611111111111111
hin_0098,hin,True,24,27,40,58,1.125,1.6666666666666667,2.4166666666666665
hin_0099,hin,True,49,57,70,114,1.163265306122449,1.4285714285714286,2.326530612244898
hin_0100,hin,True,36,53,66,97,1.4722222222222223,1.8333333333333333,2.6944444444444446
hin_0101,hin,True,34,49,64,88,1.4411764705882353,1.8823529411764706,2.588235294117647
hin_0102,hin,True,22,24,35,40,1.0909090909090908,1.5909090909090908,1.8181818181818181
hin_0103,hin,True,53,64,93,128,1.2075471698113207,1.7547169811320755,2.4150943396226414
hin_0104,hin,True,20,24,33,52,1.2,1.65,2.6
hin_0105,hin,True,30,34,61,68,1.1333333333333333,2.033333333333333,2.2666666666666666
hin_0106,hin,True,31,37,59,98,1.1935483870967742,1.903225806451613,3.161290322580645
hin_0107,hin,True,29,39,43,73,1.3448275862068966,1.4827586206896552,2.5172413793103448
hin_0108,hin,True,39,51,83,125,1.3076923076923077,2.128205128205128,3.2051282051282053
hin_0109,hin,True,11,15,18,25,1.3636363636363635,1.6363636363636365,2.272727272727273
hin_0110,hin,True,21,25,31,44,1.1904761904761905,1.4761904761904763,2.0952380952380953
hin_0111,hin,True,36,53,70,109,1.4722222222222223,1.9444444444444444,3.0277777777777777
hin_0112,hin,True,42,46,65,100,1.0952380952380953,1.5476190476190477,2.380952380952381
hin_0113,hin,True,24,31,44,67,1.2916666666666667,1.8333333333333333,2.7916666666666665
hin_0114,hin,True,23,38,46,64,1.6521739130434783,2.0,2.782608695652174
hin_0115,hin,True,49,54,70,113,1.1020408163265305,1.4285714285714286,2.306122448979592
hin_0116,hin,True,27,29,41,65,1.0740740740740742,1.5185185185185186,2.4074074074074074
hin_0117,hin,True,33,43,65,83,1.303030303030303,1.9696969696969697,2.515151515151515
hin_0118,hin,True,36,49,68,106,1.3611111111111112,1.8888888888888888,2.9444444444444446
hin_0119,hin,True,24,35,41,53,1.4583333333333333,1.7083333333333333,2.2083333333333335
hin_0120,hin,True,23,27,31,53,1.173913043478261,1.3478260869565217,2.3043478260869565
hin_0121,hin,True,33,35,56,80,1.0606060606060606,1.696969696969697,2.4242424242424243
hin_0122,hin,True,26,42,60,77,1.6153846153846154,2.3076923076923075,2.9615384615384617
hin_0123,hin,True,11,10,17,25,0.9090909090909091,1.5454545454545454,2.272727272727273
hin_0124,hin,True,45,52,73,105,1.1555555555555554,1.6222222222222222,2.3333333333333335
hin_0125,hin,True,27,34,38,57,1.2592592592592593,1.4074074074074074,2.111111111111111
hin_0126,hin,True,18,14,20,29,0.7777777777777778,1.1111111111111112,1.6111111111111112
hin_0127,hin,True,29,39,45,75,1.3448275862068966,1.5517241379310345,2.586206896551724
hin_0128,hin,True,26,28,35,54,1.0769230769230769,1.3461538461538463,2.076923076923077
hin_0129,hin,True,20,31,38,57,1.55,1.9,2.85
hin_0130,hin,True,39,51,69,90,1.3076923076923077,1.7692307692307692,2.3076923076923075
hin_0131,hin,True,28,35,48,61,1.25,1.7142857142857142,2.1785714285714284
hin_0132,hin,True,20,16,23,36,0.8,1.15,1.8
hin_0133,hin,True,32,38,56,72,1.1875,1.75,2.25
hin_0134,hin,True,40,55,67,96,1.375,1.675,2.4
hin_0135,hin,True,24,31,44,64,1.2916666666666667,1.8333333333333333,2.6666666666666665
hin_0136,hin,True,31,38,63,91,1.2258064516129032,2.032258064516129,2.935483870967742
hin_0137,hin,True,17,16,24,38,0.9411764705882353,1.411764705882353,2.235294117647059
hin_0138,hin,True,38,42,51,69,1.105263157894737,1.3421052631578947,1.8157894736842106
hin_0139,hin,True,16,17,25,36,1.0625,1.5625,2.25
hin_0140,hin,True,14,20,25,37,1.4285714285714286,1.7857142857142858,2.642857142857143
hin_0141,hin,True,23,30,42,58,1.3043478260869565,1.826086956521739,2.5217391304347827
hin_0142,hin,True,20,23,32,51,1.15,1.6,2.55
hin_0143,hin,True,25,28,33,50,1.12,1.32,2.0
hin_0144,hin,True,20,27,42,60,1.35,2.1,3.0
hin_0145,hin,True,48,61,91,118,1.2708333333333333,1.8958333333333333,2.4583333333333335
hin_0146,hin,True,20,27,35,52,1.35,1.75,2.6
hin_0147,hin,True,34,40,53,66,1.1764705882352942,1.5588235294117647,1.9411764705882353
hin_0148,hin,True,37,46,65,86,1.2432432432432432,1.7567567567567568,2.324324324324324
hin_0149,hin,True,25,26,40,69,1.04,1.6,2.76
hin_0150,hin,True,41,46,71,93,1.1219512195121952,1.7317073170731707,2.268292682926829
hin_0151,hin,True,26,27,45,62,1.0384615384615385,1.7307692307692308,2.3846153846153846
hin_0152,hin,True,28,32,41,50,1.1428571428571428,1.4642857142857142,1.7857142857142858
hin_0153,hin,True,35,35,50,63,1.0,1.4285714285714286,1.8
hin_0154,hin,True,26,34,50,66,1.3076923076923077,1.9230769230769231,2.5384615384615383
hin_0155,hin,True,38,46,57,78,1.2105263157894737,1.5,2.0526315789473686
hin_0156,hin,True,30,39,52,69,1.3,1.7333333333333334,2.3
hin_0157,hin,True,35,40,51,71,1.1428571428571428,1.457142857142857,2.0285714285714285
hin_0158,hin,True,29,35,64,84,1.206896551724138,2.206896551724138,2.896551724137931
hin_0159,hin,True,36,39,56,80,1.0833333333333333,1.5555555555555556,2.2222222222222223
hin_0160,hin,True,36,58,83,97,1.6111111111111112,2.3055555555555554,2.6944444444444446
hin_0161,hin,True,56,70,83,122,1.25,1.4821428571428572,2.1785714285714284
hin_0162,hin,True,24,32,45,55,1.3333333333333333,1.875,2.2916666666666665
hin_0163,hin,True,29,35,52,76,1.206896551724138,1.793103448275862,2.6206896551724137
hin_0164,hin,True,25,31,47,68,1.24,1.88,2.72
hin_0165,hin,True,25,28,42,57,1.12,1.68,2.28
hin_0166,hin,True,25,28,32,52,1.12,1.28,2.08
hin_0167,hin,True,14,24,35,50,1.7142857142857142,2.5,3.5714285714285716
hin_0168,hin,True,35,46,64,89,1.3142857142857143,1.8285714285714285,2.5428571428571427
hin_0169,hin,True,20,24,33,53,1.2,1.65,2.65
hin_0170,hin,True,23,43,47,71,1.8695652173913044,2.0434782608695654,3.0869565217391304
hin_0171,hin,True,22,23,36,47,1.0454545454545454,1.6363636363636365,2.1363636363636362
hin_0172,hin,True,39,48,67,87,1.2307692307692308,1.7179487179487178,2.230769230769231
hin_0173,hin,True,25,28,40,55,1.12,1.6,2.2
hin_0174,hin,True,21,25,38,54,1.1904761904761905,1.8095238095238095,2.5714285714285716
hin_0175,hin,True,34,33,45,53,0.9705882352941176,1.3235294117647058,1.5588235294117647
hin_0176,hin,True,26,31,52,65,1.1923076923076923,2.0,2.5
hin_0177,hin,True,35,46,52,82,1.3142857142857143,1.4857142857142858,2.342857142857143
hin_0178,hin,True,39,46,54,81,1.1794871794871795,1.3846153846153846,2.076923076923077
hin_0179,hin,True,44,44,67,75,1.0,1.5227272727272727,1.7045454545454546
hin_0180,hin,True,25,33,44,60,1.32,1.76,2.4
hin_0181,hin,True,23,28,32,36,1.2173913043478262,1.391304347826087,1.565217391304348
hin_0182,hin,True,19,27,40,58,1.4210526315789473,2.1052631578947367,3.0526315789473686
hin_0183,hin,True,17,23,34,36,1.3529411764705883,2.0,2.1176470588235294
hin_0184,hin,True,56,80,102,133,1.4285714285714286,1.8214285714285714,2.375
hin_0185,hin,True,44,45,62,90,1.0227272727272727,1.4090909090909092,2.0454545454545454
hin_0186,hin,True,33,35,51,67,1.0606060606060606,1.5454545454545454,2.0303030303030303
hin_0187,hin,True,21,24,41,46,1.1428571428571428,1.9523809523809523,2.1904761904761907
hin_0188,hin,True,24,36,49,61,1.5,2.0416666666666665,2.5416666666666665
hin_0189,hin,True,23,26,34,51,1.1304347826086956,1.4782608695652173,2.217391304347826
hin_0190,hin,True,31,35,60,71,1.1290322580645162,1.935483870967742,2.2903225806451615
hin_0191,hin,True,35,37,51,67,1.0571428571428572,1.457142857142857,1.9142857142857144
hin_0192,hin,True,17,19,24,41,1.1176470588235294,1.411764705882353,2.411764705882353
hin_0193,hin,True,36,48,76,104,1.3333333333333333,2.111111111111111,2.888888888888889
hin_0194,hin,True,37,41,48,75,1.1081081081081081,1.2972972972972974,2.027027027027027
hin_0195,hin,True,18,19,25,33,1.0555555555555556,1.3888888888888888,1.8333333333333333
hin_0196,hin,True,22,30,43,61,1.3636363636363635,1.9545454545454546,2.772727272727273
hin_0197,hin,True,26,27,37,49,1.0384615384615385,1.4230769230769231,1.8846153846153846
hin_0198,hin,True,24,31,48,69,1.2916666666666667,2.0,2.875
hin_0199,hin,True,14,19,31,46,1.3571428571428572,2.2142857142857144,3.2857142857142856
hin_0200,hin,True,32,38,58,72,1.1875,1.8125,2.25
hin_0201,hin,True,29,31,38,52,1.0689655172413792,1.3103448275862069,1.793103448275862
hin_0202,hin,True,29,22,39,51,0.7586206896551724,1.3448275862068966,1.7586206896551724
hin_0203,hin,True,34,35,47,60,1.0294117647058822,1.3823529411764706,1.7647058823529411
hin_0204,hin,True,19,22,29,38,1.1578947368421053,1.5263157894736843,2.0
hin_0205,hin,True,22,23,34,41,1.0454545454545454,1.5454545454545454,1.8636363636363635
hin_0206,hin,True,43,40,60,90,0.9302325581395349,1.3953488372093024,2.0930232558139537
hin_0207,hin,True,15,18,25,35,1.2,1.6666666666666667,2.3333333333333335
hin_0208,hin,True,21,22,29,44,1.0476190476190477,1.380952380952381,2.0952380952380953
hin_0209,hin,True,16,19,26,31,1.1875,1.625,1.9375
hin_0210,hin,True,20,24,30,47,1.2,1.5,2.35
hin_0211,hin,True,46,58,89,104,1.2608695652173914,1.934782608695652,2.260869565217391
hin_0212,hin,True,29,46,65,75,1.5862068965517242,2.2413793103448274,2.586206896551724
hin_0213,hin,True,16,16,34,42,1.0,2.125,2.625
hin_0214,hin,True,24,36,48,68,1.5,2.0,2.8333333333333335
hin_0215,hin,True,33,45,60,87,1.3636363636363635,1.8181818181818181,2.6363636363636362
hin_0216,hin,True,15,14,18,27,0.9333333333333333,1.2,1.8
hin_0217,hin,True,31,29,34,49,0.9354838709677419,1.096774193548387,1.5806451612903225
hin_0218,hin,True,37,44,70,85,1.1891891891891893,1.8918918918918919,2.2972972972972974
hin_0219,hin,True,34,42,59,82,1.2352941176470589,1.7352941176470589,2.411764705882353
hin_0220,hin,True,47,47,73,93,1.0,1.553191489361702,1.9787234042553192
hin_0221,hin,True,32,41,70,90,1.28125,2.1875,2.8125
hin_0222,hin,True,22,32,47,60,1.4545454545454546,2.1363636363636362,2.727272727272727
hin_0223,hin,True,26,30,38,57,1.1538461538461537,1.4615384615384615,2.1923076923076925
hin_0224,hin,True,28,30,42,52,1.0714285714285714,1.5,1.8571428571428572
hin_0225,hin,True,25,28,43,58,1.12,1.72,2.32
hin_0226,hin,True,27,45,51,87,1.6666666666666667,1.8888888888888888,3.2222222222222223
hin_0227,hin,True,44,51,59,97,1.1590909090909092,1.3409090909090908,2.2045454545454546
hin_0228,hin,True,49,60,72,108,1.2244897959183674,1.469387755102041,2.204081632653061
hin_0229,hin,True,57,70,83,115,1.2280701754385965,1.456140350877193,2.017543859649123
hin_0230,hin,True,20,24,34,49,1.2,1.7,2.45
hin_0231,hin,True,25,35,54,69,1.4,2.16,2.76
hin_0232,hin,True,34,38,57,81,1.1176470588235294,1.6764705882352942,2.3823529411764706
hin_0233,hin,True,34,33,44,68,0.9705882352941176,1.2941176470588236,2.0
hin_0234,hin,True,26,25,36,48,0.9615384615384616,1.3846153846153846,1.8461538461538463
hin_0235,hin,True,28,24,36,41,0.8571428571428571,1.2857142857142858,1.4642857142857142
hin_0236,hin,True,36,42,57,84,1.1666666666666667,1.5833333333333333,2.3333333333333335
hin_0237,hin,True,29,35,46,65,1.206896551724138,1.5862068965517242,2.2413793103448274
hin_0238,hin,True,33,37,52,76,1.121212121212121,1.5757575757575757,2.303030303030303
hin_0239,hin,True,21,28,43,61,1.3333333333333333,2.0476190476190474,2.9047619047619047
hin_0240,hin,True,28,31,37,62,1.1071428571428572,1.3214285714285714,2.2142857142857144
hin_0241,hin,True,33,44,57,85,1.3333333333333333,1.7272727272727273,2.5757575757575757
hin_0242,hin,True,37,41,62,91,1.1081081081081081,1.6756756756756757,2.4594594594594597
hin_0243,hin,True,17,31,44,64,1.8235294117647058,2.588235294117647,3.764705882352941
hin_0244,hin,True,17,20,30,42,1.1764705882352942,1.7647058823529411,2.4705882352941178
hin_0245,hin,True,39,49,61,82,1.2564102564102564,1.564102564102564,2.1025641025641026
hin_0246,hin,True,23,41,47,67,1.7826086956521738,2.0434782608695654,2.9130434782608696
hin_0247,hin,True,20,29,43,59,1.45,2.15,2.95
hin_0248,hin,True,23,22,30,45,0.9565217391304348,1.3043478260869565,1.9565217391304348
hin_0249,hin,True,25,30,41,55,1.2,1.64,2.2
hin_0250,hin,True,59,68,98,139,1.152542372881356,1.6610169491525424,2.3559322033898304
hin_0251,hin,True,29,30,41,57,1.0344827586206897,1.4137931034482758,1.9655172413793103
hin_0252,hin,True,41,48,66,86,1.170731707317073,1.6097560975609757,2.097560975609756
hin_0253,hin,True,28,35,52,63,1.25,1.8571428571428572,2.25
hin_0254,hin,True,30,37,38,63,1.2333333333333334,1.2666666666666666,2.1
hin_0255,hin,True,41,41,55,69,1.0,1.3414634146341464,1.6829268292682926
hin_0256,hin,True,24,28,42,59,1.1666666666666667,1.75,2.4583333333333335
hin_0257,hin,True,38,53,69,98,1.394736842105263,1.8157894736842106,2.5789473684210527
hin_0258,hin,True,29,25,39,64,0.8620689655172413,1.3448275862068966,2.206896551724138
hin_0259,hin,True,45,58,71,99,1.288888888888889,1.5777777777777777,2.2
hin_0260,hin,True,22,28,40,60,1.2727272727272727,1.8181818181818181,2.727272727272727
hin_0261,hin,True,43,40,59,79,0.9302325581395349,1.372093023255814,1.8372093023255813
hin_0262,hin,True,24,30,48,64,1.25,2.0,2.6666666666666665
hin_0263,hin,True,30,38,60,77,1.2666666666666666,2.0,2.566666666666667
hin_0264,hin,True,44,51,74,100,1.1590909090909092,1.6818181818181819,2.272727272727273
hin_0265,hin,True,35,40,67,92,1.1428571428571428,1.9142857142857144,2.6285714285714286
hin_0266,hin,True,27,29,40,61,1.0740740740740742,1.4814814814814814,2.259259259259259
hin_0267,hin,True,22,20,28,38,0.9090909090909091,1.2727272727272727,1.7272727272727273
hin_0268,hin,True,27,24,27,39,0.8888888888888888,1.0,1.4444444444444444
hin_0269,hin,True,30,31,49,59,1.0333333333333334,1.6333333333333333,1.9666666666666666
hin_0270,hin,True,44,55,71,104,1.25,1.6136363636363635,2.3636363636363638
hin_0271,hin,True,34,38,57,79,1.1176470588235294,1.6764705882352942,2.323529411764706
hin_0272,hin,True,18,21,24,39,1.1666666666666667,1.3333333333333333,2.1666666666666665
hin_0273,hin,True,42,48,69,94,1.1428571428571428,1.6428571428571428,2.238095238095238
hin_0274,hin,True,29,33,62,82,1.1379310344827587,2.1379310344827585,2.8275862068965516
hin_0275,hin,True,18,27,39,47,1.5,2.1666666666666665,2.611111111111111
hin_0276,hin,True,45,64,79,111,1.4222222222222223,1.7555555555555555,2.466666666666667
hin_0277,hin,True,41,33,53,72,0.8048780487804879,1.2926829268292683,1.7560975609756098
hin_0278,hin,True,22,27,46,60,1.2272727272727273,2.090909090909091,2.727272727272727
hin_0279,hin,True,24,36,39,53,1.5,1.625,2.2083333333333335
hin_0280,hin,True,39,57,63,98,1.4615384615384615,1.6153846153846154,2.5128205128205128
hin_0281,hin,True,41,43,63,86,1.048780487804878,1.5365853658536586,2.097560975609756
hin_0282,hin,True,44,58,80,99,1.3181818181818181,1.8181818181818181,2.25
hin_0283,hin,True,19,26,28,42,1.368421052631579,1.4736842105263157,2.210526315789474
hin_0284,hin,True,25,22,30,43,0.88,1.2,1.72
hin_0285,hin,True,33,48,69,90,1.4545454545454546,2.090909090909091,2.727272727272727
hin_0286,hin,True,27,39,56,68,1.4444444444444444,2.074074074074074,2.5185185185185186
hin_0287,hin,True,28,34,52,60,1.2142857142857142,1.8571428571428572,2.142857142857143
hin_0288,hin,True,24,25,44,60,1.0416666666666667,1.8333333333333333,2.5
hin_0289,hin,True,41,59,75,119,1.4390243902439024,1.829268292682927,2.902439024390244
hin_0290,hin,True,29,29,41,56,1.0,1.4137931034482758,1.9310344827586208
hin_0291,hin,True,15,20,35,44,1.3333333333333333,2.3333333333333335,2.933333333333333
hin_0292,hin,True,47,45,74,79,0.9574468085106383,1.574468085106383,1.6808510638297873
hin_0293,hin,True,38,54,73,101,1.4210526315789473,1.9210526315789473,2.6578947368421053
hin_0294,hin,True,26,30,36,58,1.1538461538461537,1.3846153846153846,2.230769230769231
hin_0295,hin,True,21,31,38,44,1.4761904761904763,1.8095238095238095,2.0952380952380953
hin_0296,hin,True,27,42,57,92,1.5555555555555556,2.111111111111111,3.4074074074074074
hin_0297,hin,True,21,23,31,46,1.0952380952380953,1.4761904761904763,2.1904761904761907
hin_0298,hin,True,26,31,55,71,1.1923076923076923,2.1153846153846154,2.730769230769231
hin_0299,hin,True,24,39,67,89,1.625,2.7916666666666665,3.7083333333333335
hin_0300,hin,True,15,19,30,35,1.2666666666666666,2.0,2.3333333333333335
hin_0301,hin,True,21,27,44,50,1.2857142857142858,2.0952380952380953,2.380952380952381
hin_0302,hin,True,34,45,60,81,1.3235294117647058,1.7647058823529411,2.3823529411764706
hin_0303,hin,True,23,27,34,54,1.173913043478261,1.4782608695652173,2.347826086956522
hin_0304,hin,True,35,29,44,64,0.8285714285714286,1.2571428571428571,1.8285714285714285
hin_0305,hin,True,34,46,57,81,1.3529411764705883,1.6764705882352942,2.3823529411764706
hin_0306,hin,True,23,20,29,49,0.8695652173913043,1.2608695652173914,2.130434782608696
hin_0307,hin,True,25,31,35,58,1.24,1.4,2.32
hin_0308,hin,True,17,22,27,48,1.2941176470588236,1.588235294117647,2.823529411764706
hin_0309,hin,True,35,35,59,68,1.0,1.6857142857142857,1.9428571428571428
hin_0310,hin,True,30,36,64,91,1.2,2.1333333333333333,3.033333333333333
hin_0311,hin,True,31,38,57,83,1.2258064516129032,1.8387096774193548,2.6774193548387095
hin_0312,hin,True,42,49,70,100,1.1666666666666667,1.6666666666666667,2.380952380952381
hin_0313,hin,True,33,42,49,72,1.2727272727272727,1.4848484848484849,2.1818181818181817
hin_0314,hin,True,41,50,81,114,1.2195121951219512,1.975609756097561,2.7804878048780486
hin_0315,hin,True,41,35,52,73,0.8536585365853658,1.2682926829268293,1.7804878048780488
hin_0316,hin,True,23,30,36,51,1.3043478260869565,1.565217391304348,2.217391304347826
hin_0317,hin,True,27,33,40,55,1.2222222222222223,1.4814814814814814,2.037037037037037
hin_0318,hin,True,44,61,91,107,1.3863636363636365,2.0681818181818183,2.4318181818181817
hin_0319,hin,True,21,21,38,51,1.0,1.8095238095238095,2.4285714285714284
hin_0320,hin,True,26,32,49,69,1.2307692307692308,1.8846153846153846,2.6538461538461537
hin_0321,hin,True,21,23,34,47,1.0952380952380953,1.619047619047619,2.238095238095238
hin_0322,hin,True,25,29,35,45,1.16,1.4,1.8
hin_0323,hin,True,47,110,184,143,2.3404255319148937,3.9148936170212765,3.0425531914893615
hin_0324,hin,True,29,31,41,63,1.0689655172413792,1.4137931034482758,2.1724137931034484
hin_0325,hin,True,44,45,62,91,1.0227272727272727,1.4090909090909092,2.0681818181818183
hin_0326,hin,True,30,38,48,64,1.2666666666666666,1.6,2.1333333333333333
hin_0327,hin,True,14,20,34,46,1.4285714285714286,2.4285714285714284,3.2857142857142856
hin_0328,hin,True,31,34,38,61,1.096774193548387,1.2258064516129032,1.967741935483871
hin_0329,hin,True,21,35,42,68,1.6666666666666667,2.0,3.238095238095238
hin_0330,hin,True,22,31,38,47,1.4090909090909092,1.7272727272727273,2.1363636363636362
hin_0331,hin,True,39,45,69,85,1.1538461538461537,1.7692307692307692,2.1794871794871793
hin_0332,hin,True,25,39,55,69,1.56,2.2,2.76
hin_0333,hin,True,17,18,22,33,1.0588235294117647,1.2941176470588236,1.9411764705882353
hin_0334,hin,True,22,29,33,51,1.3181818181818181,1.5,2.3181818181818183
hin_0335,hin,True,23,24,33,60,1.0434782608695652,1.434782608695652,2.608695652173913
hin_0336,hin,True,22,27,39,54,1.2272727272727273,1.7727272727272727,2.4545454545454546
hin_0337,hin,True,31,28,41,59,0.9032258064516129,1.3225806451612903,1.903225806451613
hin_0338,hin,True,20,23,36,44,1.15,1.8,2.2
hin_0339,hin,True,29,30,42,73,1.0344827586206897,1.4482758620689655,2.5172413793103448
hin_0340,hin,True,35,41,60,91,1.1714285714285715,1.7142857142857142,2.6
hin_0341,hin,True,40,54,72,96,1.35,1.8,2.4
hin_0342,hin,True,20,27,32,45,1.35,1.6,2.25
hin_0343,hin,True,25,36,49,68,1.44,1.96,2.72
hin_0344,hin,True,34,46,63,86,1.3529411764705883,1.8529411764705883,2.5294117647058822
hin_0345,hin,True,38,42,54,69,1.105263157894737,1.4210526315789473,1.8157894736842106
hin_0346,hin,True,25,37,57,71,1.48,2.28,2.84
hin_0347,hin,True,33,31,41,59,0.9393939393939394,1.2424242424242424,1.7878787878787878
hin_0348,hin,True,30,36,46,65,1.2,1.5333333333333334,2.1666666666666665
hin_0349,hin,True,36,44,74,104,1.2222222222222223,2.0555555555555554,2.888888888888889
hin_0350,hin,True,19,26,27,40,1.368421052631579,1.4210526315789473,2.1052631578947367
hin_0351,hin,True,24,32,48,56,1.3333333333333333,2.0,2.3333333333333335
hin_0352,hin,True,42,54,71,108,1.2857142857142858,1.6904761904761905,2.5714285714285716
hin_0353,hin,True,41,44,58,82,1.0731707317073171,1.4146341463414633,2.0
hin_0354,hin,True,43,47,62,98,1.0930232558139534,1.441860465116279,2.2790697674418605
hin_0355,hin,True,29,38,50,69,1.3103448275862069,1.7241379310344827,2.3793103448275863
hin_0356,hin,True,26,28,49,62,1.0769230769230769,1.8846153846153846,2.3846153846153846
hin_0357,hin,True,19,20,33,47,1.0526315789473684,1.736842105263158,2.473684210526316
hin_0358,hin,True,45,54,70,104,1.2,1.5555555555555556,2.311111111111111
hin_0359,hin,True,16,24,36,50,1.5,2.25,3.125
hin_0360,hin,True,45,57,76,105,1.2666666666666666,1.6888888888888889,2.3333333333333335
hin_0361,hin,True,40,49,59,83,1.225,1.475,2.075
hin_0362,hin,True,24,33,38,50,1.375,1.5833333333333333,2.0833333333333335
hin_0363,hin,True,28,37,48,67,1.3214285714285714,1.7142857142857142,2.392857142857143
hin_0364,hin,True,34,42,66,93,1.2352941176470589,1.9411764705882353,2.735294117647059
hin_0365,hin,True,26,28,46,61,1.0769230769230769,1.7692307692307692,2.3461538461538463
hin_0366,hin,True,46,66,99,147,1.434782608695652,2.152173913043478,3.1956521739130435
hin_0367,hin,True,35,44,57,73,1.2571428571428571,1.6285714285714286,2.085714285714286
hin_0368,hin,True,28,38,53,72,1.3571428571428572,1.8928571428571428,2.5714285714285716
hin_0369,hin,True,35,49,60,79,1.4,1.7142857142857142,2.257142857142857
hin_0370,hin,True,25,30,47,59,1.2,1.88,2.36
hin_0371,hin,True,23,29,39,49,1.2608695652173914,1.6956521739130435,2.130434782608696
hin_0372,hin,True,16,12,21,27,0.75,1.3125,1.6875
hin_0373,hin,True,25,35,45,59,1.4,1.8,2.36
hin_0374,hin,True,25,26,37,57,1.04,1.48,2.28
hin_0375,hin,True,24,36,38,59,1.5,1.5833333333333333,2.4583333333333335
hin_0376,hin,True,17,19,20,35,1.1176470588235294,1.1764705882352942,2.0588235294117645
hin_0377,hin,True,24,26,42,59,1.0833333333333333,1.75,2.4583333333333335
hin_0378,hin,True,17,24,30,44,1.411764705882353,1.7647058823529411,2.588235294117647
hin_0379,hin,True,23,32,48,64,1.391304347826087,2.0869565217391304,2.782608695652174
hin_0380,hin,True,23,32,37,50,1.391304347826087,1.608695652173913,2.1739130434782608
hin_0381,hin,True,40,53,72,96,1.325,1.8,2.4
hin_0382,hin,True,37,54,72,94,1.4594594594594594,1.945945945945946,2.5405405405405403
hin_0383,hin,True,26,30,42,72,1.1538461538461537,1.6153846153846154,2.769230769230769
hin_0384,hin,True,30,29,43,58,0.9666666666666667,1.4333333333333333,1.9333333333333333
hin_0385,hin,True,24,24,29,42,1.0,1.2083333333333333,1.75
hin_0386,hin,True,27,35,42,62,1.2962962962962963,1.5555555555555556,2.2962962962962963
hin_0387,hin,True,22,28,39,60,1.2727272727272727,1.7727272727272727,2.727272727272727
hin_0388,hin,True,29,40,59,75,1.3793103448275863,2.0344827586206895,2.586206896551724
hin_0389,hin,True,41,56,75,111,1.3658536585365855,1.829268292682927,2.707317073170732
hin_0390,hin,True,33,33,46,64,1.0,1.393939393939394,1.9393939393939394
hin_0391,hin,True,27,34,38,58,1.2592592592592593,1.4074074074074074,2.1481481481481484
hin_0392,hin,True,26,30,41,49,1.1538461538461537,1.5769230769230769,1.8846153846153846
hin_0393,hin,True,43,40,75,95,0.9302325581395349,1.744186046511628,2.2093023255813953
hin_0394,hin,True,20,29,32,51,1.45,1.6,2.55
hin_0395,hin,True,54,74,103,148,1.3703703703703705,1.9074074074074074,2.740740740740741
hin_0396,hin,True,75,93,121,169,1.24,1.6133333333333333,2.2533333333333334
hin_0397,hin,True,40,50,64,89,1.25,1.6,2.225
hin_0398,hin,True,29,39,54,68,1.3448275862068966,1.8620689655172413,2.3448275862068964
hin_0399,hin,True,27,30,41,63,1.1111111111111112,1.5185185185185186,2.3333333333333335
hin_0400,hin,True,36,42,57,81,1.1666666666666667,1.5833333333333333,2.25
hin_0401,hin,True,36,59,72,102,1.6388888888888888,2.0,2.8333333333333335
hin_0402,hin,True,20,26,36,56,1.3,1.8,2.8
hin_0403,hin,True,40,48,67,95,1.2,1.675,2.375
hin_0404,hin,True,35,31,44,64,0.8857142857142857,1.2571428571428571,1.8285714285714285
hin_0405,hin,True,20,24,38,56,1.2,1.9,2.8
hin_0406,hin,True,17,27,42,44,1.588235294117647,2.4705882352941178,2.588235294117647
hin_0407,hin,True,25,29,35,48,1.16,1.4,1.92
hin_0408,hin,True,39,51,69,97,1.3076923076923077,1.7692307692307692,2.4871794871794872
hin_0409,hin,True,51,62,68,100,1.2156862745098038,1.3333333333333333,1.9607843137254901
hin_0410,hin,True,16,26,33,53,1.625,2.0625,3.3125
hin_0411,hin,True,24,27,48,65,1.125,2.0,2.7083333333333335
hin_0412,hin,True,30,29,48,60,0.9666666666666667,1.6,2.0
hin_0413,hin,True,30,28,44,58,0.9333333333333333,1.4666666666666666,1.9333333333333333
hin_0414,hin,True,24,20,25,40,0.8333333333333334,1.0416666666666667,1.6666666666666667
hin_0415,hin,True,17,18,23,35,1.0588235294117647,1.3529411764705883,2.0588235294117645
hin_0416,hin,True,18,23,32,42,1.2777777777777777,1.7777777777777777,2.3333333333333335
hin_0417,hin,True,30,36,65,91,1.2,2.1666666666666665,3.033333333333333
hin_0418,hin,True,23,30,40,59,1.3043478260869565,1.7391304347826086,2.5652173913043477
hin_0419,hin,True,25,33,54,68,1.32,2.16,2.72
hin_0420,hin,True,20,24,35,57,1.2,1.75,2.85
hin_0421,hin,True,32,35,60,81,1.09375,1.875,2.53125
hin_0422,hin,True,22,28,50,70,1.2727272727272727,2.272727272727273,3.1818181818181817
hin_0423,hin,True,43,47,76,106,1.0930232558139534,1.7674418604651163,2.4651162790697674
hin_0424,hin,True,22,29,38,60,1.3181818181818181,1.7272727272727273,2.727272727272727
hin_0425,hin,True,28,38,43,60,1.3571428571428572,1.5357142857142858,2.142857142857143
hin_0426,hin,True,29,40,56,75,1.3793103448275863,1.9310344827586208,2.586206896551724
hin_0427,hin,True,41,56,78,110,1.3658536585365855,1.9024390243902438,2.682926829268293
hin_0428,hin,True,32,37,60,75,1.15625,1.875,2.34375
hin_0429,hin,True,40,47,68,93,1.175,1.7,2.325
hin_0430,hin,True,21,22,28,45,1.0476190476190477,1.3333333333333333,2.142857142857143
hin_0431,hin,True,29,30,42,57,1.0344827586206897,1.4482758620689655,1.9655172413793103
hin_0432,hin,True,37,56,77,95,1.5135135135135136,2.081081081081081,2.5675675675675675
hin_0433,hin,True,47,44,57,87,0.9361702127659575,1.2127659574468086,1.851063829787234
hin_0434,hin,True,30,42,56,83,1.4,1.8666666666666667,2.7666666666666666
hin_0435,hin,True,26,34,51,64,1.3076923076923077,1.9615384615384615,2.4615384615384617
hin_0436,hin,True,37,50,53,83,1.3513513513513513,1.4324324324324325,2.2432432432432434
hin_0437,hin,True,13,15,15,25,1.1538461538461537,1.1538461538461537,1.9230769230769231
hin_0438,hin,True,29,32,36,59,1.103448275862069,1.2413793103448276,2.0344827586206895
hin_0439,hin,True,30,41,75,101,1.3666666666666667,2.5,3.3666666666666667
hin_0440,hin,True,34,47,59,85,1.3823529411764706,1.7352941176470589,2.5
hin_0441,hin,True,28,32,40,64,1.1428571428571428,1.4285714285714286,2.2857142857142856
hin_0442,hin,True,41,51,67,91,1.2439024390243902,1.6341463414634145,2.2195121951219514
hin_0443,hin,True,50,58,74,109,1.16,1.48,2.18
hin_0444,hin,True,35,39,52,76,1.1142857142857143,1.4857142857142858,2.1714285714285713
hin_0445,hin,True,15,22,22,32,1.4666666666666666,1.4666666666666666,2.1333333333333333
hin_0446,hin,True,25,31,51,73,1.24,2.04,2.92
hin_0447,hin,True,14,21,25,37,1.5,1.7857142857142858,2.642857142857143
hin_0448,hin,True,28,44,55,77,1.5714285714285714,1.9642857142857142,2.75
hin_0449,hin,True,22,20,37,52,0.9090909090909091,1.6818181818181819,2.3636363636363638
hin_0450,hin,True,21,19,32,38,0.9047619047619048,1.5238095238095237,1.8095238095238095
hin_0451,hin,True,36,51,68,91,1.4166666666666667,1.8888888888888888,2.5277777777777777
hin_0452,hin,True,44,49,67,78,1.1136363636363635,1.5227272727272727,1.7727272727272727
hin_0453,hin,True,30,29,37,48,0.9666666666666667,1.2333333333333334,1.6
hin_0454,hin,True,15,14,25,29,0.9333333333333333,1.6666666666666667,1.9333333333333333
hin_0455,hin,True,15,16,24,34,1.0666666666666667,1.6,2.2666666666666666
hin_0456,hin,True,16,26,31,50,1.625,1.9375,3.125
hin_0457,hin,True,29,43,54,71,1.4827586206896552,1.8620689655172413,2.4482758620689653
hin_0458,hin,True,40,43,68,98,1.075,1.7,2.45
hin_0459,hin,True,36,45,63,87,1.25,1.75,2.4166666666666665
hin_0460,hin,True,26,36,52,64,1.3846153846153846,2.0,2.4615384615384617
hin_0461,hin,True,31,32,50,70,1.032258064516129,1.6129032258064515,2.2580645161290325
hin_0462,hin,True,21,25,38,43,1.1904761904761905,1.8095238095238095,2.0476190476190474
hin_0463,hin,True,36,51,71,102,1.4166666666666667,1.9722222222222223,2.8333333333333335
hin_0464,hin,True,29,37,50,74,1.2758620689655173,1.7241379310344827,2.5517241379310347
hin_0465,hin,True,35,36,60,83,1.0285714285714285,1.7142857142857142,2.3714285714285714
hin_0466,hin,True,21,26,34,48,1.2380952380952381,1.619047619047619,2.2857142857142856
hin_0467,hin,True,25,29,33,49,1.16,1.32,1.96
hin_0468,hin,True,39,42,51,68,1.0769230769230769,1.3076923076923077,1.7435897435897436
hin_0469,hin,True,21,21,34,40,1.0,1.619047619047619,1.9047619047619047
hin_0470,hin,True,17,30,44,66,1.7647058823529411,2.588235294117647,3.8823529411764706
hin_0471,hin,True,24,27,38,65,1.125,1.5833333333333333,2.7083333333333335
hin_0472,hin,True,28,36,51,68,1.2857142857142858,1.8214285714285714,2.4285714285714284
hin_0473,hin,True,15,19,30,36,1.2666666666666666,2.0,2.4
hin_0474,hin,True,35,46,63,83,1.3142857142857143,1.8,2.3714285714285714
hin_0475,hin,True,42,63,87,114,1.5,2.0714285714285716,2.7142857142857144
hin_0476,hin,True,19,22,29,38,1.1578947368421053,1.5263157894736843,2.0
hin_0477,hin,True,40,47,62,90,1.175,1.55,2.25
hin_0478,hin,True,17,21,37,51,1.2352941176470589,2.176470588235294,3.0
hin_0479,hin,True,34,37,58,73,1.088235294117647,1.7058823529411764,2.1470588235294117
hin_0480,hin,True,30,35,40,66,1.1666666666666667,1.3333333333333333,2.2
hin_0481,hin,True,32,40,60,80,1.25,1.875,2.5
hin_0482,hin,True,19,23,27,48,1.2105263157894737,1.4210526315789473,2.526315789473684
hin_0483,hin,True,20,20,34,40,1.0,1.7,2.0
hin_0484,hin,True,40,45,65,82,1.125,1.625,2.05
hin_0485,hin,True,17,20,32,49,1.1764705882352942,1.8823529411764706,2.8823529411764706
hin_0486,hin,True,21,29,34,53,1.380952380952381,1.619047619047619,2.5238095238095237
hin_0487,hin,True,14,20,32,48,1.4285714285714286,2.2857142857142856,3.4285714285714284
hin_0488,hin,True,43,42,54,88,0.9767441860465116,1.255813953488372,2.046511627906977
hin_0489,hin,True,45,62,75,103,1.3777777777777778,1.6666666666666667,2.2888888888888888
hin_0490,hin,True,43,40,69,87,0.9302325581395349,1.6046511627906976,2.0232558139534884
hin_0491,hin,True,21,26,46,57,1.2380952380952381,2.1904761904761907,2.7142857142857144
hin_0492,hin,True,35,34,46,65,0.9714285714285714,1.3142857142857143,1.8571428571428572
hin_0493,hin,True,45,58,77,107,1.288888888888889,1.711111111111111,2.3777777777777778
hin_0494,hin,True,21,20,37,42,0.9523809523809523,1.7619047619047619,2.0
hin_0495,hin,True,42,54,74,107,1.2857142857142858,1.7619047619047619,2.5476190476190474
hin_0496,hin,True,27,32,52,66,1.1851851851851851,1.9259259259259258,2.4444444444444446
hin_0497,hin,True,28,35,37,55,1.25,1.3214285714285714,1.9642857142857142
hin_0498,hin,True,27,26,39,57,0.9629629629629629,1.4444444444444444,2.111111111111111
hin_0499,hin,True,20,25,36,53,1.25,1.8,2.65
hin_0500,hin,True,26,29,38,69,1.1153846153846154,1.4615384615384615,2.6538461538461537
hin_0501,hin,True,42,62,84,112,1.4761904761904763,2.0,2.6666666666666665
hin_0502,hin,True,34,47,58,86,1.3823529411764706,1.7058823529411764,2.5294117647058822
hin_0503,hin,True,31,39,53,86,1.2580645161290323,1.7096774193548387,2.774193548387097
hin_0504,hin,True,24,33,49,65,1.375,2.0416666666666665,2.7083333333333335
hin_0505,hin,True,23,28,38,60,1.2173913043478262,1.6521739130434783,2.608695652173913
hin_0506,hin,True,44,50,59,77,1.1363636363636365,1.3409090909090908,1.75
hin_0507,hin,True,36,23,37,47,0.6388888888888888,1.0277777777777777,1.3055555555555556
hin_0508,hin,True,32,39,66,86,1.21875,2.0625,2.6875
hin_0509,hin,True,29,37,72,82,1.2758620689655173,2.4827586206896552,2.8275862068965516
hin_0510,hin,True,31,35,50,88,1.1290322580645162,1.6129032258064515,2.838709677419355
hin_0511,hin,True,44,52,61,79,1.1818181818181819,1.3863636363636365,1.7954545454545454
hin_0512,hin,True,71,76,113,162,1.0704225352112675,1.591549295774648,2.2816901408450705
hin_0513,hin,True,40,41,58,76,1.025,1.45,1.9
hin_0514,hin,True,38,43,78,93,1.131578947368421,2.0526315789473686,2.4473684210526314
hin_0515,hin,True,20,20,34,38,1.0,1.7,1.9
hin_0516,hin,True,45,54,72,105,1.2,1.6,2.3333333333333335
hin_0517,hin,True,48,48,71,96,1.0,1.4791666666666667,2.0
hin_0518,hin,True,36,40,53,79,1.1111111111111112,1.4722222222222223,2.1944444444444446
hin_0519,hin,True,41,52,85,120,1.2682926829268293,2.073170731707317,2.926829268292683
hin_0520,hin,True,35,39,51,62,1.1142857142857143,1.457142857142857,1.7714285714285714
hin_0521,hin,True,38,50,81,105,1.3157894736842106,2.1315789473684212,2.763157894736842
hin_0522,hin,True,39,44,70,109,1.1282051282051282,1.794871794871795,2.7948717948717947
hin_0523,hin,True,39,57,83,116,1.4615384615384615,2.128205128205128,2.9743589743589745
hin_0524,hin,True,37,53,72,90,1.4324324324324325,1.945945945945946,2.4324324324324325
hin_0525,hin,True,48,58,83,105,1.2083333333333333,1.7291666666666667,2.1875
hin_0526,hin,True,29,36,65,80,1.2413793103448276,2.2413793103448274,2.7586206896551726
hin_0527,hin,True,30,44,64,93,1.4666666666666666,2.1333333333333333,3.1
hin_0528,hin,True,43,39,55,87,0.9069767441860465,1.2790697674418605,2.0232558139534884
hin_0529,hin,True,33,36,52,70,1.0909090909090908,1.5757575757575757,2.121212121212121
hin_0530,hin,True,29,45,61,78,1.5517241379310345,2.103448275862069,2.689655172413793
hin_0531,hin,True,75,82,128,157,1.0933333333333333,1.7066666666666668,2.0933333333333333
hin_0532,hin,True,38,47,77,99,1.236842105263158,2.026315789473684,2.6052631578947367
hin_0533,hin,True,54,69,105,148,1.2777777777777777,1.9444444444444444,2.740740740740741
hin_0534,hin,True,25,34,52,73,1.36,2.08,2.92
hin_0535,hin,True,22,25,46,67,1.1363636363636365,2.090909090909091,3.0454545454545454
hin_0536,hin,True,16,20,29,36,1.25,1.8125,2.25
hin_0537,hin,True,36,53,67,97,1.4722222222222223,1.8611111111111112,2.6944444444444446
hin_0538,hin,True,25,31,46,60,1.24,1.84,2.4
hin_0539,hin,True,21,27,34,55,1.2857142857142858,1.619047619047619,2.619047619047619
hin_0540,hin,True,41,47,77,95,1.146341463414634,1.8780487804878048,2.317073170731707
hin_0541,hin,True,31,35,49,67,1.1290322580645162,1.5806451612903225,2.161290322580645
hin_0542,hin,True,17,22,38,48,1.2941176470588236,2.235294117647059,2.823529411764706
hin_0543,hin,True,35,33,46,59,0.9428571428571428,1.3142857142857143,1.6857142857142857
hin_0544,hin,True,29,40,44,76,1.3793103448275863,1.5172413793103448,2.6206896551724137
hin_0545,hin,True,26,26,41,57,1.0,1.5769230769230769,2.1923076923076925
hin_0546,hin,True,21,26,36,55,1.2380952380952381,1.7142857142857142,2.619047619047619
hin_0547,hin,True,28,32,44,58,1.1428571428571428,1.5714285714285714,2.0714285714285716
hin_0548,hin,True,40,42,59,74,1.05,1.475,1.85
hin_0549,hin,True,54,70,100,143,1.2962962962962963,1.8518518518518519,2.6481481481481484
hin_0550,hin,True,19,24,33,48,1.263157894736842,1.736842105263158,2.526315789473684
hin_0551,hin,True,38,47,66,91,1.236842105263158,1.736842105263158,2.3947368421052633
hin_0552,hin,True,25,30,48,65,1.2,1.92,2.6
hin_0553,hin,True,26,29,38,56,1.1153846153846154,1.4615384615384615,2.1538461538461537
hin_0554,hin,True,50,65,92,121,1.3,1.84,2.42
hin_0555,hin,True,20,26,38,56,1.3,1.9,2.8
hin_0556,hin,True,33,43,60,89,1.303030303030303,1.8181818181818181,2.696969696969697
hin_0557,hin,True,14,17,24,36,1.2142857142857142,1.7142857142857142,2.5714285714285716
hin_0558,hin,True,39,48,77,119,1.2307692307692308,1.9743589743589745,3.051282051282051
hin_0559,hin,True,21,24,35,49,1.1428571428571428,1.6666666666666667,2.3333333333333335
hin_0560,hin,True,50,54,74,105,1.08,1.48,2.1
hin_0561,hin,True,34,46,59,88,1.3529411764705883,1.7352941176470589,2.588235294117647
hin_0562,hin,True,25,34,42,60,1.36,1.68,2.4
hin_0563,hin,True,38,46,71,98,1.2105263157894737,1.868421052631579,2.5789473684210527
hin_0564,hin,True,29,45,59,77,1.5517241379310345,2.0344827586206895,2.6551724137931036
hin_0565,hin,True,22,29,49,63,1.3181818181818181,2.227272727272727,2.8636363636363638
hin_0566,hin,True,11,13,23,29,1.1818181818181819,2.090909090909091,2.6363636363636362
hin_0567,hin,True,41,48,81,117,1.170731707317073,1.975609756097561,2.8536585365853657
hin_0568,hin,True,35,38,55,87,1.0857142857142856,1.5714285714285714,2.4857142857142858
hin_0569,hin,True,22,25,36,45,1.1363636363636365,1.6363636363636365,2.0454545454545454
hin_0570,hin,True,19,22,30,39,1.1578947368421053,1.5789473684210527,2.0526315789473686
hin_0571,hin,True,48,55,80,99,1.1458333333333333,1.6666666666666667,2.0625
hin_0572,hin,True,54,65,88,116,1.2037037037037037,1.6296296296296295,2.1481481481481484
hin_0573,hin,True,13,16,15,25,1.2307692307692308,1.1538461538461537,1.9230769230769231
hin_0574,hin,True,31,18,32,38,0.5806451612903226,1.032258064516129,1.2258064516129032
hin_0575,hin,True,29,43,63,83,1.4827586206896552,2.1724137931034484,2.8620689655172415
hin_0576,hin,True,22,29,37,56,1.3181818181818181,1.6818181818181819,2.5454545454545454
hin_0577,hin,True,24,36,54,70,1.5,2.25,2.9166666666666665
hin_0578,hin,True,33,40,58,77,1.2121212121212122,1.7575757575757576,2.3333333333333335
hin_0579,hin,True,13,18,17,27,1.3846153846153846,1.3076923076923077,2.076923076923077
hin_0580,hin,True,29,29,49,69,1.0,1.6896551724137931,2.3793103448275863
hin_0581,hin,True,39,45,74,114,1.1538461538461537,1.8974358974358974,2.923076923076923
hin_0582,hin,True,18,21,29,43,1.1666666666666667,1.6111111111111112,2.388888888888889
hin_0583,hin,True,21,27,34,51,1.2857142857142858,1.619047619047619,2.4285714285714284
hin_0584,hin,True,26,24,33,56,0.9230769230769231,1.2692307692307692,2.1538461538461537
hin_0585,hin,True,41,43,56,89,1.048780487804878,1.3658536585365855,2.1707317073170733
hin_0586,hin,True,31,42,62,74,1.3548387096774193,2.0,2.3870967741935485
hin_0587,hin,True,29,30,50,66,1.0344827586206897,1.7241379310344827,2.2758620689655173
hin_0588,hin,True,26,34,45,80,1.3076923076923077,1.7307692307692308,3.076923076923077
hin_0589,hin,True,54,70,103,150,1.2962962962962963,1.9074074074074074,2.7777777777777777
hin_0590,hin,True,44,44,60,73,1.0,1.3636363636363635,1.6590909090909092
hin_0591,hin,True,25,27,36,54,1.08,1.44,2.16
hin_0592,hin,True,16,19,22,35,1.1875,1.375,2.1875
hin_0593,hin,True,22,31,53,66,1.4090909090909092,2.409090909090909,3.0
hin_0594,hin,True,19,25,36,50,1.3157894736842106,1.894736842105263,2.6315789473684212
hin_0595,hin,True,34,34,60,69,1.0,1.7647058823529411,2.0294117647058822
hin_0596,hin,True,40,44,59,87,1.1,1.475,2.175
hin_0597,hin,True,26,26,43,59,1.0,1.6538461538461537,2.269230769230769
hin_0598,hin,True,27,29,30,46,1.0740740740740742,1.1111111111111112,1.7037037037037037
hin_0599,hin,True,26,33,42,50,1.2692307692307692,1.6153846153846154,1.9230769230769231
hin_0600,hin,True,15,19,30,42,1.2666666666666666,2.0,2.8
hin_0601,hin,True,28,36,49,58,1.2857142857142858,1.75,2.0714285714285716
hin_0602,hin,True,34,45,55,76,1.3235294117647058,1.6176470588235294,2.235294117647059
hin_0603,hin,True,25,31,50,63,1.24,2.0,2.52
hin_0604,hin,True,47,50,76,100,1.0638297872340425,1.6170212765957446,2.127659574468085
hin_0605,hin,True,44,49,63,77,1.1136363636363635,1.4318181818181819,1.75
hin_0606,hin,True,28,36,51,67,1.2857142857142858,1.8214285714285714,2.392857142857143
hin_0607,hin,True,16,15,24,33,0.9375,1.5,2.0625
hin_0608,hin,True,38,54,71,104,1.4210526315789473,1.868421052631579,2.736842105263158
hin_0609,hin,True,14,20,22,34,1.4285714285714286,1.5714285714285714,2.4285714285714284
hin_0610,hin,True,36,48,61,82,1.3333333333333333,1.6944444444444444,2.2777777777777777
hin_0611,hin,True,20,27,33,49,1.35,1.65,2.45
hin_0612,hin,True,30,30,41,55,1.0,1.3666666666666667,1.8333333333333333
hin_0613,hin,True,25,35,52,74,1.4,2.08,2.96
hin_0614,hin,True,23,27,36,51,1.173913043478261,1.565217391304348,2.217391304347826
hin_0615,hin,True,32,40,59,73,1.25,1.84375,2.28125
hin_0616,hin,True,15,21,31,46,1.4,2.066666666666667,3.066666666666667
hin_0617,hin,True,27,30,34,50,1.1111111111111112,1.2592592592592593,1.8518518518518519
hin_0618,hin,True,42,60,86,104,1.4285714285714286,2.0476190476190474,2.4761904761904763
hin_0619,hin,True,25,27,41,64,1.08,1.64,2.56
hin_0620,hin,True,27,28,43,51,1.037037037037037,1.5925925925925926,1.8888888888888888
hin_0621,hin,True,20,23,31,50,1.15,1.55,2.5
hin_0622,hin,True,14,17,25,40,1.2142857142857142,1.7857142857142858,2.857142857142857
hin_0623,hin,True,36,42,57,79,1.1666666666666667,1.5833333333333333,2.1944444444444446
hin_0624,hin,True,50,58,75,109,1.16,1.5,2.18
hin_0625,hin,True,25,33,47,62,1.32,1.88,2.48
hin_0626,hin,True,26,30,38,57,1.1538461538461537,1.4615384615384615,2.1923076923076925
hin_0627,hin,True,23,30,49,55,1.3043478260869565,2.130434782608696,2.391304347826087
hin_0628,hin,True,35,51,70,94,1.457142857142857,2.0,2.6857142857142855
hin_0629,hin,True,16,23,29,35,1.4375,1.8125,2.1875
hin_0630,hin,True,36,47,86,103,1.3055555555555556,2.388888888888889,2.861111111111111
hin_0631,hin,True,22,26,36,51,1.1818181818181819,1.6363636363636365,2.3181818181818183
hin_0632,hin,True,21,26,31,46,1.2380952380952381,1.4761904761904763,2.1904761904761907
hin_0633,hin,True,35,42,61,95,1.2,1.7428571428571429,2.7142857142857144
hin_0634,hin,True,20,24,38,56,1.2,1.9,2.8
hin_0635,hin,True,45,61,75,107,1.3555555555555556,1.6666666666666667,2.3777777777777778
hin_0636,hin,True,29,37,50,67,1.2758620689655173,1.7241379310344827,2.310344827586207
hin_0637,hin,True,29,28,49,65,0.9655172413793104,1.6896551724137931,2.2413793103448274
hin_0638,hin,True,45,53,69,96,1.1777777777777778,1.5333333333333334,2.1333333333333333
hin_0639,hin,True,50,69,97,129,1.38,1.94,2.58
hin_0640,hin,True,23,26,38,56,1.1304347826086956,1.6521739130434783,2.4347826086956523
hin_0641,hin,True,49,57,83,120,1.163265306122449,1.6938775510204083,2.4489795918367347
hin_0642,hin,True,40,25,45,52,0.625,1.125,1.3
hin_0643,hin,True,21,24,36,52,1.1428571428571428,1.7142857142857142,2.4761904761904763
hin_0644,hin,True,25,29,41,55,1.16,1.64,2.2
hin_0645,hin,True,33,35,53,73,1.0606060606060606,1.606060606060606,2.212121212121212
hin_0646,hin,True,26,32,44,61,1.2307692307692308,1.6923076923076923,2.3461538461538463
hin_0647,hin,True,13,13,21,30,1.0,1.6153846153846154,2.3076923076923075
hin_0648,hin,True,38,42,64,81,1.105263157894737,1.6842105263157894,2.1315789473684212
hin_0649,hin,True,35,42,65,80,1.2,1.8571428571428572,2.2857142857142856
hin_0650,hin,True,32,42,60,81,1.3125,1.875,2.53125
hin_0651,hin,True,21,23,36,49,1.0952380952380953,1.7142857142857142,2.3333333333333335
hin_0652,hin,True,30,36,43,72,1.2,1.4333333333333333,2.4
hin_0653,hin,True,16,16,24,35,1.0,1.5,2.1875
hin_0654,hin,True,33,46,56,85,1.393939393939394,1.696969696969697,2.5757575757575757
hin_0655,hin,True,35,39,68,79,1.1142857142857143,1.9428571428571428,2.257142857142857
hin_0656,hin,True,24,35,36,55,1.4583333333333333,1.5,2.2916666666666665
hin_0657,hin,True,30,42,53,82,1.4,1.7666666666666666,2.7333333333333334
hin_0658,hin,True,40,53,71,90,1.325,1.775,2.25
hin_0659,hin,True,27,31,33,50,1.1481481481481481,1.2222222222222223,1.8518518518518519
hin_0660,hin,True,39,47,69,88,1.205128205128205,1.7692307692307692,2.2564102564102564
hin_0661,hin,True,41,54,65,88,1.3170731707317074,1.5853658536585367,2.1463414634146343
hin_0662,hin,True,25,26,36,51,1.04,1.44,2.04
hin_0663,hin,True,19,23,30,50,1.2105263157894737,1.5789473684210527,2.6315789473684212
hin_0664,hin,True,28,29,48,61,1.0357142857142858,1.7142857142857142,2.1785714285714284
hin_0665,hin,True,15,19,29,36,1.2666666666666666,1.9333333333333333,2.4
hin_0666,hin,True,47,53,82,113,1.127659574468085,1.7446808510638299,2.404255319148936
hin_0667,hin,True,43,48,73,88,1.1162790697674418,1.697674418604651,2.046511627906977
hin_0668,hin,True,22,29,38,61,1.3181818181818181,1.7272727272727273,2.772727272727273
hin_0669,hin,True,29,42,54,71,1.4482758620689655,1.8620689655172413,2.4482758620689653
hin_0670,hin,True,21,22,38,41,1.0476190476190477,1.8095238095238095,1.9523809523809523
hin_0671,hin,True,36,44,60,87,1.2222222222222223,1.6666666666666667,2.4166666666666665
hin_0672,hin,True,33,40,59,76,1.2121212121212122,1.7878787878787878,2.303030303030303
hin_0673,hin,True,33,31,47,68,0.9393939393939394,1.4242424242424243,2.0606060606060606
hin_0674,hin,True,21,23,33,53,1.0952380952380953,1.5714285714285714,2.5238095238095237
hin_0675,hin,True,22,28,43,53,1.2727272727272727,1.9545454545454546,2.409090909090909
hin_0676,hin,True,36,57,86,112,1.5833333333333333,2.388888888888889,3.111111111111111
hin_0677,hin,True,35,42,63,92,1.2,1.8,2.6285714285714286
hin_0678,hin,True,11,12,22,27,1.0909090909090908,2.0,2.4545454545454546
hin_0679,hin,True,29,28,49,67,0.9655172413793104,1.6896551724137931,2.310344827586207
hin_0680,hin,True,41,43,67,91,1.048780487804878,1.6341463414634145,2.2195121951219514
hin_0681,hin,True,39,48,70,91,1.2307692307692308,1.794871794871795,2.3333333333333335
hin_0682,hin,True,20,27,36,53,1.35,1.8,2.65
hin_0683,hin,True,35,45,50,69,1.2857142857142858,1.4285714285714286,1.9714285714285715
hin_0684,hin,True,20,25,35,54,1.25,1.75,2.7
hin_0685,hin,True,18,32,35,51,1.7777777777777777,1.9444444444444444,2.8333333333333335
hin_0686,hin,True,45,53,72,104,1.1777777777777778,1.6,2.311111111111111
hin_0687,hin,True,14,19,31,48,1.3571428571428572,2.2142857142857144,3.4285714285714284
hin_0688,hin,True,20,28,43,58,1.4,2.15,2.9
hin_0689,hin,True,26,26,37,50,1.0,1.4230769230769231,1.9230769230769231
hin_0690,hin,True,33,38,52,65,1.1515151515151516,1.5757575757575757,1.9696969696969697
hin_0691,hin,True,26,30,38,57,1.1538461538461537,1.4615384615384615,2.1923076923076925
hin_0692,hin,True,40,45,60,81,1.125,1.5,2.025
hin_0693,hin,True,21,27,35,54,1.2857142857142858,1.6666666666666667,2.5714285714285716
hin_0694,hin,True,20,26,31,50,1.3,1.55,2.5
hin_0695,hin,True,26,31,50,62,1.1923076923076923,1.9230769230769231,2.3846153846153846
hin_0696,hin,True,41,38,54,79,0.926829268292683,1.3170731707317074,1.9268292682926829
hin_0697,hin,True,25,36,50,72,1.44,2.0,2.88
hin_0698,hin,True,36,54,67,91,1.5,1.8611111111111112,2.5277777777777777
hin_0699,hin,True,25,33,49,60,1.32,1.96,2.4
hin_0700,hin,True,28,40,45,63,1.4285714285714286,1.6071428571428572,2.25
hin_0701,hin,True,25,41,56,80,1.64,2.24,3.2
hin_0702,hin,True,36,60,84,118,1.6666666666666667,2.3333333333333335,3.2777777777777777
hin_0703,hin,True,29,33,45,73,1.1379310344827587,1.5517241379310345,2.5172413793103448
hin_0704,hin,True,31,29,37,53,0.9354838709677419,1.1935483870967742,1.7096774193548387
hin_0705,hin,True,23,23,32,36,1.0,1.391304347826087,1.565217391304348
hin_0706,hin,True,22,28,35,52,1.2727272727272727,1.5909090909090908,2.3636363636363638
hin_0707,hin,True,48,58,84,105,1.2083333333333333,1.75,2.1875
hin_0708,hin,True,36,39,51,76,1.0833333333333333,1.4166666666666667,2.111111111111111
hin_0709,hin,True,35,43,48,74,1.2285714285714286,1.3714285714285714,2.1142857142857143
hin_0710,hin,True,23,32,51,59,1.391304347826087,2.217391304347826,2.5652173913043477
hin_0711,hin,True,35,33,46,67,0.9428571428571428,1.3142857142857143,1.9142857142857144
hin_0712,hin,True,40,56,83,111,1.4,2.075,2.775
hin_0713,hin,True,36,42,55,80,1.1666666666666667,1.5277777777777777,2.2222222222222223
hin_0714,hin,True,17,23,34,50,1.3529411764705883,2.0,2.9411764705882355
hin_0715,hin,True,28,29,45,56,1.0357142857142858,1.6071428571428572,2.0
hin_0716,hin,True,32,39,55,75,1.21875,1.71875,2.34375
hin_0717,hin,True,16,24,36,52,1.5,2.25,3.25
hin_0718,hin,True,20,14,22,33,0.7,1.1,1.65
hin_0719,hin,True,23,31,35,59,1.3478260869565217,1.5217391304347827,2.5652173913043477
hin_0720,hin,True,71,83,122,156,1.1690140845070423,1.7183098591549295,2.1971830985915495
hin_0721,hin,True,26,35,45,51,1.3461538461538463,1.7307692307692308,1.9615384615384615
hin_0722,hin,True,33,40,51,64,1.2121212121212122,1.5454545454545454,1.9393939393939394
hin_0723,hin,True,21,28,34,50,1.3333333333333333,1.619047619047619,2.380952380952381
hin_0724,hin,True,44,54,69,99,1.2272727272727273,1.5681818181818181,2.25
hin_0725,hin,True,29,31,44,60,1.0689655172413792,1.5172413793103448,2.0689655172413794
hin_0726,hin,True,35,47,69,91,1.3428571428571427,1.9714285714285715,2.6
hin_0727,hin,True,21,29,39,56,1.380952380952381,1.8571428571428572,2.6666666666666665
hin_0728,hin,True,20,22,30,48,1.1,1.5,2.4
hin_0729,hin,True,38,48,60,91,1.263157894736842,1.5789473684210527,2.3947368421052633
hin_0730,hin,True,29,38,49,67,1.3103448275862069,1.6896551724137931,2.310344827586207
hin_0731,hin,True,27,36,45,74,1.3333333333333333,1.6666666666666667,2.740740740740741
hin_0732,hin,True,21,22,34,52,1.0476190476190477,1.619047619047619,2.4761904761904763
hin_0733,hin,True,11,15,18,23,1.3636363636363635,1.6363636363636365,2.090909090909091
hin_0734,hin,True,35,39,40,61,1.1142857142857143,1.1428571428571428,1.7428571428571429
hin_0735,hin,True,16,16,26,35,1.0,1.625,2.1875
hin_0736,hin,True,40,57,77,105,1.425,1.925,2.625
hin_0737,hin,True,29,30,49,73,1.0344827586206897,1.6896551724137931,2.5172413793103448
hin_0738,hin,True,27,29,32,47,1.0740740740740742,1.1851851851851851,1.7407407407407407
hin_0739,hin,True,71,50,85,107,0.704225352112676,1.1971830985915493,1.5070422535211268
hin_0740,hin,True,32,42,59,81,1.3125,1.84375,2.53125
hin_0741,hin,True,32,40,68,88,1.25,2.125,2.75
hin_0742,hin,True,36,43,70,91,1.1944444444444444,1.9444444444444444,2.5277777777777777
hin_0743,hin,True,38,46,79,99,1.2105263157894737,2.0789473684210527,2.6052631578947367
hin_0744,hin,True,16,16,21,31,1.0,1.3125,1.9375
hin_0745,hin,True,38,56,77,112,1.4736842105263157,2.026315789473684,2.9473684210526314
hin_0746,hin,True,29,33,50,79,1.1379310344827587,1.7241379310344827,2.7241379310344827
hin_0747,hin,True,29,29,42,65,1.0,1.4482758620689655,2.2413793103448274
hin_0748,hin,True,29,36,44,58,1.2413793103448276,1.5172413793103448,2.0
hin_0749,hin,True,35,39,46,72,1.1142857142857143,1.3142857142857143,2.057142857142857
hin_0750,hin,True,14,15,23,37,1.0714285714285714,1.6428571428571428,2.642857142857143
hin_0751,hin,True,47,27,41,52,0.574468085106383,0.8723404255319149,1.1063829787234043
hin_0752,hin,True,11,15,18,25,1.3636363636363635,1.6363636363636365,2.272727272727273
hin_0753,hin,True,20,16,24,36,0.8,1.2,1.8
hin_0754,hin,True,29,40,56,73,1.3793103448275863,1.9310344827586208,2.5172413793103448
hin_0755,hin,True,16,24,29,35,1.5,1.8125,2.1875
hin_0756,hin,True,36,52,63,83,1.4444444444444444,1.75,2.3055555555555554
hin_0757,hin,True,35,36,46,67,1.0285714285714285,1.3142857142857143,1.9142857142857144
hin_0758,hin,True,40,51,76,101,1.275,1.9,2.525
hin_0759,hin,True,29,34,45,60,1.1724137931034482,1.5517241379310345,2.0689655172413794
hin_0760,hin,True,35,50,72,93,1.4285714285714286,2.057142857142857,2.657142857142857
hin_0761,hin,True,42,48,67,93,1.1428571428571428,1.5952380952380953,2.2142857142857144
hin_0762,hin,True,32,37,59,86,1.15625,1.84375,2.6875
hin_0763,hin,True,22,28,35,50,1.2727272727272727,1.5909090909090908,2.272727272727273
hin_0764,hin,True,25,39,54,76,1.56,2.16,3.04
hin_0765,hin,True,28,32,50,65,1.1428571428571428,1.7857142857142858,2.3214285714285716
hin_0766,hin,True,23,33,36,60,1.434782608695652,1.565217391304348,2.608695652173913
hin_0767,hin,True,54,72,104,150,1.3333333333333333,1.9259259259259258,2.7777777777777777
hin_0768,hin,True,35,39,62,88,1.1142857142857143,1.7714285714285714,2.5142857142857142
hin_0769,hin,True,36,53,63,85,1.4722222222222223,1.75,2.361111111111111
hin_0770,hin,True,38,45,68,92,1.1842105263157894,1.7894736842105263,2.4210526315789473
hin_0771,hin,True,29,26,40,62,0.896551724137931,1.3793103448275863,2.1379310344827585
hin_0772,hin,True,34,45,60,71,1.3235294117647058,1.7647058823529411,2.088235294117647
hin_0773,hin,True,45,59,76,100,1.3111111111111111,1.6888888888888889,2.2222222222222223
hin_0774,hin,True,36,41,55,89,1.1388888888888888,1.5277777777777777,2.4722222222222223
hin_0775,hin,True,20,30,36,55,1.5,1.8,2.75
hin_0776,hin,True,28,30,42,51,1.0714285714285714,1.5,1.8214285714285714
hin_0777,hin,True,22,24,34,43,1.0909090909090908,1.5454545454545454,1.9545454545454546
hin_0778,hin,True,23,31,35,59,1.3478260869565217,1.5217391304347827,2.5652173913043477
hin_0779,hin,True,34,45,59,85,1.3235294117647058,1.7352941176470589,2.5
hin_0780,hin,True,29,33,50,80,1.1379310344827587,1.7241379310344827,2.7586206896551726
hin_0781,hin,True,14,22,25,39,1.5714285714285714,1.7857142857142858,2.7857142857142856
hin_0782,hin,True,23,30,39,47,1.3043478260869565,1.6956521739130435,2.0434782608695654
hin_0783,hin,True,24,30,48,68,1.25,2.0,2.8333333333333335
hin_0784,hin,True,36,37,47,65,1.0277777777777777,1.3055555555555556,1.8055555555555556
hin_0785,hin,True,44,51,65,86,1.1590909090909092,1.4772727272727273,1.9545454545454546
hin_0786,hin,True,42,60,86,117,1.4285714285714286,2.0476190476190474,2.7857142857142856
hin_0787,hin,True,22,29,50,65,1.3181818181818181,2.272727272727273,2.9545454545454546
hin_0788,hin,True,22,22,28,38,1.0,1.2727272727272727,1.7272727272727273
hin_0789,hin,True,28,30,39,48,1.0714285714285714,1.3928571428571428,1.7142857142857142
hin_0790,hin,True,43,43,70,90,1.0,1.627906976744186,2.0930232558139537
hin_0791,hin,True,42,51,72,97,1.2142857142857142,1.7142857142857142,2.3095238095238093
hin_0792,hin,True,16,21,33,45,1.3125,2.0625,2.8125
hin_0793,hin,True,16,21,31,42,1.3125,1.9375,2.625
hin_0794,hin,True,20,21,28,40,1.05,1.4,2.0
hin_0795,hin,True,18,25,31,45,1.3888888888888888,1.7222222222222223,2.5
hin_0796,hin,True,27,31,43,63,1.1481481481481481,1.5925925925925926,2.3333333333333335
hin_0797,hin,True,42,61,86,116,1.4523809523809523,2.0476190476190474,2.761904761904762
hin_0798,hin,True,25,38,55,66,1.52,2.2,2.64
hin_0799,hin,True,32,36,58,82,1.125,1.8125,2.5625
hin_0800,hin,True,23,29,44,47,1.2608695652173914,1.9130434782608696,2.0434782608695654
hin_0801,hin,True,20,19,33,37,0.95,1.65,1.85
hin_0802,hin,True,41,49,71,100,1.1951219512195121,1.7317073170731707,2.4390243902439024
hin_0803,hin,True,16,21,33,45,1.3125,2.0625,2.8125
hin_0804,hin,True,50,63,80,117,1.26,1.6,2.34
hin_0805,hin,True,28,34,41,63,1.2142857142857142,1.4642857142857142,2.25
hin_0806,hin,True,25,33,44,71,1.32,1.76,2.84
hin_0807,hin,True,32,42,60,81,1.3125,1.875,2.53125
hin_0808,hin,True,33,48,66,90,1.4545454545454546,2.0,2.727272727272727
hin_0809,hin,True,45,58,74,101,1.288888888888889,1.6444444444444444,2.2444444444444445
hin_0810,hin,True,49,53,77,105,1.0816326530612246,1.5714285714285714,2.142857142857143
hin_0811,hin,True,44,40,57,74,0.9090909090909091,1.2954545454545454,1.6818181818181819
hin_0812,hin,True,38,45,77,96,1.1842105263157894,2.026315789473684,2.526315789473684
hin_0813,hin,True,35,29,45,67,0.8285714285714286,1.2857142857142858,1.9142857142857144
hin_0814,hin,True,21,24,35,50,1.1428571428571428,1.6666666666666667,2.380952380952381
hin_0815,hin,True,15,20,25,38,1.3333333333333333,1.6666666666666667,2.533333333333333
hin_0816,hin,True,16,15,24,33,0.9375,1.5,2.0625
hin_0817,hin,True,38,49,77,100,1.2894736842105263,2.026315789473684,2.6315789473684212
hin_0818,hin,True,28,34,38,60,1.2142857142857142,1.3571428571428572,2.142857142857143
hin_0819,hin,True,30,32,58,83,1.0666666666666667,1.9333333333333333,2.7666666666666666
hin_0820,hin,True,24,22,38,54,0.9166666666666666,1.5833333333333333,2.25
hin_0821,hin,True,45,49,68,96,1.0888888888888888,1.511111111111111,2.1333333333333333
hin_0822,hin,True,29,29,49,69,1.0,1.6896551724137931,2.3793103448275863
hin_0823,hin,True,35,38,66,77,1.0857142857142856,1.8857142857142857,2.2
hin_0824,hin,True,42,51,72,95,1.2142857142857142,1.7142857142857142,2.261904761904762
hin_0825,hin,True,14,22,37,50,1.5714285714285714,2.642857142857143,3.5714285714285716
hin_0826,hin,True,13,15,15,25,1.1538461538461537,1.1538461538461537,1.9230769230769231
hin_0827,hin,True,27,35,43,64,1.2962962962962963,1.5925925925925926,2.3703703703703702
hin_0828,hin,True,35,41,47,70,1.1714285714285715,1.3428571428571427,2.0
hin_0829,hin,True,48,41,65,92,0.8541666666666666,1.3541666666666667,1.9166666666666667
hin_0830,hin,True,25,34,49,65,1.36,1.96,2.6
hin_0831,hin,True,26,28,35,56,1.0769230769230769,1.3461538461538463,2.1538461538461537
hin_0832,hin,True,38,47,63,90,1.236842105263158,1.6578947368421053,2.3684210526315788
hin_0833,hin,True,23,29,48,54,1.2608695652173914,2.0869565217391304,2.347826086956522
hin_0834,hin,True,24,25,32,51,1.0416666666666667,1.3333333333333333,2.125
hin_0835,hin,True,21,26,34,49,1.2380952380952381,1.619047619047619,2.3333333333333335
hin_0836,hin,True,36,40,52,86,1.1111111111111112,1.4444444444444444,2.388888888888889
hin_0837,hin,True,39,56,84,117,1.435897435897436,2.1538461538461537,3.0
hin_0838,hin,True,41,61,83,118,1.4878048780487805,2.024390243902439,2.8780487804878048
hin_0839,hin,True,22,18,35,33,0.8181818181818182,1.5909090909090908,1.5
hin_0840,hin,True,32,46,56,78,1.4375,1.75,2.4375
hin_0841,hin,True,24,29,44,58,1.2083333333333333,1.8333333333333333,2.4166666666666665
hin_0842,hin,True,37,48,61,91,1.2972972972972974,1.6486486486486487,2.4594594594594597
hin_0843,hin,True,20,29,35,56,1.45,1.75,2.8
hin_0844,hin,True,33,53,75,99,1.606060606060606,2.272727272727273,3.0
hin_0845,hin,True,40,41,62,76,1.025,1.55,1.9
hin_0846,hin,True,45,61,72,100,1.3555555555555556,1.6,2.2222222222222223
hin_0847,hin,True,41,48,69,101,1.170731707317073,1.6829268292682926,2.4634146341463414
hin_0848,hin,True,26,35,52,66,1.3461538461538463,2.0,2.5384615384615383
hin_0849,hin,True,35,34,48,61,0.9714285714285714,1.3714285714285714,1.7428571428571429
hin_0850,hin,True,39,53,81,111,1.358974358974359,2.076923076923077,2.8461538461538463
hin_0851,hin,True,31,20,29,39,0.6451612903225806,0.9354838709677419,1.2580645161290323
hin_0852,hin,True,17,16,24,38,0.9411764705882353,1.411764705882353,2.235294117647059
hin_0853,hin,True,20,25,40,60,1.25,2.0,3.0
hin_0854,hin,True,41,48,77,112,1.170731707317073,1.8780487804878048,2.731707317073171
hin_0855,hin,True,38,50,75,104,1.3157894736842106,1.9736842105263157,2.736842105263158
hin_0856,hin,True,14,20,21,36,1.4285714285714286,1.5,2.5714285714285716
hin_0857,hin,True,29,35,60,78,1.206896551724138,2.0689655172413794,2.689655172413793
hin_0858,hin,True,33,46,59,88,1.393939393939394,1.7878787878787878,2.6666666666666665
hin_0859,hin,True,44,52,61,77,1.1818181818181819,1.3863636363636365,1.75
hin_0860,hin,True,29,40,54,64,1.3793103448275863,1.8620689655172413,2.206896551724138
hin_0861,hin,True,21,28,37,51,1.3333333333333333,1.7619047619047619,2.4285714285714284
hin_0862,hin,True,17,19,31,40,1.1176470588235294,1.8235294117647058,2.3529411764705883
hin_0863,hin,True,36,42,49,78,1.1666666666666667,1.3611111111111112,2.1666666666666665
hin_0864,hin,True,16,18,22,34,1.125,1.375,2.125
hin_0865,hin,True,34,40,54,75,1.1764705882352942,1.588235294117647,2.2058823529411766
hin_0866,hin,True,36,40,51,64,1.1111111111111112,1.4166666666666667,1.7777777777777777
hin_0867,hin,True,21,29,36,55,1.380952380952381,1.7142857142857142,2.619047619047619
hin_0868,hin,True,44,59,73,112,1.3409090909090908,1.6590909090909092,2.5454545454545454
hin_0869,hin,True,25,30,42,62,1.2,1.68,2.48
hin_0870,hin,True,22,22,35,37,1.0,1.5909090909090908,1.6818181818181819
hin_0871,hin,True,36,31,48,57,0.8611111111111112,1.3333333333333333,1.5833333333333333
hin_0872,hin,True,48,32,48,63,0.6666666666666666,1.0,1.3125
hin_0873,hin,True,39,59,91,125,1.5128205128205128,2.3333333333333335,3.2051282051282053
hin_0874,hin,True,27,36,42,68,1.3333333333333333,1.5555555555555556,2.5185185185185186
hin_0875,hin,True,45,57,77,106,1.2666666666666666,1.711111111111111,2.3555555555555556
hin_0876,hin,True,24,33,46,67,1.375,1.9166666666666667,2.7916666666666665
hin_0877,hin,True,26,32,50,64,1.2307692307692308,1.9230769230769231,2.4615384615384617
hin_0878,hin,True,23,26,35,59,1.1304347826086956,1.5217391304347827,2.5652173913043477
hin_0879,hin,True,29,45,59,74,1.5517241379310345,2.0344827586206895,2.5517241379310347
hin_0880,hin,True,25,32,46,61,1.28,1.84,2.44
hin_0881,hin,True,26,28,32,52,1.0769230769230769,1.2307692307692308,2.0
hin_0882,hin,True,31,33,43,65,1.064516129032258,1.3870967741935485,2.096774193548387
hin_0883,hin,True,44,42,62,69,0.9545454545454546,1.4090909090909092,1.5681818181818181
hin_0884,hin,True,27,32,47,59,1.1851851851851851,1.7407407407407407,2.185185185185185
hin_0885,hin,True,35,44,65,101,1.2571428571428571,1.8571428571428572,2.8857142857142857
hin_0886,hin,True,18,29,33,49,1.6111111111111112,1.8333333333333333,2.7222222222222223
hin_0887,hin,True,40,47,60,85,1.175,1.5,2.125
hin_0888,hin,True,36,39,54,85,1.0833333333333333,1.5,2.361111111111111
hin_0889,hin,True,30,40,50,76,1.3333333333333333,1.6666666666666667,2.533333333333333
hin_0890,hin,True,23,32,39,61,1.391304347826087,1.6956521739130435,2.652173913043478
hin_0891,hin,True,25,29,42,67,1.16,1.68,2.68
hin_0892,hin,True,26,37,64,85,1.4230769230769231,2.4615384615384617,3.269230769230769
hin_0893,hin,True,25,30,45,66,1.2,1.8,2.64
hin_0894,hin,True,20,21,37,42,1.05,1.85,2.1
hin_0895,hin,True,19,28,33,59,1.4736842105263157,1.736842105263158,3.1052631578947367
hin_0896,hin,True,40,44,64,87,1.1,1.6,2.175
hin_0897,hin,True,16,18,22,36,1.125,1.375,2.25
hin_0898,hin,True,31,34,51,68,1.096774193548387,1.6451612903225807,2.193548387096774
hin_0899,hin,True,17,21,33,42,1.2352941176470589,1.9411764705882353,2.4705882352941178
hin_0900,hin,True,13,16,23,31,1.2307692307692308,1.7692307692307692,2.3846153846153846
hin_0901,hin,True,13,15,22,30,1.1538461538461537,1.6923076923076923,2.3076923076923075
hin_0902,hin,True,36,40,55,81,1.1111111111111112,1.5277777777777777,2.25
hin_0903,hin,True,13,15,23,30,1.1538461538461537,1.7692307692307692,2.3076923076923075
hin_0904,hin,True,26,38,59,76,1.4615384615384615,2.269230769230769,2.923076923076923
hin_0905,hin,True,26,38,54,70,1.4615384615384615,2.076923076923077,2.6923076923076925
hin_0906,hin,True,16,13,26,31,0.8125,1.625,1.9375
hin_0907,hin,True,24,27,37,51,1.125,1.5416666666666667,2.125
hin_0908,hin,True,13,13,21,30,1.0,1.6153846153846154,2.3076923076923075
hin_0909,hin,True,22,21,35,38,0.9545454545454546,1.5909090909090908,1.7272727272727273
hin_0910,hin,True,29,33,48,62,1.1379310344827587,1.6551724137931034,2.1379310344827585
hin_0911,hin,True,25,25,37,56,1.0,1.48,2.24
hin_0912,hin,True,27,26,39,55,0.9629629629629629,1.4444444444444444,2.037037037037037
hin_0913,hin,True,18,22,25,42,1.2222222222222223,1.3888888888888888,2.3333333333333335
hin_0914,hin,True,22,28,46,64,1.2727272727272727,2.090909090909091,2.909090909090909
hin_0915,hin,True,30,29,45,59,0.9666666666666667,1.5,1.9666666666666666
hin_0916,hin,True,44,38,57,67,0.8636363636363636,1.2954545454545454,1.5227272727272727
hin_0917,hin,True,27,30,48,61,1.1111111111111112,1.7777777777777777,2.259259259259259
hin_0918,hin,True,38,48,77,99,1.263157894736842,2.026315789473684,2.6052631578947367
hin_0919,hin,True,17,20,36,43,1.1764705882352942,2.1176470588235294,2.5294117647058822
hin_0920,hin,True,24,26,42,63,1.0833333333333333,1.75,2.625
hin_0921,hin,True,26,35,59,78,1.3461538461538463,2.269230769230769,3.0
hin_0922,hin,True,34,44,58,86,1.2941176470588236,1.7058823529411764,2.5294117647058822
hin_0923,hin,True,50,58,72,106,1.16,1.44,2.12
hin_0924,hin,True,20,24,39,43,1.2,1.95,2.15
hin_0925,hin,True,36,48,76,102,1.3333333333333333,2.111111111111111,2.8333333333333335
hin_0926,hin,True,54,60,90,127,1.1111111111111112,1.6666666666666667,2.3518518518518516
hin_0927,hin,True,37,43,63,90,1.162162162162162,1.7027027027027026,2.4324324324324325
hin_0928,hin,True,43,46,67,84,1.069767441860465,1.558139534883721,1.9534883720930232
hin_0929,hin,True,31,33,56,87,1.064516129032258,1.8064516129032258,2.806451612903226
hin_0930,hin,True,33,40,56,77,1.2121212121212122,1.696969696969697,2.3333333333333335
hin_0931,hin,True,25,29,45,59,1.16,1.8,2.36
hin_0932,hin,True,30,36,44,62,1.2,1.4666666666666666,2.066666666666667
hin_0933,hin,True,49,58,88,121,1.183673469387755,1.7959183673469388,2.4693877551020407
hin_0934,hin,True,39,45,75,111,1.1538461538461537,1.9230769230769231,2.8461538461538463
hin_0935,hin,True,31,46,70,81,1.4838709677419355,2.2580645161290325,2.6129032258064515
hin_0936,hin,True,27,35,56,64,1.2962962962962963,2.074074074074074,2.3703703703703702
hin_0937,hin,True,41,39,56,75,0.9512195121951219,1.3658536585365855,1.829268292682927
hin_0938,hin,True,19,23,28,39,1.2105263157894737,1.4736842105263157,2.0526315789473686
hin_0939,hin,True,41,49,63,93,1.1951219512195121,1.5365853658536586,2.268292682926829
hin_0940,hin,True,26,35,45,55,1.3461538461538463,1.7307692307692308,2.1153846153846154
hin_0941,hin,True,42,53,71,97,1.2619047619047619,1.6904761904761905,2.3095238095238093
hin_0942,hin,True,31,41,62,74,1.3225806451612903,2.0,2.3870967741935485
hin_0943,hin,True,23,29,38,49,1.2608695652173914,1.6521739130434783,2.130434782608696
hin_0944,hin,True,17,16,24,37,0.9411764705882353,1.411764705882353,2.176470588235294
hin_0945,hin,True,18,21,24,40,1.1666666666666667,1.3333333333333333,2.2222222222222223
hin_0946,hin,True,45,52,71,102,1.1555555555555554,1.5777777777777777,2.2666666666666666
hin_0947,hin,True,50,71,95,128,1.42,1.9,2.56
hin_0948,hin,True,25,30,46,57,1.2,1.84,2.28
hin_0949,hin,True,29,32,46,61,1.103448275862069,1.5862068965517242,2.103448275862069
hin_0950,hin,True,26,36,66,81,1.3846153846153846,2.5384615384615383,3.1153846153846154
hin_0951,hin,True,16,19,27,38,1.1875,1.6875,2.375
hin_0952,hin,True,38,53,76,102,1.394736842105263,2.0,2.6842105263157894
hin_0953,hin,True,21,23,32,47,1.0952380952380953,1.5238095238095237,2.238095238095238
hin_0954,hin,True,50,61,80,117,1.22,1.6,2.34
hin_0955,hin,True,27,30,48,61,1.1111111111111112,1.7777777777777777,2.259259259259259
hin_0956,hin,True,38,54,71,106,1.4210526315789473,1.868421052631579,2.789473684210526
hin_0957,hin,True,17,16,24,39,0.9411764705882353,1.411764705882353,2.2941176470588234
hin_0958,hin,True,18,20,31,43,1.1111111111111112,1.7222222222222223,2.388888888888889
hin_0959,hin,True,29,34,50,71,1.1724137931034482,1.7241379310344827,2.4482758620689653
hin_0960,hin,True,17,20,34,48,1.1764705882352942,2.0,2.823529411764706
hin_0961,hin,True,25,36,47,68,1.44,1.88,2.72
hin_0962,hin,True,24,35,52,73,1.4583333333333333,2.1666666666666665,3.0416666666666665
hin_0963,hin,True,25,32,39,52,1.28,1.56,2.08
hin_0964,hin,True,17,20,31,47,1.1764705882352942,1.8235294117647058,2.764705882352941
hin_0965,hin,True,29,34,48,65,1.1724137931034482,1.6551724137931034,2.2413793103448274
hin_0966,hin,True,36,43,54,79,1.1944444444444444,1.5,2.1944444444444446
hin_0967,hin,True,43,45,59,93,1.0465116279069768,1.372093023255814,2.1627906976744184
hin_0968,hin,True,20,29,35,56,1.45,1.75,2.8
hin_0969,hin,True,18,28,33,47,1.5555555555555556,1.8333333333333333,2.611111111111111
hin_0970,hin,True,34,48,59,88,1.411764705882353,1.7352941176470589,2.588235294117647
hin_0971,hin,True,29,33,47,81,1.1379310344827587,1.6206896551724137,2.793103448275862
hin_0972,hin,True,39,55,85,119,1.4102564102564104,2.1794871794871793,3.051282051282051
hin_0973,hin,True,20,31,42,61,1.55,2.1,3.05
hin_0974,hin,True,24,35,49,66,1.4583333333333333,2.0416666666666665,2.75
hin_0975,hin,True,36,39,49,62,1.0833333333333333,1.3611111111111112,1.7222222222222223
hin_0976,hin,True,11,10,16,24,0.9090909090909091,1.4545454545454546,2.1818181818181817
hin_0977,hin,True,36,55,84,112,1.5277777777777777,2.3333333333333335,3.111111111111111
hin_0978,hin,True,26,29,48,62,1.1153846153846154,1.8461538461538463,2.3846153846153846
hin_0979,hin,True,43,30,45,65,0.6976744186046512,1.0465116279069768,1.5116279069767442
hin_0980,hin,True,17,22,32,48,1.2941176470588236,1.8823529411764706,2.823529411764706
hin_0981,hin,True,34,41,59,68,1.2058823529411764,1.7352941176470589,2.0
hin_0982,hin,True,29,33,46,67,1.1379310344827587,1.5862068965517242,2.310344827586207
hin_0983,hin,True,24,32,50,67,1.3333333333333333,2.0833333333333335,2.7916666666666665
hin_0984,hin,True,25,29,33,48,1.16,1.32,1.92
hin_0985,hin,True,41,48,63,86,1.170731707317073,1.5365853658536586,2.097560975609756
hin_0986,hin,True,21,22,32,51,1.0476190476190477,1.5238095238095237,2.4285714285714284
hin_0987,hin,True,25,32,50,61,1.28,2.0,2.44
hin_0988,hin,True,16,17,21,34,1.0625,1.3125,2.125
hin_0989,hin,True,22,28,36,53,1.2727272727272727,1.6363636363636365,2.409090909090909
hin_0990,hin,True,36,55,78,103,1.5277777777777777,2.1666666666666665,2.861111111111111
hin_0991,hin,True,54,66,94,130,1.2222222222222223,1.7407407407407407,2.4074074074074074
hin_0992,hin,True,40,51,70,101,1.275,1.75,2.525
hin_0993,hin,True,35,43,57,69,1.2285714285714286,1.6285714285714286,1.9714285714285715
hin_0994,hin,True,26,24,38,49,0.9230769230769231,1.4615384615384615,1.8846153846153846
hin_0995,hin,True,42,64,86,108,1.5238095238095237,2.0476190476190474,2.5714285714285716
hin_0996,hin,True,17,20,31,47,1.1764705882352942,1.8235294117647058,2.764705882352941
hin_0997,hin,True,21,28,34,49,1.3333333333333333,1.619047619047619,2.3333333333333335
hin_0998,hin,True,32,37,55,79,1.15625,1.71875,2.46875
hin_0999,hin,True,45,52,68,92,1.1555555555555554,1.511111111111111,2.0444444444444443
hin_1000,hin,True,42,49,65,102,1.1666666666666667,1.5476190476190477,2.4285714285714284
hin_1001,hin,True,32,40,68,88,1.25,2.125,2.75
hin_1002,hin,True,18,18,21,35,1.0,1.1666666666666667,1.9444444444444444
hin_1003,hin,True,71,90,133,164,1.267605633802817,1.8732394366197183,2.3098591549295775
hin_1004,hin,True,48,56,81,117,1.1666666666666667,1.6875,2.4375
hin_1005,hin,True,19,27,37,56,1.4210526315789473,1.9473684210526316,2.9473684210526314
hin_1006,hin,True,18,15,27,33,0.8333333333333334,1.5,1.8333333333333333
hin_1007,hin,True,18,19,22,31,1.0555555555555556,1.2222222222222223,1.7222222222222223
hin_1008,hin,True,30,29,46,61,0.9666666666666667,1.5333333333333334,2.033333333333333
hin_1009,hin,True,13,15,15,25,1.1538461538461537,1.1538461538461537,1.9230769230769231
hin_1010,hin,True,29,38,39,66,1.3103448275862069,1.3448275862068966,2.2758620689655173
hin_1011,hin,True,13,11,20,30,0.8461538461538461,1.5384615384615385,2.3076923076923075
hin_1012,hin,True,26,27,44,62,1.0384615384615385,1.6923076923076923,2.3846153846153846
hin_1013,hin,True,26,28,48,59,1.0769230769230769,1.8461538461538463,2.269230769230769
hin_1014,hin,True,25,29,34,57,1.16,1.36,2.28
hin_1015,hin,True,29,33,48,58,1.1379310344827587,1.6551724137931034,2.0
hin_1016,hin,True,35,42,48,69,1.2,1.3714285714285714,1.9714285714285715
hin_1017,hin,True,18,21,24,39,1.1666666666666667,1.3333333333333333,2.1666666666666665
hin_1018,hin,True,17,25,33,48,1.4705882352941178,1.9411764705882353,2.823529411764706
hin_1019,hin,True,50,63,91,124,1.26,1.82,2.48
hin_1020,hin,True,23,29,38,49,1.2608695652173914,1.6521739130434783,2.130434782608696
hin_1021,hin,True,21,28,38,50,1.3333333333333333,1.8095238095238095,2.380952380952381
hin_1022,hin,True,34,45,60,90,1.3235294117647058,1.7647058823529411,2.6470588235294117
hin_1023,hin,True,24,30,44,63,1.25,1.8333333333333333,2.625
hin_1024,hin,True,28,30,39,53,1.0714285714285714,1.3928571428571428,1.8928571428571428
hin_1025,hin,True,31,41,59,74,1.3225806451612903,1.903225806451613,2.3870967741935485
hin_1026,hin,True,25,27,42,57,1.08,1.68,2.28
hin_1027,hin,True,39,28,37,54,0.717948717948718,0.9487179487179487,1.3846153846153846
hin_1028,hin,True,18,13,22,26,0.7222222222222222,1.2222222222222223,1.4444444444444444
hin_1029,hin,True,13,13,19,26,1.0,1.4615384615384615,2.0
hin_1030,hin,True,49,59,85,110,1.2040816326530612,1.7346938775510203,2.2448979591836733
hin_1031,hin,True,22,28,47,66,1.2727272727272727,2.1363636363636362,3.0
hin_1032,hin,True,41,48,79,116,1.170731707317073,1.9268292682926829,2.8292682926829267
hin_1033,hin,True,43,46,81,98,1.069767441860465,1.8837209302325582,2.2790697674418605
hin_1034,hin,True,14,17,27,43,1.2142857142857142,1.9285714285714286,3.0714285714285716
hin_1035,hin,True,38,53,69,99,1.394736842105263,1.8157894736842106,2.6052631578947367
hin_1036,hin,True,24,31,42,59,1.2916666666666667,1.75,2.4583333333333335
hin_1037,hin,True,41,41,56,84,1.0,1.3658536585365855,2.048780487804878
hin_1038,hin,True,20,16,24,36,0.8,1.2,1.8
hin_1039,hin,True,23,31,38,59,1.3478260869565217,1.6521739130434783,2.5652173913043477
hin_1040,hin,True,31,29,30,48,0.9354838709677419,0.967741935483871,1.5483870967741935
hin_1041,hin,True,42,47,66,82,1.119047619047619,1.5714285714285714,1.9523809523809523
hin_1042,hin,True,35,42,65,90,1.2,1.8571428571428572,2.5714285714285716
hin_1043,hin,True,35,37,51,55,1.0571428571428572,1.457142857142857,1.5714285714285714
hin_1044,hin,True,24,34,48,70,1.4166666666666667,2.0,2.9166666666666665
hin_1045,hin,True,19,23,31,49,1.2105263157894737,1.631578947368421,2.5789473684210527
hin_1046,hin,True,43,41,55,86,0.9534883720930233,1.2790697674418605,2.0
hin_1047,hin,True,34,47,60,89,1.3823529411764706,1.7647058823529411,2.6176470588235294
hin_1048,hin,True,14,19,22,36,1.3571428571428572,1.5714285714285714,2.5714285714285716
hin_1049,hin,True,33,45,52,77,1.3636363636363635,1.5757575757575757,2.3333333333333335
hin_1050,hin,True,24,33,47,61,1.375,1.9583333333333333,2.5416666666666665
hin_1051,hin,True,13,16,21,32,1.2307692307692308,1.6153846153846154,2.4615384615384617
hin_1052,hin,True,28,39,52,70,1.3928571428571428,1.8571428571428572,2.5
hin_1053,hin,True,29,47,61,80,1.6206896551724137,2.103448275862069,2.7586206896551726
hin_1054,hin,True,23,29,39,58,1.2608695652173914,1.6956521739130435,2.5217391304347827
hin_1055,hin,True,29,43,57,77,1.4827586206896552,1.9655172413793103,2.6551724137931036
hin_1056,hin,True,27,27,43,63,1.0,1.5925925925925926,2.3333333333333335
hin_1057,hin,True,24,34,50,72,1.4166666666666667,2.0833333333333335,3.0
hin_1058,hin,True,26,35,45,55,1.3461538461538463,1.7307692307692308,2.1153846153846154
hin_1059,hin,True,40,52,82,103,1.3,2.05,2.575
hin_1060,hin,True,29,31,49,70,1.0689655172413792,1.6896551724137931,2.413793103448276
hin_1061,hin,True,28,40,53,67,1.4285714285714286,1.8928571428571428,2.392857142857143
hin_1062,hin,True,27,34,52,60,1.2592592592592593,1.9259259259259258,2.2222222222222223
hin_1063,hin,True,17,19,36,50,1.1176470588235294,2.1176470588235294,2.9411764705882355
hin_1064,hin,True,26,17,26,31,0.6538461538461539,1.0,1.1923076923076923
hin_1065,hin,True,41,64,78,118,1.5609756097560976,1.9024390243902438,2.8780487804878048
hin_1066,hin,True,54,66,91,129,1.2222222222222223,1.6851851851851851,2.388888888888889
hin_1067,hin,True,38,48,72,96,1.263157894736842,1.894736842105263,2.526315789473684
hin_1068,hin,True,33,50,71,99,1.5151515151515151,2.1515151515151514,3.0
hin_1069,hin,True,16,13,25,30,0.8125,1.5625,1.875
hin_1070,hin,True,20,26,33,47,1.3,1.65,2.35
hin_1071,hin,True,37,41,63,77,1.1081081081081081,1.7027027027027026,2.081081081081081
hin_1072,hin,True,47,48,77,102,1.0212765957446808,1.6382978723404256,2.1702127659574466
hin_1073,hin,True,37,48,70,88,1.2972972972972974,1.8918918918918919,2.3783783783783785
hin_1074,hin,True,28,30,47,58,1.0714285714285714,1.6785714285714286,2.0714285714285716
hin_1075,hin,True,37,53,75,94,1.4324324324324325,2.027027027027027,2.5405405405405403
hin_1076,hin,True,23,33,41,60,1.434782608695652,1.7826086956521738,2.608695652173913
hin_1077,hin,True,22,23,36,47,1.0454545454545454,1.6363636363636365,2.1363636363636362
hin_1078,hin,True,16,13,26,31,0.8125,1.625,1.9375
hin_1079,hin,True,29,28,47,65,0.9655172413793104,1.6206896551724137,2.2413793103448274
hin_1080,hin,True,22,22,34,34,1.0,1.5454545454545454,1.5454545454545454
hin_1081,hin,True,20,26,42,52,1.3,2.1,2.6
hin_1082,hin,True,31,31,38,52,1.0,1.2258064516129032,1.6774193548387097
hin_1083,hin,True,21,24,42,58,1.1428571428571428,2.0,2.761904761904762
hin_1084,hin,True,34,43,57,81,1.2647058823529411,1.6764705882352942,2.3823529411764706
hin_1085,hin,True,36,45,60,96,1.25,1.6666666666666667,2.6666666666666665
hin_1086,hin,True,17,18,32,44,1.0588235294117647,1.8823529411764706,2.588235294117647
hin_1087,hin,True,27,28,39,60,1.037037037037037,1.4444444444444444,2.2222222222222223
hin_1088,hin,True,33,46,64,92,1.393939393939394,1.9393939393939394,2.787878787878788
hin_1089,hin,True,31,34,48,77,1.096774193548387,1.5483870967741935,2.4838709677419355
hin_1090,hin,True,31,48,67,80,1.5483870967741935,2.161290322580645,2.5806451612903225
hin_1091,hin,True,35,37,60,86,1.0571428571428572,1.7142857142857142,2.4571428571428573
hin_1092,hin,True,38,52,71,101,1.368421052631579,1.868421052631579,2.6578947368421053
hin_1093,hin,True,23,32,35,59,1.391304347826087,1.5217391304347827,2.5652173913043477
hin_1094,hin,True,41,48,61,91,1.170731707317073,1.4878048780487805,2.2195121951219514
hin_1095,hin,True,21,25,48,52,1.1904761904761905,2.2857142857142856,2.4761904761904763
hin_1096,hin,True,26,30,44,58,1.1538461538461537,1.6923076923076923,2.230769230769231
hin_1097,hin,True,33,34,53,74,1.0303030303030303,1.606060606060606,2.242424242424242
hin_1098,hin,True,38,51,68,99,1.3421052631578947,1.7894736842105263,2.6052631578947367
hin_1099,hin,True,16,13,26,31,0.8125,1.625,1.9375
hin_1100,hin,True,15,15,22,31,1.0,1.4666666666666666,2.066666666666667
hin_1101,hin,True,43,47,77,106,1.0930232558139534,1.7906976744186047,2.4651162790697674
hin_1102,hin,True,40,51,65,87,1.275,1.625,2.175
hin_1103,hin,True,18,15,25,33,0.8333333333333334,1.3888888888888888,1.8333333333333333
hin_1104,hin,True,33,42,53,75,1.2727272727272727,1.606060606060606,2.272727272727273
hin_1105,hin,True,36,44,72,99,1.2222222222222223,2.0,2.75
hin_1106,hin,True,17,16,25,40,0.9411764705882353,1.4705882352941178,2.3529411764705883
hin_1107,hin,True,37,43,66,84,1.162162162162162,1.7837837837837838,2.27027027027027
hin_1108,hin,True,18,25,29,39,1.3888888888888888,1.6111111111111112,2.1666666666666665
hin_1109,hin,True,40,45,63,86,1.125,1.575,2.15
hin_1110,hin,True,49,57,76,103,1.163265306122449,1.5510204081632653,2.1020408163265305
hin_1111,hin,True,13,13,21,30,1.0,1.6153846153846154,2.3076923076923075
hin_1112,hin,True,27,33,51,65,1.2222222222222223,1.8888888888888888,2.4074074074074074
hin_1113,hin,True,41,52,81,102,1.2682926829268293,1.975609756097561,2.4878048780487805
hin_1114,hin,True,32,40,68,88,1.25,2.125,2.75
hin_1115,hin,True,28,36,55,69,1.2857142857142858,1.9642857142857142,2.4642857142857144
hin_1116,hin,True,36,24,38,44,0.6666666666666666,1.0555555555555556,1.2222222222222223
hin_1117,hin,True,24,26,39,55,1.0833333333333333,1.625,2.2916666666666665
hin_1118,hin,True,26,36,62,80,1.3846153846153846,2.3846153846153846,3.076923076923077
hin_1119,hin,True,25,26,40,54,1.04,1.6,2.16
hin_1120,hin,True,29,40,47,75,1.3793103448275863,1.6206896551724137,2.586206896551724
hin_1121,hin,True,19,21,28,47,1.105263157894737,1.4736842105263157,2.473684210526316
hin_1122,hin,True,32,37,57,81,1.15625,1.78125,2.53125
hin_1123,hin,True,75,100,125,172,1.3333333333333333,1.6666666666666667,2.2933333333333334
hin_1124,hin,True,28,35,47,67,1.25,1.6785714285714286,2.392857142857143
hin_1125,hin,True,38,51,77,106,1.3421052631578947,2.026315789473684,2.789473684210526
hin_1126,hin,True,38,44,78,96,1.1578947368421053,2.0526315789473686,2.526315789473684
hin_1127,hin,True,20,26,39,57,1.3,1.95,2.85
hin_1128,hin,True,20,17,24,37,0.85,1.2,1.85
hin_1129,hin,True,21,22,37,41,1.0476190476190477,1.7619047619047619,1.9523809523809523
hin_1130,hin,True,40,43,58,74,1.075,1.45,1.85
hin_1131,hin,True,23,27,35,51,1.173913043478261,1.5217391304347827,2.217391304347826
hin_1132,hin,True,21,26,35,55,1.2380952380952381,1.6666666666666667,2.619047619047619
hin_1133,hin,True,26,28,36,53,1.0769230769230769,1.3846153846153846,2.0384615384615383
hin_1134,hin,True,27,33,50,63,1.2222222222222223,1.8518518518518519,2.3333333333333335
hin_1135,hin,True,38,53,73,102,1.394736842105263,1.9210526315789473,2.6842105263157894
hin_1136,hin,True,75,90,122,162,1.2,1.6266666666666667,2.16
hin_1137,hin,True,24,21,29,43,0.875,1.2083333333333333,1.7916666666666667
hin_1138,hin,True,71,79,127,156,1.1126760563380282,1.7887323943661972,2.1971830985915495
hin_1139,hin,True,33,42,58,79,1.2727272727272727,1.7575757575757576,2.393939393939394
hin_1140,hin,True,20,27,32,49,1.35,1.6,2.45
hin_1141,hin,True,13,15,21,30,1.1538461538461537,1.6153846153846154,2.3076923076923075
hin_1142,hin,True,21,20,37,43,0.9523809523809523,1.7619047619047619,2.0476190476190474
hin_1143,hin,True,33,34,50,63,1.0303030303030303,1.5151515151515151,1.9090909090909092
hin_1144,hin,True,42,51,69,89,1.2142857142857142,1.6428571428571428,2.119047619047619
hin_1145,hin,True,29,33,47,74,1.1379310344827587,1.6206896551724137,2.5517241379310347
hin_1146,hin,True,15,19,29,37,1.2666666666666666,1.9333333333333333,2.466666666666667
hin_1147,hin,True,29,30,49,69,1.0344827586206897,1.6896551724137931,2.3793103448275863
hin_1148,hin,True,11,15,18,25,1.3636363636363635,1.6363636363636365,2.272727272727273
hin_1149,hin,True,32,36,59,83,1.125,1.84375,2.59375
hin_1150,hin,True,21,24,37,55,1.1428571428571428,1.7619047619047619,2.619047619047619
hin_1151,hin,True,23,30,48,54,1.3043478260869565,2.0869565217391304,2.347826086956522
hin_1152,hin,True,16,20,24,33,1.25,1.5,2.0625
hin_1153,hin,True,22,29,50,67,1.3181818181818181,2.272727272727273,3.0454545454545454
hin_1154,hin,True,20,23,31,49,1.15,1.55,2.45
hin_1155,hin,True,34,46,61,88,1.3529411764705883,1.7941176470588236,2.588235294117647
hin_1156,hin,True,35,42,62,95,1.2,1.7714285714285714,2.7142857142857144
hin_1157,hin,True,39,52,62,88,1.3333333333333333,1.5897435897435896,2.2564102564102564
hin_1158,hin,True,45,49,69,91,1.0888888888888888,1.5333333333333334,2.022222222222222
hin_1159,hin,True,33,36,52,72,1.0909090909090908,1.5757575757575757,2.1818181818181817
hin_1160,hin,True,28,31,39,49,1.1071428571428572,1.3928571428571428,1.75
hin_1161,hin,True,48,58,80,109,1.2083333333333333,1.6666666666666667,2.2708333333333335
hin_1162,hin,True,36,35,51,65,0.9722222222222222,1.4166666666666667,1.8055555555555556
hin_1163,hin,True,36,53,65,88,1.4722222222222223,1.8055555555555556,2.4444444444444446
hin_1164,hin,True,26,30,31,54,1.1538461538461537,1.1923076923076923,2.076923076923077
hin_1165,hin,True,18,24,31,42,1.3333333333333333,1.7222222222222223,2.3333333333333335
hin_1166,hin,True,21,22,34,43,1.0476190476190477,1.619047619047619,2.0476190476190474
hin_1167,hin,True,24,30,37,48,1.25,1.5416666666666667,2.0
hin_1168,hin,True,31,36,52,70,1.1612903225806452,1.6774193548387097,2.2580645161290325
hin_1169,hin,True,28,35,49,66,1.25,1.75,2.357142857142857
hin_1170,hin,True,25,40,55,69,1.6,2.2,2.76
hin_1171,hin,True,28,35,41,60,1.25,1.4642857142857142,2.142857142857143
hin_1172,hin,True,29,28,47,66,0.9655172413793104,1.6206896551724137,2.2758620689655173
hin_1173,hin,True,27,30,34,47,1.1111111111111112,1.2592592592592593,1.7407407407407407
hin_1174,hin,True,24,23,33,51,0.9583333333333334,1.375,2.125
hin_1175,hin,True,22,29,38,61,1.3181818181818181,1.7272727272727273,2.772727272727273
hin_1176,hin,True,45,57,77,105,1.2666666666666666,1.711111111111111,2.3333333333333335
hin_1177,hin,True,30,44,55,87,1.4666666666666666,1.8333333333333333,2.9
hin_1178,hin,True,38,42,57,73,1.105263157894737,1.5,1.9210526315789473
hin_1179,hin,True,48,45,71,96,0.9375,1.4791666666666667,2.0
hin_1180,hin,True,38,43,71,88,1.131578947368421,1.868421052631579,2.3157894736842106
hin_1181,hin,True,35,49,68,93,1.4,1.9428571428571428,2.657142857142857
hin_1182,hin,True,35,38,50,67,1.0857142857142856,1.4285714285714286,1.9142857142857144
hin_1183,hin,True,33,34,51,75,1.0303030303030303,1.5454545454545454,2.272727272727273
hin_1184,hin,True,40,40,55,84,1.0,1.375,2.1
hin_1185,hin,True,23,23,29,39,1.0,1.2608695652173914,1.6956521739130435
hin_1186,hin,True,21,22,37,53,1.0476190476190477,1.7619047619047619,2.5238095238095237
hin_1187,hin,True,25,28,35,44,1.12,1.4,1.76
hin_1188,hin,True,11,16,17,26,1.4545454545454546,1.5454545454545454,2.3636363636363638
hin_1189,hin,True,14,17,24,39,1.2142857142857142,1.7142857142857142,2.7857142857142856
hin_1190,hin,True,22,22,35,37,1.0,1.5909090909090908,1.6818181818181819
hin_1191,hin,True,25,43,58,74,1.72,2.32,2.96
hin_1192,hin,True,37,45,68,91,1.2162162162162162,1.837837837837838,2.4594594594594597
hin_1193,hin,True,22,22,34,41,1.0,1.5454545454545454,1.8636363636363635
hin_1194,hin,True,25,33,45,65,1.32,1.8,2.6
hin_1195,hin,True,37,46,67,95,1.2432432432432432,1.8108108108108107,2.5675675675675675
hin_1196,hin,True,33,45,58,90,1.3636363636363635,1.7575757575757576,2.727272727272727
hin_1197,hin,True,11,11,17,25,1.0,1.5454545454545454,2.272727272727273
hin_1198,hin,True,23,25,33,55,1.0869565217391304,1.434782608695652,2.391304347826087
hin_1199,hin,True,25,31,50,61,1.24,2.0,2.44
hin_1200,hin,True,36,54,80,111,1.5,2.2222222222222223,3.0833333333333335
hin_1201,hin,True,24,23,28,41,0.9583333333333334,1.1666666666666667,1.7083333333333333
hin_1202,hin,True,42,54,72,106,1.2857142857142858,1.7142857142857142,2.5238095238095237
hin_1203,hin,True,54,67,93,132,1.2407407407407407,1.7222222222222223,2.4444444444444446
hin_1204,hin,True,40,53,76,101,1.325,1.9,2.525
hin_1205,hin,True,29,44,56,73,1.5172413793103448,1.9310344827586208,2.5172413793103448
hin_1206,hin,True,20,26,42,52,1.3,2.1,2.6
hin_1207,hin,True,37,46,68,90,1.2432432432432432,1.837837837837838,2.4324324324324325
hin_1208,hin,True,33,38,47,70,1.1515151515151516,1.4242424242424243,2.121212121212121
hin_1209,hin,True,24,35,39,55,1.4583333333333333,1.625,2.2916666666666665
hin_1210,hin,True,21,25,34,48,1.1904761904761905,1.619047619047619,2.2857142857142856
hin_1211,hin,True,54,65,97,144,1.2037037037037037,1.7962962962962963,2.6666666666666665
hin_1212,hin,True,42,54,73,106,1.2857142857142858,1.7380952380952381,2.5238095238095237
hin_1213,hin,True,28,37,48,70,1.3214285714285714,1.7142857142857142,2.5
hin_1214,hin,True,21,22,39,43,1.0476190476190477,1.8571428571428572,2.0476190476190474
hin_1215,hin,True,26,37,68,86,1.4230769230769231,2.6153846153846154,3.3076923076923075
hin_1216,hin,True,26,27,44,63,1.0384615384615385,1.6923076923076923,2.423076923076923
hin_1217,hin,True,54,61,81,122,1.1296296296296295,1.5,2.259259259259259
hin_1218,hin,True,25,34,45,61,1.36,1.8,2.44
hin_1219,hin,True,21,26,34,49,1.2380952380952381,1.619047619047619,2.3333333333333335
hin_1220,hin,True,11,13,28,29,1.1818181818181819,2.5454545454545454,2.6363636363636362
hin_1221,hin,True,13,15,15,25,1.1538461538461537,1.1538461538461537,1.9230769230769231
hin_1222,hin,True,18,22,25,41,1.2222222222222223,1.3888888888888888,2.2777777777777777
hin_1223,hin,True,48,57,81,101,1.1875,1.6875,2.1041666666666665
hin_1224,hin,True,25,29,35,58,1.16,1.4,2.32
hin_1225,hin,True,13,15,24,31,1.1538461538461537,1.8461538461538463,2.3846153846153846
hin_1226,hin,True,31,35,54,89,1.1290322580645162,1.7419354838709677,2.870967741935484
hin_1227,hin,True,21,25,32,51,1.1904761904761905,1.5238095238095237,2.4285714285714284
hin_1228,hin,True,36,40,54,87,1.1111111111111112,1.5,2.4166666666666665
hin_1229,hin,True,39,48,65,83,1.2307692307692308,1.6666666666666667,2.128205128205128
hin_1230,hin,True,29,32,45,60,1.103448275862069,1.5517241379310345,2.0689655172413794
hin_1231,hin,True,36,41,52,66,1.1388888888888888,1.4444444444444444,1.8333333333333333
hin_1232,hin,True,16,21,34,45,1.3125,2.125,2.8125
hin_1233,hin,True,36,45,61,84,1.25,1.6944444444444444,2.3333333333333335
hin_1234,hin,True,30,29,45,59,0.9666666666666667,1.5,1.9666666666666666
hin_1235,hin,True,26,25,31,51,0.9615384615384616,1.1923076923076923,1.9615384615384615
hin_1236,hin,True,25,34,48,62,1.36,1.92,2.48
hin_1237,hin,True,29,42,54,72,1.4482758620689655,1.8620689655172413,2.4827586206896552
hin_1238,hin,True,29,37,48,63,1.2758620689655173,1.6551724137931034,2.1724137931034484
hin_1239,hin,True,38,46,60,89,1.2105263157894737,1.5789473684210527,2.3421052631578947
hin_1240,hin,True,25,35,50,68,1.4,2.0,2.72
hin_1241,hin,True,28,31,39,49,1.1071428571428572,1.3928571428571428,1.75
hin_1242,hin,True,29,42,57,69,1.4482758620689655,1.9655172413793103,2.3793103448275863
hin_1243,hin,True,25,24,33,46,0.96,1.32,1.84
hin_1244,hin,True,33,48,64,89,1.4545454545454546,1.9393939393939394,2.696969696969697
hin_1245,hin,True,26,24,34,44,0.9230769230769231,1.3076923076923077,1.6923076923076923
hin_1246,hin,True,22,25,39,51,1.1363636363636365,1.7727272727272727,2.3181818181818183
hin_1247,hin,True,33,38,51,72,1.1515151515151516,1.5454545454545454,2.1818181818181817
hin_1248,hin,True,26,28,36,54,1.0769230769230769,1.3846153846153846,2.076923076923077
hin_1249,hin,True,22,30,37,56,1.3636363636363635,1.6818181818181819,2.5454545454545454
hin_1250,hin,True,14,16,24,37,1.1428571428571428,1.7142857142857142,2.642857142857143
hin_1251,hin,True,19,23,29,40,1.2105263157894737,1.5263157894736843,2.1052631578947367
hin_1252,hin,True,27,32,52,67,1.1851851851851851,1.9259259259259258,2.4814814814814814
hin_1253,hin,True,18,16,26,35,0.8888888888888888,1.4444444444444444,1.9444444444444444
hin_1254,hin,True,21,23,36,47,1.0952380952380953,1.7142857142857142,2.238095238095238
hin_1255,hin,True,43,39,52,83,0.9069767441860465,1.2093023255813953,1.930232558139535
hin_1256,hin,True,16,25,30,38,1.5625,1.875,2.375
hin_1257,hin,True,45,51,73,102,1.1333333333333333,1.6222222222222222,2.2666666666666666
hin_1258,hin,True,29,40,58,78,1.3793103448275863,2.0,2.689655172413793
hin_1259,hin,True,25,29,44,58,1.16,1.76,2.32
hin_1260,hin,True,25,29,39,51,1.16,1.56,2.04
hin_1261,hin,True,22,24,34,43,1.0909090909090908,1.5454545454545454,1.9545454545454546
hin_1262,hin,True,36,42,52,76,1.1666666666666667,1.4444444444444444,2.111111111111111
hin_1263,hin,True,24,35,51,69,1.4583333333333333,2.125,2.875
hin_1264,hin,True,44,52,71,102,1.1818181818181819,1.6136363636363635,2.3181818181818183
hin_1265,hin,True,17,24,32,49,1.411764705882353,1.8823529411764706,2.8823529411764706
hin_1266,hin,True,29,34,63,80,1.1724137931034482,2.1724137931034484,2.7586206896551726
hin_1267,hin,True,44,54,63,81,1.2272727272727273,1.4318181818181819,1.8409090909090908
hin_1268,hin,True,18,32,35,51,1.7777777777777777,1.9444444444444444,2.8333333333333335
hin_1269,hin,True,32,42,60,81,1.3125,1.875,2.53125
hin_1270,hin,True,34,40,57,68,1.1764705882352942,1.6764705882352942,2.0
hin_1271,hin,True,41,50,86,121,1.2195121951219512,2.097560975609756,2.951219512195122
hin_1272,hin,True,24,34,50,66,1.4166666666666667,2.0833333333333335,2.75
hin_1273,hin,True,25,28,46,59,1.12,1.84,2.36
hin_1274,hin,True,33,45,53,80,1.3636363636363635,1.606060606060606,2.4242424242424243
hin_1275,hin,True,39,45,76,112,1.1538461538461537,1.9487179487179487,2.871794871794872
hin_1276,hin,True,24,27,44,59,1.125,1.8333333333333333,2.4583333333333335
hin_1277,hin,True,13,13,21,30,1.0,1.6153846153846154,2.3076923076923075
hin_1278,hin,True,30,36,50,61,1.2,1.6666666666666667,2.033333333333333
hin_1279,hin,True,40,53,74,99,1.325,1.85,2.475
hin_1280,hin,True,18,18,25,30,1.0,1.3888888888888888,1.6666666666666667
hin_1281,hin,True,27,33,51,59,1.2222222222222223,1.8888888888888888,2.185185185185185
hin_1282,hin,True,42,51,74,101,1.2142857142857142,1.7619047619047619,2.4047619047619047
hin_1283,hin,True,29,39,40,71,1.3448275862068966,1.3793103448275863,2.4482758620689653
hin_1284,hin,True,19,26,35,55,1.368421052631579,1.8421052631578947,2.8947368421052633
hin_1285,hin,True,27,16,16,24,0.5925925925925926,0.5925925925925926,0.8888888888888888
hin_1286,hin,True,23,26,38,56,1.1304347826086956,1.6521739130434783,2.4347826086956523
hin_1287,hin,True,35,50,73,97,1.4285714285714286,2.085714285714286,2.7714285714285714
hin_1288,hin,True,29,28,49,67,0.9655172413793104,1.6896551724137931,2.310344827586207
hin_1289,hin,True,45,62,78,106,1.3777777777777778,1.7333333333333334,2.3555555555555556
hin_1290,hin,True,37,55,72,93,1.4864864864864864,1.945945945945946,2.5135135135135136
hin_1291,hin,True,22,26,37,40,1.1818181818181819,1.6818181818181819,1.8181818181818181
hin_1292,hin,True,23,31,34,56,1.3478260869565217,1.4782608695652173,2.4347826086956523
hin_1293,hin,True,50,70,92,121,1.4,1.84,2.42
hin_1294,hin,True,31,29,35,52,0.9354838709677419,1.1290322580645162,1.6774193548387097
hin_1295,hin,True,22,29,50,65,1.3181818181818181,2.272727272727273,2.9545454545454546
hin_1296,hin,True,41,44,60,86,1.0731707317073171,1.4634146341463414,2.097560975609756
hin_1297,hin,True,25,27,39,61,1.08,1.56,2.44
hin_1298,hin,True,40,55,82,106,1.375,2.05,2.65
hin_1299,hin,True,11,16,20,27,1.4545454545454546,1.8181818181818181,2.4545454545454546
hin_1300,hin,True,42,51,72,96,1.2142857142857142,1.7142857142857142,2.2857142857142856
hin_1301,hin,True,35,45,73,86,1.2857142857142858,2.085714285714286,2.4571428571428573
hin_1302,hin,True,28,34,53,70,1.2142857142857142,1.8928571428571428,2.5
hin_1303,hin,True,32,37,57,73,1.15625,1.78125,2.28125
hin_1304,hin,True,35,42,61,94,1.2,1.7428571428571429,2.6857142857142855
hin_1305,hin,True,19,21,28,48,1.105263157894737,1.4736842105263157,2.526315789473684
hin_1306,hin,True,36,53,65,87,1.4722222222222223,1.8055555555555556,2.4166666666666665
hin_1307,hin,True,38,53,69,101,1.394736842105263,1.8157894736842106,2.6578947368421053
hin_1308,hin,True,26,29,44,59,1.1153846153846154,1.6923076923076923,2.269230769230769
hin_1309,hin,True,36,56,71,99,1.5555555555555556,1.9722222222222223,2.75
hin_1310,hin,True,21,28,36,55,1.3333333333333333,1.7142857142857142,2.619047619047619
hin_1311,hin,True,50,60,75,112,1.2,1.5,2.24
hin_1312,hin,True,17,19,35,49,1.1176470588235294,2.0588235294117645,2.8823529411764706
hin_1313,hin,True,26,36,52,64,1.3846153846153846,2.0,2.4615384615384617
hin_1314,hin,True,21,24,36,54,1.1428571428571428,1.7142857142857142,2.5714285714285716
hin_1315,hin,True,33,34,47,68,1.0303030303030303,1.4242424242424243,2.0606060606060606
hin_1316,hin,True,22,29,38,61,1.3181818181818181,1.7272727272727273,2.772727272727273
hin_1317,hin,True,14,23,36,51,1.6428571428571428,2.5714285714285716,3.642857142857143
hin_1318,hin,True,17,16,24,39,0.9411764705882353,1.411764705882353,2.2941176470588234
hin_1319,hin,True,34,45,59,87,1.3235294117647058,1.7352941176470589,2.5588235294117645
hin_1320,hin,True,16,18,23,37,1.125,1.4375,2.3125
hin_1321,hin,True,38,44,77,95,1.1578947368421053,2.026315789473684,2.5
hin_1322,hin,True,26,32,43,75,1.2307692307692308,1.6538461538461537,2.8846153846153846
hin_1323,hin,True,44,43,61,76,0.9772727272727273,1.3863636363636365,1.7272727272727273
hin_1324,hin,True,28,32,55,69,1.1428571428571428,1.9642857142857142,2.4642857142857144
hin_1325,hin,True,49,55,79,118,1.1224489795918366,1.6122448979591837,2.4081632653061225
hin_1326,hin,True,48,44,66,92,0.9166666666666666,1.375,1.9166666666666667
hin_1327,hin,True,16,16,25,34,1.0,1.5625,2.125
hin_1328,hin,True,38,44,69,94,1.1578947368421053,1.8157894736842106,2.473684210526316
hin_1329,hin,True,32,36,59,82,1.125,1.84375,2.5625
hin_1330,hin,True,36,32,46,62,0.8888888888888888,1.2777777777777777,1.7222222222222223
hin_1331,hin,True,75,90,118,156,1.2,1.5733333333333333,2.08
hin_1332,hin,True,23,30,37,46,1.3043478260869565,1.608695652173913,2.0
hin_1333,hin,True,26,34,42,53,1.3076923076923077,1.6153846153846154,2.0384615384615383
hin_1334,hin,True,30,44,55,86,1.4666666666666666,1.8333333333333333,2.8666666666666667
hin_1335,hin,True,23,32,46,55,1.391304347826087,2.0,2.391304347826087
hin_1336,hin,True,20,29,37,56,1.45,1.85,2.8
hin_1337,hin,True,15,21,28,42,1.4,1.8666666666666667,2.8
hin_1338,hin,True,41,46,76,92,1.1219512195121952,1.853658536585366,2.2439024390243905
hin_1339,hin,True,29,35,46,65,1.206896551724138,1.5862068965517242,2.2413793103448274
hin_1340,hin,True,27,26,38,57,0.9629629629629629,1.4074074074074074,2.111111111111111
hin_1341,hin,True,45,55,73,100,1.2222222222222223,1.6222222222222222,2.2222222222222223
hin_1342,hin,True,36,48,76,102,1.3333333333333333,2.111111111111111,2.8333333333333335
hin_1343,hin,True,29,33,53,74,1.1379310344827587,1.8275862068965518,2.5517241379310347
hin_1344,hin,True,24,31,42,63,1.2916666666666667,1.75,2.625
hin_1345,hin,True,41,51,67,91,1.2439024390243902,1.6341463414634145,2.2195121951219514
hin_1346,hin,True,41,49,72,98,1.1951219512195121,1.7560975609756098,2.3902439024390243
hin_1347,hin,True,20,31,38,61,1.55,1.9,3.05
hin_1348,hin,True,22,26,47,68,1.1818181818181819,2.1363636363636362,3.090909090909091
hin_1349,hin,True,20,24,32,50,1.2,1.6,2.5
hin_1350,hin,True,24,26,36,53,1.0833333333333333,1.5,2.2083333333333335
hin_1351,hin,True,29,25,41,62,0.8620689655172413,1.4137931034482758,2.1379310344827585
hin_1352,hin,True,35,37,44,65,1.0571428571428572,1.2571428571428571,1.8571428571428572
hin_1353,hin,True,33,37,45,65,1.121212121212121,1.3636363636363635,1.9696969696969697
hin_1354,hin,True,47,44,70,88,0.9361702127659575,1.4893617021276595,1.872340425531915
hin_1355,hin,True,34,44,51,81,1.2941176470588236,1.5,2.3823529411764706
hin_1356,hin,True,31,48,68,80,1.5483870967741935,2.193548387096774,2.5806451612903225
hin_1357,hin,True,24,25,30,45,1.0416666666666667,1.25,1.875
hin_1358,hin,True,40,46,62,86,1.15,1.55,2.15
hin_1359,hin,True,40,36,53,69,0.9,1.325,1.725
hin_1360,hin,True,40,50,62,94,1.25,1.55,2.35
hin_1361,hin,True,28,40,45,63,1.4285714285714286,1.6071428571428572,2.25
hin_1362,hin,True,20,22,38,41,1.1,1.9,2.05
hin_1363,hin,True,29,36,54,85,1.2413793103448276,1.8620689655172413,2.9310344827586206
hin_1364,hin,True,24,37,40,57,1.5416666666666667,1.6666666666666667,2.375
hin_1365,hin,True,35,35,56,82,1.0,1.6,2.342857142857143
hin_1366,hin,True,32,41,70,90,1.28125,2.1875,2.8125
hin_1367,hin,True,27,34,43,69,1.2592592592592593,1.5925925925925926,2.5555555555555554
hin_1368,hin,True,36,57,81,112,1.5833333333333333,2.25,3.111111111111111
hin_1369,hin,True,20,28,43,55,1.4,2.15,2.75
hin_1370,hin,True,17,23,41,51,1.3529411764705883,2.411764705882353,3.0
hin_1371,hin,True,35,34,52,76,0.9714285714285714,1.4857142857142858,2.1714285714285713
hin_1372,hin,True,20,26,31,48,1.3,1.55,2.4
hin_1373,hin,True,21,24,33,47,1.1428571428571428,1.5714285714285714,2.238095238095238
hin_1374,hin,True,43,40,71,89,0.9302325581395349,1.6511627906976745,2.0697674418604652
hin_1375,hin,True,20,19,24,35,0.95,1.2,1.75
hin_1376,hin,True,33,42,58,82,1.2727272727272727,1.7575757575757576,2.484848484848485
hin_1377,hin,True,45,57,70,103,1.2666666666666666,1.5555555555555556,2.2888888888888888
hin_1378,hin,True,35,40,50,68,1.1428571428571428,1.4285714285714286,1.9428571428571428
hin_1379,hin,True,14,22,25,40,1.5714285714285714,1.7857142857142858,2.857142857142857
hin_1380,hin,True,35,33,37,54,0.9428571428571428,1.0571428571428572,1.542857142857143
hin_1381,hin,True,38,51,71,99,1.3421052631578947,1.868421052631579,2.6052631578947367
hin_1382,hin,True,20,28,39,57,1.4,1.95,2.85
hin_1383,hin,True,42,53,74,96,1.2619047619047619,1.7619047619047619,2.2857142857142856
hin_1384,hin,True,37,44,65,87,1.1891891891891893,1.7567567567567568,2.3513513513513513
hin_1385,hin,True,34,44,58,84,1.2941176470588236,1.7058823529411764,2.4705882352941178
hin_1386,hin,True,43,50,76,102,1.1627906976744187,1.7674418604651163,2.372093023255814
hin_1387,hin,True,28,33,46,59,1.1785714285714286,1.6428571428571428,2.107142857142857
hin_1388,hin,True,30,38,64,93,1.2666666666666666,2.1333333333333333,3.1
hin_1389,hin,True,15,20,28,34,1.3333333333333333,1.8666666666666667,2.2666666666666666
hin_1390,hin,True,71,83,129,159,1.1690140845070423,1.8169014084507042,2.23943661971831
hin_1391,hin,True,38,48,77,99,1.263157894736842,2.026315789473684,2.6052631578947367
hin_1392,hin,True,37,41,59,75,1.1081081081081081,1.5945945945945945,2.027027027027027
hin_1393,hin,True,39,55,82,119,1.4102564102564104,2.1025641025641026,3.051282051282051
hin_1394,hin,True,20,26,37,54,1.3,1.85,2.7
hin_1395,hin,True,31,32,47,61,1.032258064516129,1.5161290322580645,1.967741935483871
hin_1396,hin,True,23,34,42,61,1.4782608695652173,1.826086956521739,2.652173913043478
hin_1397,hin,True,41,36,52,73,0.8780487804878049,1.2682926829268293,1.7804878048780488
hin_1398,hin,True,25,40,56,71,1.6,2.24,2.84
hin_1399,hin,True,16,14,23,29,0.875,1.4375,1.8125
mal_0000,mal,True,20,22,40,43,1.1,2.0,2.15
mal_0001,mal,True,35,42,61,72,1.2,1.7428571428571429,2.057142857142857
mal_0002,mal,True,44,59,85,101,1.3409090909090908,1.9318181818181819,2.2954545454545454
mal_0003,mal,True,35,48,81,84,1.3714285714285714,2.3142857142857145,2.4
mal_0004,mal,True,32,38,63,68,1.1875,1.96875,2.125
mal_0005,mal,True,32,50,83,95,1.5625,2.59375,2.96875
mal_0006,mal,True,57,62,77,92,1.087719298245614,1.3508771929824561,1.6140350877192982
mal_0007,mal,True,25,35,54,58,1.4,2.16,2.32
mal_0008,mal,True,33,46,65,83,1.393939393939394,1.9696969696969697,2.515151515151515
mal_0009,mal,True,23,32,47,57,1.391304347826087,2.0434782608695654,2.4782608695652173
mal_0010,mal,True,21,31,52,62,1.4761904761904763,2.4761904761904763,2.9523809523809526
mal_0011,mal,True,27,29,39,52,1.0740740740740742,1.4444444444444444,1.9259259259259258
mal_0012,mal,True,37,48,73,87,1.2972972972972974,1.972972972972973,2.3513513513513513
mal_0013,mal,True,34,41,49,65,1.2058823529411764,1.4411764705882353,1.911764705882353
mal_0014,mal,True,36,40,58,75,1.1111111111111112,1.6111111111111112,2.0833333333333335
mal_0015,mal,True,18,26,33,43,1.4444444444444444,1.8333333333333333,2.388888888888889
mal_0016,mal,True,33,28,41,57,0.8484848484848485,1.2424242424242424,1.7272727272727273
mal_0017,mal,True,23,29,40,55,1.2608695652173914,1.7391304347826086,2.391304347826087
mal_0018,mal,True,30,39,53,64,1.3,1.7666666666666666,2.1333333333333333
mal_0019,mal,True,29,47,57,71,1.6206896551724137,1.9655172413793103,2.4482758620689653
mal_0020,mal,True,25,30,52,66,1.2,2.08,2.64
mal_0021,mal,True,30,47,68,83,1.5666666666666667,2.2666666666666666,2.7666666666666666
mal_0022,mal,True,34,13,21,21,0.38235294117647056,0.6176470588235294,0.6176470588235294
mal_0023,mal,True,88,135,172,207,1.5340909090909092,1.9545454545454546,2.352272727272727
mal_0024,mal,True,75,100,119,138,1.3333333333333333,1.5866666666666667,1.84
mal_0025,mal,True,48,61,82,114,1.2708333333333333,1.7083333333333333,2.375
mal_0026,mal,True,30,25,35,44,0.8333333333333334,1.1666666666666667,1.4666666666666666
mal_0027,mal,True,24,13,23,25,0.5416666666666666,0.9583333333333334,1.0416666666666667
mal_0028,mal,True,45,60,90,105,1.3333333333333333,2.0,2.3333333333333335
mal_0029,mal,True,18,18,30,45,1.0,1.6666666666666667,2.5
mal_0030,mal,True,36,42,62,70,1.1666666666666667,1.7222222222222223,1.9444444444444444
mal_0031,mal,True,30,34,49,51,1.1333333333333333,1.6333333333333333,1.7
mal_0032,mal,True,26,34,61,75,1.3076923076923077,2.3461538461538463,2.8846153846153846
mal_0033,mal,True,33,41,78,85,1.2424242424242424,2.3636363636363638,2.5757575757575757
mal_0034,mal,True,25,39,64,82,1.56,2.56,3.28
mal_0035,mal,True,37,51,80,101,1.3783783783783783,2.1621621621621623,2.72972972972973
mal_0036,mal,True,45,57,105,114,1.2666666666666666,2.3333333333333335,2.533333333333333
mal_0037,mal,True,31,50,63,75,1.6129032258064515,2.032258064516129,2.4193548387096775
mal_0038,mal,True,19,23,30,33,1.2105263157894737,1.5789473684210527,1.736842105263158
mal_0039,mal,True,20,22,39,48,1.1,1.95,2.4
mal_0040,mal,True,27,28,32,37,1.037037037037037,1.1851851851851851,1.3703703703703705
mal_0041,mal,True,23,20,31,39,0.8695652173913043,1.3478260869565217,1.6956521739130435
mal_0042,mal,True,23,22,30,35,0.9565217391304348,1.3043478260869565,1.5217391304347827
mal_0043,mal,True,42,36,44,62,0.8571428571428571,1.0476190476190477,1.4761904761904763
mal_0044,mal,True,28,39,51,63,1.3928571428571428,1.8214285714285714,2.25
mal_0045,mal,True,25,31,51,56,1.24,2.04,2.24
mal_0046,mal,True,37,30,48,59,0.8108108108108109,1.2972972972972974,1.5945945945945945
mal_0047,mal,True,43,47,93,107,1.0930232558139534,2.1627906976744184,2.488372093023256
mal_0048,mal,True,17,33,50,65,1.9411764705882353,2.9411764705882355,3.823529411764706
mal_0049,mal,True,24,35,53,65,1.4583333333333333,2.2083333333333335,2.7083333333333335
mal_0050,mal,True,26,30,54,71,1.1538461538461537,2.076923076923077,2.730769230769231
mal_0051,mal,True,33,45,53,73,1.3636363636363635,1.606060606060606,2.212121212121212
mal_0052,mal,True,14,27,39,51,1.9285714285714286,2.7857142857142856,3.642857142857143
mal_0053,mal,True,29,14,20,24,0.4827586206896552,0.6896551724137931,0.8275862068965517
mal_0054,mal,True,20,38,43,65,1.9,2.15,3.25
mal_0055,mal,True,28,41,62,64,1.4642857142857142,2.2142857142857144,2.2857142857142856
mal_0056,mal,True,21,25,53,55,1.1904761904761905,2.5238095238095237,2.619047619047619
mal_0057,mal,True,39,57,92,116,1.4615384615384615,2.358974358974359,2.9743589743589745
mal_0058,mal,True,37,48,69,83,1.2972972972972974,1.864864864864865,2.2432432432432434
mal_0059,mal,True,33,39,75,101,1.1818181818181819,2.272727272727273,3.0606060606060606
mal_0060,mal,True,44,11,25,24,0.25,0.5681818181818182,0.5454545454545454
mal_0061,mal,True,23,30,42,51,1.3043478260869565,1.826086956521739,2.217391304347826
mal_0062,mal,True,35,45,66,69,1.2857142857142858,1.8857142857142857,1.9714285714285715
mal_0063,mal,True,19,21,29,35,1.105263157894737,1.5263157894736843,1.8421052631578947
mal_0064,mal,True,24,35,47,59,1.4583333333333333,1.9583333333333333,2.4583333333333335
mal_0065,mal,True,37,49,77,74,1.3243243243243243,2.081081081081081,2.0
mal_0066,mal,True,18,31,44,53,1.7222222222222223,2.4444444444444446,2.9444444444444446
mal_0067,mal,True,18,22,31,39,1.2222222222222223,1.7222222222222223,2.1666666666666665
mal_0068,mal,True,30,44,65,80,1.4666666666666666,2.1666666666666665,2.6666666666666665
mal_0069,mal,True,41,55,63,81,1.3414634146341464,1.5365853658536586,1.975609756097561
mal_0070,mal,True,16,19,28,33,1.1875,1.75,2.0625
mal_0071,mal,True,17,29,49,60,1.7058823529411764,2.8823529411764706,3.5294117647058822
mal_0072,mal,True,34,28,31,38,0.8235294117647058,0.9117647058823529,1.1176470588235294
mal_0073,mal,True,27,24,36,43,0.8888888888888888,1.3333333333333333,1.5925925925925926
mal_0074,mal,True,24,26,53,67,1.0833333333333333,2.2083333333333335,2.7916666666666665
mal_0075,mal,True,32,28,39,48,0.875,1.21875,1.5
mal_0076,mal,True,34,43,67,81,1.2647058823529411,1.9705882352941178,2.3823529411764706
mal_0077,mal,True,15,22,55,60,1.4666666666666666,3.6666666666666665,4.0
mal_0078,mal,True,34,38,51,59,1.1176470588235294,1.5,1.7352941176470589
mal_0079,mal,True,41,57,80,104,1.3902439024390243,1.951219512195122,2.5365853658536586
mal_0080,mal,True,26,32,53,58,1.2307692307692308,2.0384615384615383,2.230769230769231
mal_0081,mal,True,36,40,61,70,1.1111111111111112,1.6944444444444444,1.9444444444444444
mal_0082,mal,True,29,30,46,46,1.0344827586206897,1.5862068965517242,1.5862068965517242
mal_0083,mal,True,35,44,62,72,1.2571428571428571,1.7714285714285714,2.057142857142857
mal_0084,mal,True,36,49,69,82,1.3611111111111112,1.9166666666666667,2.2777777777777777
mal_0085,mal,True,53,73,106,116,1.3773584905660377,2.0,2.188679245283019
mal_0086,mal,True,28,46,56,62,1.6428571428571428,2.0,2.2142857142857144
mal_0087,mal,True,33,46,66,80,1.393939393939394,2.0,2.4242424242424243
mal_0088,mal,True,40,59,100,105,1.475,2.5,2.625
mal_0089,mal,True,38,60,79,85,1.5789473684210527,2.0789473684210527,2.236842105263158
mal_0090,mal,True,27,39,55,61,1.4444444444444444,2.037037037037037,2.259259259259259
mal_0091,mal,True,29,28,40,46,0.9655172413793104,1.3793103448275863,1.5862068965517242
mal_0092,mal,True,41,41,63,73,1.0,1.5365853658536586,1.7804878048780488
mal_0093,mal,True,16,34,47,56,2.125,2.9375,3.5
mal_0094,mal,True,14,14,26,37,1.0,1.8571428571428572,2.642857142857143
mal_0095,mal,True,41,50,74,94,1.2195121951219512,1.8048780487804879,2.292682926829268
mal_0096,mal,True,23,23,38,58,1.0,1.6521739130434783,2.5217391304347827
mal_0097,mal,True,36,49,86,103,1.3611111111111112,2.388888888888889,2.861111111111111
mal_0098,mal,True,24,33,63,72,1.375,2.625,3.0
mal_0099,mal,True,49,55,85,102,1.1224489795918366,1.7346938775510203,2.0816326530612246
mal_0100,mal,True,36,52,70,88,1.4444444444444444,1.9444444444444444,2.4444444444444446
mal_0101,mal,True,34,54,83,90,1.588235294117647,2.4411764705882355,2.6470588235294117
mal_0102,mal,True,22,18,28,37,0.8181818181818182,1.2727272727272727,1.6818181818181819
mal_0103,mal,True,53,45,52,59,0.8490566037735849,0.9811320754716981,1.1132075471698113
mal_0104,mal,True,20,25,39,45,1.25,1.95,2.25
mal_0105,mal,True,30,35,49,46,1.1666666666666667,1.6333333333333333,1.5333333333333334
mal_0106,mal,True,31,32,62,75,1.032258064516129,2.0,2.4193548387096775
mal_0107,mal,True,29,39,59,73,1.3448275862068966,2.0344827586206895,2.5172413793103448
mal_0108,mal,True,39,54,101,127,1.3846153846153846,2.58974358974359,3.2564102564102564
mal_0109,mal,True,11,16,19,26,1.4545454545454546,1.7272727272727273,2.3636363636363638
mal_0110,mal,True,21,25,39,49,1.1904761904761905,1.8571428571428572,2.3333333333333335
mal_0111,mal,True,36,56,82,101,1.5555555555555556,2.2777777777777777,2.8055555555555554
mal_0112,mal,True,42,52,85,100,1.2380952380952381,2.0238095238095237,2.380952380952381
mal_0113,mal,True,24,30,64,62,1.25,2.6666666666666665,2.5833333333333335
mal_0114,mal,True,23,29,42,55,1.2608695652173914,1.826086956521739,2.391304347826087
mal_0115,mal,True,49,51,77,101,1.0408163265306123,1.5714285714285714,2.061224489795918
mal_0116,mal,True,27,42,55,63,1.5555555555555556,2.037037037037037,2.3333333333333335
mal_0117,mal,True,33,20,29,38,0.6060606060606061,0.8787878787878788,1.1515151515151516
mal_0118,mal,True,36,56,76,95,1.5555555555555556,2.111111111111111,2.638888888888889
mal_0119,mal,True,24,40,44,56,1.6666666666666667,1.8333333333333333,2.3333333333333335
mal_0120,mal,True,23,27,33,42,1.173913043478261,1.434782608695652,1.826086956521739
mal_0121,mal,True,33,33,54,72,1.0,1.6363636363636365,2.1818181818181817
mal_0122,mal,True,26,34,66,73,1.3076923076923077,2.5384615384615383,2.8076923076923075
mal_0123,mal,True,11,12,21,26,1.0909090909090908,1.9090909090909092,2.3636363636363638
mal_0124,mal,True,45,52,105,109,1.1555555555555554,2.3333333333333335,2.422222222222222
mal_0125,mal,True,27,28,45,57,1.037037037037037,1.6666666666666667,2.111111111111111
mal_0126,mal,True,18,25,31,43,1.3888888888888888,1.7222222222222223,2.388888888888889
mal_0127,mal,True,29,33,48,64,1.1379310344827587,1.6551724137931034,2.206896551724138
mal_0128,mal,True,26,33,47,50,1.2692307692307692,1.8076923076923077,1.9230769230769231
mal_0129,mal,True,20,35,40,56,1.75,2.0,2.8
mal_0130,mal,True,39,52,89,94,1.3333333333333333,2.282051282051282,2.41025641025641
mal_0131,mal,True,28,46,63,68,1.6428571428571428,2.25,2.4285714285714284
mal_0132,mal,True,20,19,28,37,0.95,1.4,1.85
mal_0133,mal,True,32,39,68,68,1.21875,2.125,2.125
mal_0134,mal,True,40,44,76,72,1.1,1.9,1.8
mal_0135,mal,True,24,24,49,54,1.0,2.0416666666666665,2.25
mal_0136,mal,True,31,31,50,57,1.0,1.6129032258064515,1.8387096774193548
mal_0137,mal,True,17,18,37,48,1.0588235294117647,2.176470588235294,2.823529411764706
mal_0138,mal,True,38,53,63,82,1.394736842105263,1.6578947368421053,2.1578947368421053
mal_0139,mal,True,16,20,30,33,1.25,1.875,2.0625
mal_0140,mal,True,14,20,28,37,1.4285714285714286,2.0,2.642857142857143
mal_0141,mal,True,23,37,46,54,1.608695652173913,2.0,2.347826086956522
mal_0142,mal,True,20,33,40,55,1.65,2.0,2.75
mal_0143,mal,True,25,38,43,47,1.52,1.72,1.88
mal_0144,mal,True,20,22,43,49,1.1,2.15,2.45
mal_0145,mal,True,48,58,93,100,1.2083333333333333,1.9375,2.0833333333333335
mal_0146,mal,True,20,21,38,47,1.05,1.9,2.35
mal_0147,mal,True,34,45,58,65,1.3235294117647058,1.7058823529411764,1.911764705882353
mal_0148,mal,True,37,13,19,27,0.35135135135135137,0.5135135135135135,0.7297297297297297
mal_0149,mal,True,25,30,50,65,1.2,2.0,2.6
mal_0150,mal,True,41,58,98,111,1.4146341463414633,2.3902439024390243,2.707317073170732
mal_0151,mal,True,26,33,48,70,1.2692307692307692,1.8461538461538463,2.6923076923076925
mal_0152,mal,True,28,29,49,38,1.0357142857142858,1.75,1.3571428571428572
mal_0153,mal,True,35,43,62,88,1.2285714285714286,1.7714285714285714,2.5142857142857142
mal_0154,mal,True,26,34,54,68,1.3076923076923077,2.076923076923077,2.6153846153846154
mal_0155,mal,True,38,47,69,62,1.236842105263158,1.8157894736842106,1.631578947368421
mal_0156,mal,True,30,39,52,61,1.3,1.7333333333333334,2.033333333333333
mal_0157,mal,True,35,38,58,63,1.0857142857142856,1.6571428571428573,1.8
mal_0158,mal,True,29,32,61,74,1.103448275862069,2.103448275862069,2.5517241379310347
mal_0159,mal,True,36,29,36,46,0.8055555555555556,1.0,1.2777777777777777
mal_0160,mal,True,36,46,61,84,1.2777777777777777,1.6944444444444444,2.3333333333333335
mal_0161,mal,True,56,62,67,86,1.1071428571428572,1.1964285714285714,1.5357142857142858
mal_0162,mal,True,24,26,32,44,1.0833333333333333,1.3333333333333333,1.8333333333333333
mal_0163,mal,True,29,28,51,62,0.9655172413793104,1.7586206896551724,2.1379310344827585
mal_0164,mal,True,25,29,42,61,1.16,1.68,2.44
mal_0165,mal,True,25,27,49,52,1.08,1.96,2.08
mal_0166,mal,True,25,37,45,51,1.48,1.8,2.04
mal_0167,mal,True,14,30,40,50,2.142857142857143,2.857142857142857,3.5714285714285716
mal_0168,mal,True,35,43,80,91,1.2285714285714286,2.2857142857142856,2.6
mal_0169,mal,True,20,20,35,44,1.0,1.75,2.2
mal_0170,mal,True,23,44,70,75,1.9130434782608696,3.0434782608695654,3.260869565217391
mal_0171,mal,True,22,30,44,54,1.3636363636363635,2.0,2.4545454545454546
mal_0172,mal,True,39,27,40,48,0.6923076923076923,1.0256410256410255,1.2307692307692308
mal_0173,mal,True,25,37,44,53,1.48,1.76,2.12
mal_0174,mal,True,21,28,37,44,1.3333333333333333,1.7619047619047619,2.0952380952380953
mal_0175,mal,True,34,40,45,52,1.1764705882352942,1.3235294117647058,1.5294117647058822
mal_0176,mal,True,26,32,54,64,1.2307692307692308,2.076923076923077,2.4615384615384617
mal_0177,mal,True,35,45,62,76,1.2857142857142858,1.7714285714285714,2.1714285714285713
mal_0178,mal,True,39,48,67,81,1.2307692307692308,1.7179487179487178,2.076923076923077
mal_0179,mal,True,44,56,74,82,1.2727272727272727,1.6818181818181819,1.8636363636363635
mal_0180,mal,True,25,27,36,43,1.08,1.44,1.72
mal_0181,mal,True,23,33,45,52,1.434782608695652,1.9565217391304348,2.260869565217391
mal_0182,mal,True,19,29,37,45,1.5263157894736843,1.9473684210526316,2.3684210526315788
mal_0183,mal,True,17,24,25,38,1.411764705882353,1.4705882352941178,2.235294117647059
mal_0184,mal,True,56,46,55,71,0.8214285714285714,0.9821428571428571,1.2678571428571428
mal_0185,mal,True,44,43,51,62,0.9772727272727273,1.1590909090909092,1.4090909090909092
mal_0186,mal,True,33,47,84,84,1.4242424242424243,2.5454545454545454,2.5454545454545454
mal_0187,mal,True,21,28,46,52,1.3333333333333333,2.1904761904761907,2.4761904761904763
mal_0188,mal,True,24,28,34,47,1.1666666666666667,1.4166666666666667,1.9583333333333333
mal_0189,mal,True,23,36,46,52,1.565217391304348,2.0,2.260869565217391
mal_0190,mal,True,31,45,64,70,1.4516129032258065,2.064516129032258,2.2580645161290325
mal_0191,mal,True,35,44,67,77,1.2571428571428571,1.9142857142857144,2.2
mal_0192,mal,True,17,17,32,40,1.0,1.8823529411764706,2.3529411764705883
mal_0193,mal,True,36,55,75,92,1.5277777777777777,2.0833333333333335,2.5555555555555554
mal_0194,mal,True,37,50,66,73,1.3513513513513513,1.7837837837837838,1.972972972972973
mal_0195,mal,True,18,20,31,33,1.1111111111111112,1.7222222222222223,1.8333333333333333
mal_0196,mal,True,22,35,64,79,1.5909090909090908,2.909090909090909,3.590909090909091
mal_0197,mal,True,26,28,42,54,1.0769230769230769,1.6153846153846154,2.076923076923077
mal_0198,mal,True,24,31,53,68,1.2916666666666667,2.2083333333333335,2.8333333333333335
mal_0199,mal,True,14,28,39,48,2.0,2.7857142857142856,3.4285714285714284
mal_0200,mal,True,32,36,60,66,1.125,1.875,2.0625
mal_0201,mal,True,29,37,41,58,1.2758620689655173,1.4137931034482758,2.0
mal_0202,mal,True,29,19,32,34,0.6551724137931034,1.103448275862069,1.1724137931034482
mal_0203,mal,True,34,37,42,56,1.088235294117647,1.2352941176470589,1.6470588235294117
mal_0204,mal,True,19,23,32,43,1.2105263157894737,1.6842105263157894,2.263157894736842
mal_0205,mal,True,22,23,41,48,1.0454545454545454,1.8636363636363635,2.1818181818181817
mal_0206,mal,True,43,43,66,89,1.0,1.5348837209302326,2.0697674418604652
mal_0207,mal,True,15,17,31,31,1.1333333333333333,2.066666666666667,2.066666666666667
mal_0208,mal,True,21,25,28,33,1.1904761904761905,1.3333333333333333,1.5714285714285714
mal_0209,mal,True,16,20,34,39,1.25,2.125,2.4375
mal_0210,mal,True,20,31,32,40,1.55,1.6,2.0
mal_0211,mal,True,46,57,92,95,1.2391304347826086,2.0,2.0652173913043477
mal_0212,mal,True,29,46,59,64,1.5862068965517242,2.0344827586206895,2.206896551724138
mal_0213,mal,True,16,25,52,52,1.5625,3.25,3.25
mal_0214,mal,True,24,9,15,21,0.375,0.625,0.875
mal_0215,mal,True,33,46,59,78,1.393939393939394,1.7878787878787878,2.3636363636363638
mal_0216,mal,True,15,19,29,41,1.2666666666666666,1.9333333333333333,2.7333333333333334
mal_0217,mal,True,31,29,45,54,0.9354838709677419,1.4516129032258065,1.7419354838709677
mal_0218,mal,True,37,47,88,102,1.2702702702702702,2.3783783783783785,2.7567567567567566
mal_0219,mal,True,34,34,54,63,1.0,1.588235294117647,1.8529411764705883
mal_0220,mal,True,47,31,51,64,0.6595744680851063,1.0851063829787233,1.3617021276595744
mal_0221,mal,True,32,46,79,98,1.4375,2.46875,3.0625
mal_0222,mal,True,22,27,57,64,1.2272727272727273,2.590909090909091,2.909090909090909
mal_0223,mal,True,26,34,52,67,1.3076923076923077,2.0,2.576923076923077
mal_0224,mal,True,28,39,66,74,1.3928571428571428,2.357142857142857,2.642857142857143
mal_0225,mal,True,25,40,48,58,1.6,1.92,2.32
mal_0226,mal,True,27,36,60,67,1.3333333333333333,2.2222222222222223,2.4814814814814814
mal_0227,mal,True,44,49,65,68,1.1136363636363635,1.4772727272727273,1.5454545454545454
mal_0228,mal,True,49,34,52,67,0.6938775510204082,1.0612244897959184,1.3673469387755102
mal_0229,mal,True,57,59,89,93,1.0350877192982457,1.5614035087719298,1.631578947368421
mal_0230,mal,True,20,27,49,53,1.35,2.45,2.65
mal_0231,mal,True,25,37,60,72,1.48,2.4,2.88
mal_0232,mal,True,34,40,76,93,1.1764705882352942,2.235294117647059,2.735294117647059
mal_0233,mal,True,34,43,68,91,1.2647058823529411,2.0,2.676470588235294
mal_0234,mal,True,26,19,26,34,0.7307692307692307,1.0,1.3076923076923077
mal_0235,mal,True,28,30,44,44,1.0714285714285714,1.5714285714285714,1.5714285714285714
mal_0236,mal,True,36,50,75,81,1.3888888888888888,2.0833333333333335,2.25
mal_0237,mal,True,29,43,55,64,1.4827586206896552,1.896551724137931,2.206896551724138
mal_0238,mal,True,33,41,60,69,1.2424242424242424,1.8181818181818181,2.090909090909091
mal_0239,mal,True,21,6,10,13,0.2857142857142857,0.47619047619047616,0.6190476190476191
mal_0240,mal,True,28,27,54,73,0.9642857142857143,1.9285714285714286,2.607142857142857
mal_0241,mal,True,33,50,65,84,1.5151515151515151,1.9696969696969697,2.5454545454545454
mal_0242,mal,True,37,66,86,105,1.7837837837837838,2.324324324324324,2.8378378378378377
mal_0243,mal,True,17,29,55,66,1.7058823529411764,3.235294117647059,3.8823529411764706
mal_0244,mal,True,17,26,42,43,1.5294117647058822,2.4705882352941178,2.5294117647058822
mal_0245,mal,True,39,52,76,88,1.3333333333333333,1.9487179487179487,2.2564102564102564
mal_0246,mal,True,23,46,66,71,2.0,2.869565217391304,3.0869565217391304
mal_0247,mal,True,20,28,46,50,1.4,2.3,2.5
mal_0248,mal,True,23,26,32,55,1.1304347826086956,1.391304347826087,2.391304347826087
mal_0249,mal,True,25,21,38,47,0.84,1.52,1.88
mal_0250,mal,True,59,66,96,122,1.11864406779661,1.6271186440677967,2.0677966101694913
mal_0251,mal,True,29,33,40,57,1.1379310344827587,1.3793103448275863,1.9655172413793103
mal_0252,mal,True,41,59,80,85,1.4390243902439024,1.951219512195122,2.073170731707317
mal_0253,mal,True,28,15,25,30,0.5357142857142857,0.8928571428571429,1.0714285714285714
mal_0254,mal,True,30,32,49,47,1.0666666666666667,1.6333333333333333,1.5666666666666667
mal_0255,mal,True,41,48,67,84,1.170731707317073,1.6341463414634145,2.048780487804878
mal_0256,mal,True,24,38,55,61,1.5833333333333333,2.2916666666666665,2.5416666666666665
mal_0257,mal,True,38,60,89,93,1.5789473684210527,2.3421052631578947,2.4473684210526314
mal_0258,mal,True,29,21,50,47,0.7241379310344828,1.7241379310344827,1.6206896551724137
mal_0259,mal,True,45,64,90,111,1.4222222222222223,2.0,2.466666666666667
mal_0260,mal,True,22,32,42,49,1.4545454545454546,1.9090909090909092,2.227272727272727
mal_0261,mal,True,43,43,78,80,1.0,1.813953488372093,1.8604651162790697
mal_0262,mal,True,24,32,58,66,1.3333333333333333,2.4166666666666665,2.75
mal_0263,mal,True,30,30,66,83,1.0,2.2,2.7666666666666666
mal_0264,mal,True,44,56,73,77,1.2727272727272727,1.6590909090909092,1.75
mal_0265,mal,True,35,12,24,25,0.34285714285714286,0.6857142857142857,0.7142857142857143
mal_0266,mal,True,27,36,54,70,1.3333333333333333,2.0,2.5925925925925926
mal_0267,mal,True,22,20,27,29,0.9090909090909091,1.2272727272727273,1.3181818181818181
mal_0268,mal,True,27,30,42,49,1.1111111111111112,1.5555555555555556,1.8148148148148149
mal_0269,mal,True,30,42,51,55,1.4,1.7,1.8333333333333333
mal_0270,mal,True,44,56,67,82,1.2727272727272727,1.5227272727272727,1.8636363636363635
mal_0271,mal,True,34,41,77,96,1.2058823529411764,2.264705882352941,2.823529411764706
mal_0272,mal,True,18,24,26,31,1.3333333333333333,1.4444444444444444,1.7222222222222223
mal_0273,mal,True,42,27,36,38,0.6428571428571429,0.8571428571428571,0.9047619047619048
mal_0274,mal,True,29,34,70,81,1.1724137931034482,2.413793103448276,2.793103448275862
mal_0275,mal,True,18,26,41,54,1.4444444444444444,2.2777777777777777,3.0
mal_0276,mal,True,45,25,43,36,0.5555555555555556,0.9555555555555556,0.8
mal_0277,mal,True,41,47,57,69,1.146341463414634,1.3902439024390243,1.6829268292682926
mal_0278,mal,True,22,37,61,73,1.6818181818181819,2.772727272727273,3.3181818181818183
mal_0279,mal,True,24,37,43,50,1.5416666666666667,1.7916666666666667,2.0833333333333335
mal_0280,mal,True,39,66,83,98,1.6923076923076923,2.128205128205128,2.5128205128205128
mal_0281,mal,True,41,36,50,67,0.8780487804878049,1.2195121951219512,1.6341463414634145
mal_0282,mal,True,44,64,91,97,1.4545454545454546,2.0681818181818183,2.2045454545454546
mal_0283,mal,True,19,26,41,47,1.368421052631579,2.1578947368421053,2.473684210526316
mal_0284,mal,True,25,24,39,44,0.96,1.56,1.76
mal_0285,mal,True,33,49,73,88,1.4848484848484849,2.212121212121212,2.6666666666666665
mal_0286,mal,True,27,38,51,62,1.4074074074074074,1.8888888888888888,2.2962962962962963
mal_0287,mal,True,28,41,54,63,1.4642857142857142,1.9285714285714286,2.25
mal_0288,mal,True,24,20,38,42,0.8333333333333334,1.5833333333333333,1.75
mal_0289,mal,True,41,72,93,95,1.7560975609756098,2.268292682926829,2.317073170731707
mal_0290,mal,True,29,37,61,74,1.2758620689655173,2.103448275862069,2.5517241379310347
mal_0291,mal,True,15,14,26,26,0.9333333333333333,1.7333333333333334,1.7333333333333334
mal_0292,mal,True,47,46,80,78,0.9787234042553191,1.702127659574468,1.6595744680851063
mal_0293,mal,True,38,53,65,67,1.394736842105263,1.7105263157894737,1.763157894736842
mal_0294,mal,True,26,30,38,42,1.1538461538461537,1.4615384615384615,1.6153846153846154
mal_0295,mal,True,21,36,55,60,1.7142857142857142,2.619047619047619,2.857142857142857
mal_0296,mal,True,27,41,53,62,1.5185185185185186,1.962962962962963,2.2962962962962963
mal_0297,mal,True,21,27,30,38,1.2857142857142858,1.4285714285714286,1.8095238095238095
mal_0298,mal,True,26,35,59,74,1.3461538461538463,2.269230769230769,2.8461538461538463
mal_0299,mal,True,24,26,46,58,1.0833333333333333,1.9166666666666667,2.4166666666666665
mal_0300,mal,True,15,25,22,33,1.6666666666666667,1.4666666666666666,2.2
mal_0301,mal,True,21,21,41,43,1.0,1.9523809523809523,2.0476190476190474
mal_0302,mal,True,34,47,78,84,1.3823529411764706,2.2941176470588234,2.4705882352941178
mal_0303,mal,True,23,36,43,56,1.565217391304348,1.8695652173913044,2.4347826086956523
mal_0304,mal,True,35,41,63,74,1.1714285714285715,1.8,2.1142857142857143
mal_0305,mal,True,34,41,56,68,1.2058823529411764,1.6470588235294117,2.0
mal_0306,mal,True,23,27,41,50,1.173913043478261,1.7826086956521738,2.1739130434782608
mal_0307,mal,True,25,38,47,51,1.52,1.88,2.04
mal_0308,mal,True,17,18,26,40,1.0588235294117647,1.5294117647058822,2.3529411764705883
mal_0309,mal,True,35,44,61,69,1.2571428571428571,1.7428571428571429,1.9714285714285715
mal_0310,mal,True,30,50,79,94,1.6666666666666667,2.6333333333333333,3.1333333333333333
mal_0311,mal,True,31,46,59,81,1.4838709677419355,1.903225806451613,2.6129032258064515
mal_0312,mal,True,42,66,83,117,1.5714285714285714,1.9761904761904763,2.7857142857142856
mal_0313,mal,True,33,41,54,68,1.2424242424242424,1.6363636363636365,2.0606060606060606
mal_0314,mal,True,41,35,47,63,0.8536585365853658,1.146341463414634,1.5365853658536586
mal_0315,mal,True,41,40,60,69,0.975609756097561,1.4634146341463414,1.6829268292682926
mal_0316,mal,True,23,26,39,54,1.1304347826086956,1.6956521739130435,2.347826086956522
mal_0317,mal,True,27,42,68,77,1.5555555555555556,2.5185185185185186,2.8518518518518516
mal_0318,mal,True,44,39,47,59,0.8863636363636364,1.0681818181818181,1.3409090909090908
mal_0319,mal,True,21,28,41,50,1.3333333333333333,1.9523809523809523,2.380952380952381
mal_0320,mal,True,26,21,40,45,0.8076923076923077,1.5384615384615385,1.7307692307692308
mal_0321,mal,True,21,29,44,49,1.380952380952381,2.0952380952380953,2.3333333333333335
mal_0322,mal,True,25,34,42,53,1.36,1.68,2.12
mal_0323,mal,True,47,53,69,73,1.127659574468085,1.4680851063829787,1.553191489361702
mal_0324,mal,True,29,26,47,61,0.896551724137931,1.6206896551724137,2.103448275862069
mal_0325,mal,True,44,59,81,98,1.3409090909090908,1.8409090909090908,2.227272727272727
mal_0326,mal,True,30,19,32,36,0.6333333333333333,1.0666666666666667,1.2
mal_0327,mal,True,14,18,34,42,1.2857142857142858,2.4285714285714284,3.0
mal_0328,mal,True,31,40,41,56,1.2903225806451613,1.3225806451612903,1.8064516129032258
mal_0329,mal,True,21,13,30,35,0.6190476190476191,1.4285714285714286,1.6666666666666667
mal_0330,mal,True,22,19,32,34,0.8636363636363636,1.4545454545454546,1.5454545454545454
mal_0331,mal,True,39,42,70,81,1.0769230769230769,1.794871794871795,2.076923076923077
mal_0332,mal,True,25,36,45,57,1.44,1.8,2.28
mal_0333,mal,True,17,25,34,35,1.4705882352941178,2.0,2.0588235294117645
mal_0334,mal,True,22,31,47,56,1.4090909090909092,2.1363636363636362,2.5454545454545454
mal_0335,mal,True,23,31,50,65,1.3478260869565217,2.1739130434782608,2.8260869565217392
mal_0336,mal,True,22,29,42,46,1.3181818181818181,1.9090909090909092,2.090909090909091
mal_0337,mal,True,31,32,50,71,1.032258064516129,1.6129032258064515,2.2903225806451615
mal_0338,mal,True,20,25,39,41,1.25,1.95,2.05
mal_0339,mal,True,29,36,60,78,1.2413793103448276,2.0689655172413794,2.689655172413793
mal_0340,mal,True,35,35,63,85,1.0,1.8,2.4285714285714284
mal_0341,mal,True,40,56,75,92,1.4,1.875,2.3
mal_0342,mal,True,20,29,40,45,1.45,2.0,2.25
mal_0343,mal,True,25,31,43,47,1.24,1.72,1.88
mal_0344,mal,True,34,38,59,67,1.1176470588235294,1.7352941176470589,1.9705882352941178
mal_0345,mal,True,38,54,69,73,1.4210526315789473,1.8157894736842106,1.9210526315789473
mal_0346,mal,True,25,22,30,34,0.88,1.2,1.36
mal_0347,mal,True,33,31,56,75,0.9393939393939394,1.696969696969697,2.272727272727273
mal_0348,mal,True,30,42,66,71,1.4,2.2,2.3666666666666667
mal_0349,mal,True,36,47,71,94,1.3055555555555556,1.9722222222222223,2.611111111111111
mal_0350,mal,True,19,21,31,32,1.105263157894737,1.631578947368421,1.6842105263157894
mal_0351,mal,True,24,28,34,49,1.1666666666666667,1.4166666666666667,2.0416666666666665
mal_0352,mal,True,42,24,32,24,0.5714285714285714,0.7619047619047619,0.5714285714285714
mal_0353,mal,True,41,44,59,67,1.0731707317073171,1.4390243902439024,1.6341463414634145
mal_0354,mal,True,43,27,34,49,0.627906976744186,0.7906976744186046,1.1395348837209303
mal_0355,mal,True,29,43,58,66,1.4827586206896552,2.0,2.2758620689655173
mal_0356,mal,True,26,14,22,24,0.5384615384615384,0.8461538461538461,0.9230769230769231
mal_0357,mal,True,19,28,40,52,1.4736842105263157,2.1052631578947367,2.736842105263158
mal_0358,mal,True,45,53,93,103,1.1777777777777778,2.066666666666667,2.2888888888888888
mal_0359,mal,True,45,58,96,107,1.288888888888889,2.1333333333333333,2.3777777777777778
mal_0360,mal,True,40,52,60,80,1.3,1.5,2.0
mal_0361,mal,True,24,42,47,58,1.75,1.9583333333333333,2.4166666666666665
mal_0362,mal,True,28,41,48,58,1.4642857142857142,1.7142857142857142,2.0714285714285716
mal_0363,mal,True,34,42,65,77,1.2352941176470589,1.911764705882353,2.264705882352941
mal_0364,mal,True,26,36,59,77,1.3846153846153846,2.269230769230769,2.9615384615384617
mal_0365,mal,True,46,77,120,136,1.673913043478261,2.608695652173913,2.9565217391304346
mal_0366,mal,True,35,38,67,76,1.0857142857142856,1.9142857142857144,2.1714285714285713
mal_0367,mal,True,28,45,57,60,1.6071428571428572,2.0357142857142856,2.142857142857143
mal_0368,mal,True,35,42,59,73,1.2,1.6857142857142857,2.085714285714286
mal_0369,mal,True,25,24,39,46,0.96,1.56,1.84
mal_0370,mal,True,23,27,41,53,1.173913043478261,1.7826086956521738,2.3043478260869565
mal_0371,mal,True,16,16,26,35,1.0,1.625,2.1875
mal_0372,mal,True,25,32,46,63,1.28,1.84,2.52
mal_0373,mal,True,25,35,48,59,1.4,1.92,2.36
mal_0374,mal,True,24,32,45,48,1.3333333333333333,1.875,2.0
mal_0375,mal,True,17,24,33,45,1.411764705882353,1.9411764705882353,2.6470588235294117
mal_0376,mal,True,24,28,50,59,1.1666666666666667,2.0833333333333335,2.4583333333333335
mal_0377,mal,True,17,24,37,48,1.411764705882353,2.176470588235294,2.823529411764706
mal_0378,mal,True,23,33,42,49,1.434782608695652,1.826086956521739,2.130434782608696
mal_0379,mal,True,23,37,46,47,1.608695652173913,2.0,2.0434782608695654
mal_0380,mal,True,40,56,85,107,1.4,2.125,2.675
mal_0381,mal,True,37,43,57,67,1.162162162162162,1.5405405405405406,1.8108108108108107
mal_0382,mal,True,26,36,62,71,1.3846153846153846,2.3846153846153846,2.730769230769231
mal_0383,mal,True,30,32,46,58,1.0666666666666667,1.5333333333333334,1.9333333333333333
mal_0384,mal,True,24,20,27,32,0.8333333333333334,1.125,1.3333333333333333
mal_0385,mal,True,27,37,48,68,1.3703703703703705,1.7777777777777777,2.5185185185185186
mal_0386,mal,True,22,29,44,51,1.3181818181818181,2.0,2.3181818181818183
mal_0387,mal,True,29,24,33,33,0.8275862068965517,1.1379310344827587,1.1379310344827587
mal_0388,mal,True,41,29,48,56,0.7073170731707317,1.170731707317073,1.3658536585365855
mal_0389,mal,True,33,35,54,70,1.0606060606060606,1.6363636363636365,2.121212121212121
mal_0390,mal,True,27,27,46,56,1.0,1.7037037037037037,2.074074074074074
mal_0391,mal,True,26,31,43,51,1.1923076923076923,1.6538461538461537,1.9615384615384615
mal_0392,mal,True,43,47,83,95,1.0930232558139534,1.930232558139535,2.2093023255813953
mal_0393,mal,True,20,23,33,40,1.15,1.65,2.0
mal_0394,mal,True,54,71,107,135,1.3148148148148149,1.9814814814814814,2.5
mal_0395,mal,True,75,86,110,129,1.1466666666666667,1.4666666666666666,1.72
mal_0396,mal,True,40,47,69,93,1.175,1.725,2.325
mal_0397,mal,True,29,40,52,55,1.3793103448275863,1.793103448275862,1.896551724137931
mal_0398,mal,True,27,32,47,55,1.1851851851851851,1.7407407407407407,2.037037037037037
mal_0399,mal,True,36,47,80,78,1.3055555555555556,2.2222222222222223,2.1666666666666665
mal_0400,mal,True,36,20,24,32,0.5555555555555556,0.6666666666666666,0.8888888888888888
mal_0401,mal,True,20,29,36,53,1.45,1.8,2.65
mal_0402,mal,True,40,60,86,95,1.5,2.15,2.375
mal_0403,mal,True,35,38,54,67,1.0857142857142856,1.542857142857143,1.9142857142857144
mal_0404,mal,True,20,23,26,39,1.15,1.3,1.95
mal_0405,mal,True,17,21,25,36,1.2352941176470589,1.4705882352941178,2.1176470588235294
mal_0406,mal,True,25,32,44,53,1.28,1.76,2.12
mal_0407,mal,True,39,59,91,104,1.5128205128205128,2.3333333333333335,2.6666666666666665
mal_0408,mal,True,51,50,65,61,0.9803921568627451,1.2745098039215685,1.196078431372549
mal_0409,mal,True,16,29,43,48,1.8125,2.6875,3.0
mal_0410,mal,True,24,20,37,41,0.8333333333333334,1.5416666666666667,1.7083333333333333
mal_0411,mal,True,30,38,56,67,1.2666666666666666,1.8666666666666667,2.2333333333333334
mal_0412,mal,True,30,37,48,59,1.2333333333333334,1.6,1.9666666666666666
mal_0413,mal,True,24,26,39,43,1.0833333333333333,1.625,1.7916666666666667
mal_0414,mal,True,17,22,35,40,1.2941176470588236,2.0588235294117645,2.3529411764705883
mal_0415,mal,True,18,22,32,42,1.2222222222222223,1.7777777777777777,2.3333333333333335
mal_0416,mal,True,30,41,75,86,1.3666666666666667,2.5,2.8666666666666667
mal_0417,mal,True,23,32,41,46,1.391304347826087,1.7826086956521738,2.0
mal_0418,mal,True,25,36,59,73,1.44,2.36,2.92
mal_0419,mal,True,20,26,32,47,1.3,1.6,2.35
mal_0420,mal,True,32,37,62,69,1.15625,1.9375,2.15625
mal_0421,mal,True,22,17,21,26,0.7727272727272727,0.9545454545454546,1.1818181818181819
mal_0422,mal,True,43,55,92,107,1.2790697674418605,2.13953488372093,2.488372093023256
mal_0423,mal,True,22,30,41,46,1.3636363636363635,1.8636363636363635,2.090909090909091
mal_0424,mal,True,28,53,62,79,1.8928571428571428,2.2142857142857144,2.8214285714285716
mal_0425,mal,True,29,32,46,59,1.103448275862069,1.5862068965517242,2.0344827586206895
mal_0426,mal,True,41,67,82,105,1.6341463414634145,2.0,2.5609756097560976
mal_0427,mal,True,32,39,70,71,1.21875,2.1875,2.21875
mal_0428,mal,True,40,55,84,109,1.375,2.1,2.725
mal_0429,mal,True,21,25,32,38,1.1904761904761905,1.5238095238095237,1.8095238095238095
mal_0430,mal,True,29,39,53,64,1.3448275862068966,1.8275862068965518,2.206896551724138
mal_0431,mal,True,37,57,88,113,1.5405405405405406,2.3783783783783785,3.054054054054054
mal_0432,mal,True,47,75,80,95,1.5957446808510638,1.702127659574468,2.021276595744681
mal_0433,mal,True,30,41,67,78,1.3666666666666667,2.2333333333333334,2.6
mal_0434,mal,True,26,29,40,56,1.1153846153846154,1.5384615384615385,2.1538461538461537
mal_0435,mal,True,37,48,66,81,1.2972972972972974,1.7837837837837838,2.189189189189189
mal_0436,mal,True,13,17,19,21,1.3076923076923077,1.4615384615384615,1.6153846153846154
mal_0437,mal,True,29,34,53,66,1.1724137931034482,1.8275862068965518,2.2758620689655173
mal_0438,mal,True,30,47,72,90,1.5666666666666667,2.4,3.0
mal_0439,mal,True,34,49,63,77,1.4411764705882353,1.8529411764705883,2.264705882352941
mal_0440,mal,True,28,33,56,75,1.1785714285714286,2.0,2.6785714285714284
mal_0441,mal,True,41,56,83,98,1.3658536585365855,2.024390243902439,2.3902439024390243
mal_0442,mal,True,50,62,77,83,1.24,1.54,1.66
mal_0443,mal,True,35,10,19,24,0.2857142857142857,0.5428571428571428,0.6857142857142857
mal_0444,mal,True,15,17,31,37,1.1333333333333333,2.066666666666667,2.466666666666667
mal_0445,mal,True,25,16,33,36,0.64,1.32,1.44
mal_0446,mal,True,14,26,35,42,1.8571428571428572,2.5,3.0
mal_0447,mal,True,28,51,64,73,1.8214285714285714,2.2857142857142856,2.607142857142857
mal_0448,mal,True,22,27,45,54,1.2272727272727273,2.0454545454545454,2.4545454545454546
mal_0449,mal,True,21,24,50,58,1.1428571428571428,2.380952380952381,2.761904761904762
mal_0450,mal,True,36,56,96,111,1.5555555555555556,2.6666666666666665,3.0833333333333335
mal_0451,mal,True,44,62,83,98,1.4090909090909092,1.8863636363636365,2.227272727272727
mal_0452,mal,True,30,38,56,55,1.2666666666666666,1.8666666666666667,1.8333333333333333
mal_0453,mal,True,15,14,33,41,0.9333333333333333,2.2,2.7333333333333334
mal_0454,mal,True,15,19,41,42,1.2666666666666666,2.7333333333333334,2.8
mal_0455,mal,True,16,24,37,40,1.5,2.3125,2.5
mal_0456,mal,True,29,47,77,88,1.6206896551724137,2.6551724137931036,3.0344827586206895
mal_0457,mal,True,40,58,79,98,1.45,1.975,2.45
mal_0458,mal,True,36,32,44,55,0.8888888888888888,1.2222222222222223,1.5277777777777777
mal_0459,mal,True,26,46,56,58,1.7692307692307692,2.1538461538461537,2.230769230769231
mal_0460,mal,True,31,34,46,68,1.096774193548387,1.4838709677419355,2.193548387096774
mal_0461,mal,True,21,32,48,63,1.5238095238095237,2.2857142857142856,3.0
mal_0462,mal,True,36,44,71,94,1.2222222222222223,1.9722222222222223,2.611111111111111
mal_0463,mal,True,29,31,37,43,1.0689655172413792,1.2758620689655173,1.4827586206896552
mal_0464,mal,True,35,46,77,96,1.3142857142857143,2.2,2.742857142857143
mal_0465,mal,True,21,12,20,19,0.5714285714285714,0.9523809523809523,0.9047619047619048
mal_0466,mal,True,25,20,22,31,0.8,0.88,1.24
mal_0467,mal,True,39,25,37,50,0.6410256410256411,0.9487179487179487,1.2820512820512822
mal_0468,mal,True,21,32,44,47,1.5238095238095237,2.0952380952380953,2.238095238095238
mal_0469,mal,True,17,27,44,57,1.588235294117647,2.588235294117647,3.3529411764705883
mal_0470,mal,True,24,29,62,73,1.2083333333333333,2.5833333333333335,3.0416666666666665
mal_0471,mal,True,28,40,65,74,1.4285714285714286,2.3214285714285716,2.642857142857143
mal_0472,mal,True,15,20,19,22,1.3333333333333333,1.2666666666666666,1.4666666666666666
mal_0473,mal,True,35,24,43,52,0.6857142857142857,1.2285714285714286,1.4857142857142858
mal_0474,mal,True,42,63,81,104,1.5,1.9285714285714286,2.4761904761904763
mal_0475,mal,True,19,26,39,52,1.368421052631579,2.0526315789473686,2.736842105263158
mal_0476,mal,True,40,24,30,36,0.6,0.75,0.9
mal_0477,mal,True,17,25,42,56,1.4705882352941178,2.4705882352941178,3.2941176470588234
mal_0478,mal,True,34,48,62,83,1.411764705882353,1.8235294117647058,2.4411764705882355
mal_0479,mal,True,30,34,56,65,1.1333333333333333,1.8666666666666667,2.1666666666666665
mal_0480,mal,True,32,41,73,80,1.28125,2.28125,2.5
mal_0481,mal,True,19,29,35,50,1.5263157894736843,1.8421052631578947,2.6315789473684212
mal_0482,mal,True,20,23,38,40,1.15,1.9,2.0
mal_0483,mal,True,40,45,83,79,1.125,2.075,1.975
mal_0484,mal,True,17,22,32,41,1.2941176470588236,1.8823529411764706,2.411764705882353
mal_0485,mal,True,21,25,39,44,1.1904761904761905,1.8571428571428572,2.0952380952380953
mal_0486,mal,True,14,35,41,51,2.5,2.9285714285714284,3.642857142857143
mal_0487,mal,True,43,49,77,99,1.1395348837209303,1.7906976744186047,2.302325581395349
mal_0488,mal,True,45,56,71,82,1.2444444444444445,1.5777777777777777,1.8222222222222222
mal_0489,mal,True,43,53,75,101,1.2325581395348837,1.744186046511628,2.3488372093023258
mal_0490,mal,True,21,19,44,50,0.9047619047619048,2.0952380952380953,2.380952380952381
mal_0491,mal,True,35,37,58,73,1.0571428571428572,1.6571428571428573,2.085714285714286
mal_0492,mal,True,45,59,93,106,1.3111111111111111,2.066666666666667,2.3555555555555556
mal_0493,mal,True,21,19,25,32,0.9047619047619048,1.1904761904761905,1.5238095238095237
mal_0494,mal,True,42,54,87,88,1.2857142857142858,2.0714285714285716,2.0952380952380953
mal_0495,mal,True,27,35,67,77,1.2962962962962963,2.4814814814814814,2.8518518518518516
mal_0496,mal,True,28,33,31,44,1.1785714285714286,1.1071428571428572,1.5714285714285714
mal_0497,mal,True,27,28,51,63,1.037037037037037,1.8888888888888888,2.3333333333333335
mal_0498,mal,True,20,29,52,57,1.45,2.6,2.85
mal_0499,mal,True,26,30,54,58,1.1538461538461537,2.076923076923077,2.230769230769231
mal_0500,mal,True,42,55,75,81,1.3095238095238095,1.7857142857142858,1.9285714285714286
mal_0501,mal,True,34,43,69,77,1.2647058823529411,2.0294117647058822,2.264705882352941
mal_0502,mal,True,31,38,68,72,1.2258064516129032,2.193548387096774,2.3225806451612905
mal_0503,mal,True,24,39,54,65,1.625,2.25,2.7083333333333335
mal_0504,mal,True,23,41,49,59,1.7826086956521738,2.130434782608696,2.5652173913043477
mal_0505,mal,True,44,36,50,60,0.8181818181818182,1.1363636363636365,1.3636363636363635
mal_0506,mal,True,36,30,33,43,0.8333333333333334,0.9166666666666666,1.1944444444444444
mal_0507,mal,True,32,49,85,99,1.53125,2.65625,3.09375
mal_0508,mal,True,29,31,58,74,1.0689655172413792,2.0,2.5517241379310347
mal_0509,mal,True,31,38,71,88,1.2258064516129032,2.2903225806451615,2.838709677419355
mal_0510,mal,True,44,64,88,102,1.4545454545454546,2.0,2.3181818181818183
mal_0511,mal,True,71,93,152,177,1.3098591549295775,2.140845070422535,2.492957746478873
mal_0512,mal,True,40,44,66,75,1.1,1.65,1.875
mal_0513,mal,True,38,50,76,86,1.3157894736842106,2.0,2.263157894736842
mal_0514,mal,True,20,22,38,40,1.1,1.9,2.0
mal_0515,mal,True,45,60,90,107,1.3333333333333333,2.0,2.3777777777777778
mal_0516,mal,True,48,56,81,106,1.1666666666666667,1.6875,2.2083333333333335
mal_0517,mal,True,36,50,68,84,1.3888888888888888,1.8888888888888888,2.3333333333333335
mal_0518,mal,True,41,60,91,106,1.4634146341463414,2.2195121951219514,2.5853658536585367
mal_0519,mal,True,35,29,43,49,0.8285714285714286,1.2285714285714286,1.4
mal_0520,mal,True,38,25,37,45,0.6578947368421053,0.9736842105263158,1.1842105263157894
mal_0521,mal,True,39,58,84,109,1.4871794871794872,2.1538461538461537,2.7948717948717947
mal_0522,mal,True,39,55,88,102,1.4102564102564104,2.2564102564102564,2.6153846153846154
mal_0523,mal,True,37,38,47,66,1.027027027027027,1.2702702702702702,1.7837837837837838
mal_0524,mal,True,48,51,75,104,1.0625,1.5625,2.1666666666666665
mal_0525,mal,True,29,10,23,28,0.3448275862068966,0.7931034482758621,0.9655172413793104
mal_0526,mal,True,30,29,43,55,0.9666666666666667,1.4333333333333333,1.8333333333333333
mal_0527,mal,True,43,52,82,102,1.2093023255813953,1.9069767441860466,2.372093023255814
mal_0528,mal,True,33,38,65,83,1.1515151515151516,1.9696969696969697,2.515151515151515
mal_0529,mal,True,29,30,44,48,1.0344827586206897,1.5172413793103448,1.6551724137931034
mal_0530,mal,True,75,33,46,67,0.44,0.6133333333333333,0.8933333333333333
mal_0531,mal,True,38,43,69,79,1.131578947368421,1.8157894736842106,2.0789473684210527
mal_0532,mal,True,54,71,127,143,1.3148148148148149,2.3518518518518516,2.6481481481481484
mal_0533,mal,True,25,32,58,60,1.28,2.32,2.4
mal_0534,mal,True,22,29,49,57,1.3181818181818181,2.227272727272727,2.590909090909091
mal_0535,mal,True,16,21,30,33,1.3125,1.875,2.0625
mal_0536,mal,True,36,53,93,105,1.4722222222222223,2.5833333333333335,2.9166666666666665
mal_0537,mal,True,25,36,62,79,1.44,2.48,3.16
mal_0538,mal,True,21,31,42,57,1.4761904761904763,2.0,2.7142857142857144
mal_0539,mal,True,41,72,85,110,1.7560975609756098,2.073170731707317,2.682926829268293
mal_0540,mal,True,31,40,54,73,1.2903225806451613,1.7419354838709677,2.3548387096774195
mal_0541,mal,True,17,19,33,41,1.1176470588235294,1.9411764705882353,2.411764705882353
mal_0542,mal,True,35,48,65,66,1.3714285714285714,1.8571428571428572,1.8857142857142857
mal_0543,mal,True,29,30,39,51,1.0344827586206897,1.3448275862068966,1.7586206896551724
mal_0544,mal,True,26,33,56,61,1.2692307692307692,2.1538461538461537,2.3461538461538463
mal_0545,mal,True,21,26,33,44,1.2380952380952381,1.5714285714285714,2.0952380952380953
mal_0546,mal,True,28,37,50,58,1.3214285714285714,1.7857142857142858,2.0714285714285716
mal_0547,mal,True,40,45,75,74,1.125,1.875,1.85
mal_0548,mal,True,54,63,90,109,1.1666666666666667,1.6666666666666667,2.0185185185185186
mal_0549,mal,True,19,27,34,43,1.4210526315789473,1.7894736842105263,2.263157894736842
mal_0550,mal,True,38,50,81,96,1.3157894736842106,2.1315789473684212,2.526315789473684
mal_0551,mal,True,25,37,57,79,1.48,2.28,3.16
mal_0552,mal,True,26,41,59,76,1.5769230769230769,2.269230769230769,2.923076923076923
mal_0553,mal,True,50,71,121,145,1.42,2.42,2.9
mal_0554,mal,True,20,27,36,50,1.35,1.8,2.5
mal_0555,mal,True,33,24,33,49,0.7272727272727273,1.0,1.4848484848484849
mal_0556,mal,True,14,18,31,45,1.2857142857142858,2.2142857142857144,3.2142857142857144
mal_0557,mal,True,39,58,105,132,1.4871794871794872,2.6923076923076925,3.3846153846153846
mal_0558,mal,True,21,32,51,51,1.5238095238095237,2.4285714285714284,2.4285714285714284
mal_0559,mal,True,50,74,111,127,1.48,2.22,2.54
mal_0560,mal,True,34,46,60,68,1.3529411764705883,1.7647058823529411,2.0
mal_0561,mal,True,25,37,64,57,1.48,2.56,2.28
mal_0562,mal,True,38,36,61,71,0.9473684210526315,1.605263157894737,1.868421052631579
mal_0563,mal,True,29,46,66,83,1.5862068965517242,2.2758620689655173,2.8620689655172415
mal_0564,mal,True,22,36,58,71,1.6363636363636365,2.6363636363636362,3.227272727272727
mal_0565,mal,True,11,11,21,24,1.0,1.9090909090909092,2.1818181818181817
mal_0566,mal,True,41,64,96,113,1.5609756097560976,2.341463414634146,2.7560975609756095
mal_0567,mal,True,35,45,63,88,1.2857142857142858,1.8,2.5142857142857142
mal_0568,mal,True,22,19,29,39,0.8636363636363636,1.3181818181818181,1.7727272727272727
mal_0569,mal,True,19,23,33,44,1.2105263157894737,1.736842105263158,2.3157894736842106
mal_0570,mal,True,48,50,69,92,1.0416666666666667,1.4375,1.9166666666666667
mal_0571,mal,True,54,47,59,66,0.8703703703703703,1.0925925925925926,1.2222222222222223
mal_0572,mal,True,13,15,20,18,1.1538461538461537,1.5384615384615385,1.3846153846153846
mal_0573,mal,True,31,16,27,33,0.5161290322580645,0.8709677419354839,1.064516129032258
mal_0574,mal,True,29,31,49,52,1.0689655172413792,1.6896551724137931,1.793103448275862
mal_0575,mal,True,22,30,39,49,1.3636363636363635,1.7727272727272727,2.227272727272727
mal_0576,mal,True,24,38,53,65,1.5833333333333333,2.2083333333333335,2.7083333333333335
mal_0577,mal,True,33,43,70,81,1.303030303030303,2.121212121212121,2.4545454545454546
mal_0578,mal,True,13,17,24,27,1.3076923076923077,1.8461538461538463,2.076923076923077
mal_0579,mal,True,29,26,61,75,0.896551724137931,2.103448275862069,2.586206896551724
mal_0580,mal,True,39,22,39,46,0.5641025641025641,1.0,1.1794871794871795
mal_0581,mal,True,18,24,30,36,1.3333333333333333,1.6666666666666667,2.0
mal_0582,mal,True,21,31,49,51,1.4761904761904763,2.3333333333333335,2.4285714285714284
mal_0583,mal,True,26,31,56,73,1.1923076923076923,2.1538461538461537,2.8076923076923075
mal_0584,mal,True,41,33,44,55,0.8048780487804879,1.0731707317073171,1.3414634146341464
mal_0585,mal,True,31,43,68,80,1.3870967741935485,2.193548387096774,2.5806451612903225
mal_0586,mal,True,29,35,64,74,1.206896551724138,2.206896551724138,2.5517241379310347
mal_0587,mal,True,26,33,59,68,1.2692307692307692,2.269230769230769,2.6153846153846154
mal_0588,mal,True,54,70,110,134,1.2962962962962963,2.037037037037037,2.4814814814814814
mal_0589,mal,True,44,59,84,98,1.3409090909090908,1.9090909090909092,2.227272727272727
mal_0590,mal,True,25,25,44,52,1.0,1.76,2.08
mal_0591,mal,True,16,20,36,41,1.25,2.25,2.5625
mal_0592,mal,True,22,37,63,75,1.6818181818181819,2.8636363636363638,3.409090909090909
mal_0593,mal,True,19,35,43,48,1.8421052631578947,2.263157894736842,2.526315789473684
mal_0594,mal,True,34,49,59,78,1.4411764705882353,1.7352941176470589,2.2941176470588234
mal_0595,mal,True,40,48,64,66,1.2,1.6,1.65
mal_0596,mal,True,26,35,53,59,1.3461538461538463,2.0384615384615383,2.269230769230769
mal_0597,mal,True,27,34,44,54,1.2592592592592593,1.6296296296296295,2.0
mal_0598,mal,True,26,19,28,29,0.7307692307692307,1.0769230769230769,1.1153846153846154
mal_0599,mal,True,15,25,31,37,1.6666666666666667,2.066666666666667,2.466666666666667
mal_0600,mal,True,28,39,53,59,1.3928571428571428,1.8928571428571428,2.107142857142857
mal_0601,mal,True,34,40,71,67,1.1764705882352942,2.088235294117647,1.9705882352941178
mal_0602,mal,True,25,30,48,50,1.2,1.92,2.0
mal_0603,mal,True,47,35,54,73,0.7446808510638298,1.148936170212766,1.553191489361702
mal_0604,mal,True,44,47,62,66,1.0681818181818181,1.4090909090909092,1.5
mal_0605,mal,True,28,24,32,36,0.8571428571428571,1.1428571428571428,1.2857142857142858
mal_0606,mal,True,16,21,30,30,1.3125,1.875,1.875
mal_0607,mal,True,38,72,92,124,1.894736842105263,2.4210526315789473,3.263157894736842
mal_0608,mal,True,14,26,36,40,1.8571428571428572,2.5714285714285716,2.857142857142857
mal_0609,mal,True,36,59,96,109,1.6388888888888888,2.6666666666666665,3.0277777777777777
mal_0610,mal,True,20,30,38,43,1.5,1.9,2.15
mal_0611,mal,True,30,35,42,56,1.1666666666666667,1.4,1.8666666666666667
mal_0612,mal,True,25,35,63,65,1.4,2.52,2.6
mal_0613,mal,True,23,39,38,63,1.6956521739130435,1.6521739130434783,2.739130434782609
mal_0614,mal,True,32,42,64,65,1.3125,2.0,2.03125
mal_0615,mal,True,15,22,45,47,1.4666666666666666,3.0,3.1333333333333333
mal_0616,mal,True,27,33,41,53,1.2222222222222223,1.5185185185185186,1.962962962962963
mal_0617,mal,True,42,71,100,116,1.6904761904761905,2.380952380952381,2.761904761904762
mal_0618,mal,True,25,23,37,48,0.92,1.48,1.92
mal_0619,mal,True,27,34,54,65,1.2592592592592593,2.0,2.4074074074074074
mal_0620,mal,True,20,17,24,32,0.85,1.2,1.6
mal_0621,mal,True,14,17,28,40,1.2142857142857142,2.0,2.857142857142857
mal_0622,mal,True,36,32,53,53,0.8888888888888888,1.4722222222222223,1.4722222222222223
mal_0623,mal,True,50,66,78,91,1.32,1.56,1.82
mal_0624,mal,True,25,28,46,48,1.12,1.84,1.92
mal_0625,mal,True,26,39,45,66,1.5,1.7307692307692308,2.5384615384615383
mal_0626,mal,True,23,40,50,57,1.7391304347826086,2.1739130434782608,2.4782608695652173
mal_0627,mal,True,35,45,68,91,1.2857142857142858,1.9428571428571428,2.6
mal_0628,mal,True,16,21,35,40,1.3125,2.1875,2.5
mal_0629,mal,True,36,32,54,67,0.8888888888888888,1.5,1.8611111111111112
mal_0630,mal,True,22,31,37,51,1.4090909090909092,1.6818181818181819,2.3181818181818183
mal_0631,mal,True,21,31,43,48,1.4761904761904763,2.0476190476190474,2.2857142857142856
mal_0632,mal,True,35,22,38,48,0.6285714285714286,1.0857142857142856,1.3714285714285714
mal_0633,mal,True,20,20,29,39,1.0,1.45,1.95
mal_0634,mal,True,45,58,79,97,1.288888888888889,1.7555555555555555,2.1555555555555554
mal_0635,mal,True,29,42,55,65,1.4482758620689655,1.896551724137931,2.2413793103448274
mal_0636,mal,True,29,30,39,49,1.0344827586206897,1.3448275862068966,1.6896551724137931
mal_0637,mal,True,45,60,79,101,1.3333333333333333,1.7555555555555555,2.2444444444444445
mal_0638,mal,True,50,61,108,126,1.22,2.16,2.52
mal_0639,mal,True,23,33,32,50,1.434782608695652,1.391304347826087,2.1739130434782608
mal_0640,mal,True,49,57,103,116,1.163265306122449,2.1020408163265305,2.36734693877551
mal_0641,mal,True,40,28,52,61,0.7,1.3,1.525
mal_0642,mal,True,21,28,35,54,1.3333333333333333,1.6666666666666667,2.5714285714285716
mal_0643,mal,True,25,37,44,51,1.48,1.76,2.04
mal_0644,mal,True,33,32,63,75,0.9696969696969697,1.9090909090909092,2.272727272727273
mal_0645,mal,True,26,29,50,62,1.1153846153846154,1.9230769230769231,2.3846153846153846
mal_0646,mal,True,13,21,25,30,1.6153846153846154,1.9230769230769231,2.3076923076923075
mal_0647,mal,True,38,49,73,94,1.2894736842105263,1.9210526315789473,2.473684210526316
mal_0648,mal,True,35,53,86,89,1.5142857142857142,2.4571428571428573,2.5428571428571427
mal_0649,mal,True,32,56,71,76,1.75,2.21875,2.375
mal_0650,mal,True,21,29,43,49,1.380952380952381,2.0476190476190474,2.3333333333333335
mal_0651,mal,True,30,36,55,66,1.2,1.8333333333333333,2.2
mal_0652,mal,True,16,21,31,34,1.3125,1.9375,2.125
mal_0653,mal,True,33,45,64,83,1.3636363636363635,1.9393939393939394,2.515151515151515
mal_0654,mal,True,35,49,72,84,1.4,2.057142857142857,2.4
mal_0655,mal,True,24,38,52,57,1.5833333333333333,2.1666666666666665,2.375
mal_0656,mal,True,30,39,66,81,1.3,2.2,2.7
mal_0657,mal,True,40,49,80,78,1.225,2.0,1.95
mal_0658,mal,True,27,33,46,56,1.2222222222222223,1.7037037037037037,2.074074074074074
mal_0659,mal,True,39,57,90,117,1.4615384615384615,2.3076923076923075,3.0
mal_0660,mal,True,41,59,81,99,1.4390243902439024,1.975609756097561,2.4146341463414633
mal_0661,mal,True,25,23,54,48,0.92,2.16,1.92
mal_0662,mal,True,19,26,37,43,1.368421052631579,1.9473684210526316,2.263157894736842
mal_0663,mal,True,28,35,57,67,1.25,2.0357142857142856,2.392857142857143
mal_0664,mal,True,15,24,26,33,1.6,1.7333333333333334,2.2
mal_0665,mal,True,47,49,93,108,1.0425531914893618,1.9787234042553192,2.297872340425532
mal_0666,mal,True,43,52,87,114,1.2093023255813953,2.0232558139534884,2.6511627906976742
mal_0667,mal,True,22,7,14,15,0.3181818181818182,0.6363636363636364,0.6818181818181818
mal_0668,mal,True,29,40,56,68,1.3793103448275863,1.9310344827586208,2.3448275862068964
mal_0669,mal,True,21,18,27,34,0.8571428571428571,1.2857142857142858,1.619047619047619
mal_0670,mal,True,36,47,81,80,1.3055555555555556,2.25,2.2222222222222223
mal_0671,mal,True,33,20,29,40,0.6060606060606061,0.8787878787878788,1.2121212121212122
mal_0672,mal,True,33,29,52,65,0.8787878787878788,1.5757575757575757,1.9696969696969697
mal_0673,mal,True,21,26,32,45,1.2380952380952381,1.5238095238095237,2.142857142857143
mal_0674,mal,True,22,29,41,46,1.3181818181818181,1.8636363636363635,2.090909090909091
mal_0675,mal,True,36,29,39,47,0.8055555555555556,1.0833333333333333,1.3055555555555556
mal_0676,mal,True,35,44,80,96,1.2571428571428571,2.2857142857142856,2.742857142857143
mal_0677,mal,True,11,10,22,28,0.9090909090909091,2.0,2.5454545454545454
mal_0678,mal,True,29,29,64,72,1.0,2.206896551724138,2.4827586206896552
mal_0679,mal,True,41,50,69,93,1.2195121951219512,1.6829268292682926,2.268292682926829
mal_0680,mal,True,39,38,66,77,0.9743589743589743,1.6923076923076923,1.9743589743589745
mal_0681,mal,True,20,35,37,58,1.75,1.85,2.9
mal_0682,mal,True,35,41,56,72,1.1714285714285715,1.6,2.057142857142857
mal_0683,mal,True,20,27,50,55,1.35,2.5,2.75
mal_0684,mal,True,18,24,31,44,1.3333333333333333,1.7222222222222223,2.4444444444444446
mal_0685,mal,True,45,53,87,84,1.1777777777777778,1.9333333333333333,1.8666666666666667
mal_0686,mal,True,14,37,41,53,2.642857142857143,2.9285714285714284,3.7857142857142856
mal_0687,mal,True,20,29,48,54,1.45,2.4,2.7
mal_0688,mal,True,26,27,40,45,1.0384615384615385,1.5384615384615385,1.7307692307692308
mal_0689,mal,True,33,49,65,76,1.4848484848484849,1.9696969696969697,2.303030303030303
mal_0690,mal,True,26,38,52,67,1.4615384615384615,2.0,2.576923076923077
mal_0691,mal,True,40,44,70,90,1.1,1.75,2.25
mal_0692,mal,True,21,31,39,55,1.4761904761904763,1.8571428571428572,2.619047619047619
mal_0693,mal,True,20,26,37,52,1.3,1.85,2.6
mal_0694,mal,True,26,36,51,56,1.3846153846153846,1.9615384615384615,2.1538461538461537
mal_0695,mal,True,41,38,58,70,0.926829268292683,1.4146341463414633,1.7073170731707317
mal_0696,mal,True,25,20,41,52,0.8,1.64,2.08
mal_0697,mal,True,36,57,93,115,1.5833333333333333,2.5833333333333335,3.1944444444444446
mal_0698,mal,True,25,28,27,42,1.12,1.08,1.68
mal_0699,mal,True,28,47,58,74,1.6785714285714286,2.0714285714285716,2.642857142857143
mal_0700,mal,True,25,38,61,66,1.52,2.44,2.64
mal_0701,mal,True,36,44,49,58,1.2222222222222223,1.3611111111111112,1.6111111111111112
mal_0702,mal,True,29,26,29,40,0.896551724137931,1.0,1.3793103448275863
mal_0703,mal,True,31,28,46,51,0.9032258064516129,1.4838709677419355,1.6451612903225807
mal_0704,mal,True,23,33,39,42,1.434782608695652,1.6956521739130435,1.826086956521739
mal_0705,mal,True,22,31,40,50,1.4090909090909092,1.8181818181818181,2.272727272727273
mal_0706,mal,True,48,54,85,113,1.125,1.7708333333333333,2.3541666666666665
mal_0707,mal,True,36,41,53,72,1.1388888888888888,1.4722222222222223,2.0
mal_0708,mal,True,35,43,52,71,1.2285714285714286,1.4857142857142858,2.0285714285714285
mal_0709,mal,True,23,35,44,52,1.5217391304347827,1.9130434782608696,2.260869565217391
mal_0710,mal,True,35,39,62,72,1.1142857142857143,1.7714285714285714,2.057142857142857
mal_0711,mal,True,40,61,98,101,1.525,2.45,2.525
mal_0712,mal,True,36,48,80,79,1.3333333333333333,2.2222222222222223,2.1944444444444446
mal_0713,mal,True,17,22,36,38,1.2941176470588236,2.1176470588235294,2.235294117647059
mal_0714,mal,True,28,35,55,61,1.25,1.9642857142857142,2.1785714285714284
mal_0715,mal,True,32,51,60,74,1.59375,1.875,2.3125
mal_0716,mal,True,20,23,33,42,1.15,1.65,2.1
mal_0717,mal,True,23,34,47,60,1.4782608695652173,2.0434782608695654,2.608695652173913
mal_0718,mal,True,71,81,152,129,1.1408450704225352,2.140845070422535,1.8169014084507042
mal_0719,mal,True,26,32,45,57,1.2307692307692308,1.7307692307692308,2.1923076923076925
mal_0720,mal,True,33,42,59,72,1.2727272727272727,1.7878787878787878,2.1818181818181817
mal_0721,mal,True,21,17,24,31,0.8095238095238095,1.1428571428571428,1.4761904761904763
mal_0722,mal,True,44,59,65,72,1.3409090909090908,1.4772727272727273,1.6363636363636365
mal_0723,mal,True,29,38,51,60,1.3103448275862069,1.7586206896551724,2.0689655172413794
mal_0724,mal,True,35,48,76,95,1.3714285714285714,2.1714285714285713,2.7142857142857144
mal_0725,mal,True,21,30,47,54,1.4285714285714286,2.238095238095238,2.5714285714285716
mal_0726,mal,True,20,38,48,67,1.9,2.4,3.35
mal_0727,mal,True,38,62,83,108,1.631578947368421,2.1842105263157894,2.8421052631578947
mal_0728,mal,True,29,46,59,71,1.5862068965517242,2.0344827586206895,2.4482758620689653
mal_0729,mal,True,27,37,53,63,1.3703703703703705,1.962962962962963,2.3333333333333335
mal_0730,mal,True,21,20,31,38,0.9523809523809523,1.4761904761904763,1.8095238095238095
mal_0731,mal,True,11,16,19,26,1.4545454545454546,1.7272727272727273,2.3636363636363638
mal_0732,mal,True,35,22,35,39,0.6285714285714286,1.0,1.1142857142857143
mal_0733,mal,True,16,21,32,33,1.3125,2.0,2.0625
mal_0734,mal,True,40,47,87,103,1.175,2.175,2.575
mal_0735,mal,True,29,31,51,61,1.0689655172413792,1.7586206896551724,2.103448275862069
mal_0736,mal,True,27,33,38,52,1.2222222222222223,1.4074074074074074,1.9259259259259258
mal_0737,mal,True,71,90,146,164,1.267605633802817,2.056338028169014,2.3098591549295775
mal_0738,mal,True,32,55,70,75,1.71875,2.1875,2.34375
mal_0739,mal,True,32,48,79,92,1.5,2.46875,2.875
mal_0740,mal,True,36,49,77,94,1.3611111111111112,2.138888888888889,2.611111111111111
mal_0741,mal,True,38,51,74,91,1.3421052631578947,1.9473684210526316,2.3947368421052633
mal_0742,mal,True,16,20,34,46,1.25,2.125,2.875
mal_0743,mal,True,38,33,28,51,0.868421052631579,0.7368421052631579,1.3421052631578947
mal_0744,mal,True,29,26,46,56,0.896551724137931,1.5862068965517242,1.9310344827586208
mal_0745,mal,True,29,26,47,58,0.896551724137931,1.6206896551724137,2.0
mal_0746,mal,True,29,42,58,83,1.4482758620689655,2.0,2.8620689655172415
mal_0747,mal,True,35,31,42,58,0.8857142857142857,1.2,1.6571428571428573
mal_0748,mal,True,14,16,24,34,1.1428571428571428,1.7142857142857142,2.4285714285714284
mal_0749,mal,True,47,47,82,92,1.0,1.7446808510638299,1.9574468085106382
mal_0750,mal,True,11,19,20,27,1.7272727272727273,1.8181818181818181,2.4545454545454546
mal_0751,mal,True,20,24,29,41,1.2,1.45,2.05
mal_0752,mal,True,29,48,58,67,1.6551724137931034,2.0,2.310344827586207
mal_0753,mal,True,16,20,21,24,1.25,1.3125,1.5
mal_0754,mal,True,36,58,74,86,1.6111111111111112,2.0555555555555554,2.388888888888889
mal_0755,mal,True,35,44,55,66,1.2571428571428571,1.5714285714285714,1.8857142857142857
mal_0756,mal,True,40,43,69,90,1.075,1.725,2.25
mal_0757,mal,True,29,41,55,69,1.4137931034482758,1.896551724137931,2.3793103448275863
mal_0758,mal,True,35,47,65,81,1.3428571428571427,1.8571428571428572,2.3142857142857145
mal_0759,mal,True,42,29,31,40,0.6904761904761905,0.7380952380952381,0.9523809523809523
mal_0760,mal,True,32,36,53,70,1.125,1.65625,2.1875
mal_0761,mal,True,22,28,32,45,1.2727272727272727,1.4545454545454546,2.0454545454545454
mal_0762,mal,True,25,42,69,68,1.68,2.76,2.72
mal_0763,mal,True,28,36,52,69,1.2857142857142858,1.8571428571428572,2.4642857142857144
mal_0764,mal,True,23,34,48,63,1.4782608695652173,2.0869565217391304,2.739130434782609
mal_0765,mal,True,54,64,108,122,1.1851851851851851,2.0,2.259259259259259
mal_0766,mal,True,35,45,87,102,1.2857142857142858,2.4857142857142858,2.914285714285714
mal_0767,mal,True,36,59,96,105,1.6388888888888888,2.6666666666666665,2.9166666666666665
mal_0768,mal,True,38,41,67,76,1.0789473684210527,1.763157894736842,2.0
mal_0769,mal,True,29,27,53,62,0.9310344827586207,1.8275862068965518,2.1379310344827585
mal_0770,mal,True,34,47,59,74,1.3823529411764706,1.7352941176470589,2.176470588235294
mal_0771,mal,True,45,63,78,98,1.4,1.7333333333333334,2.1777777777777776
mal_0772,mal,True,36,52,67,82,1.4444444444444444,1.8611111111111112,2.2777777777777777
mal_0773,mal,True,20,15,29,31,0.75,1.45,1.55
mal_0774,mal,True,28,28,41,44,1.0,1.4642857142857142,1.5714285714285714
mal_0775,mal,True,22,17,28,38,0.7727272727272727,1.2727272727272727,1.7272727272727273
mal_0776,mal,True,23,31,46,59,1.3478260869565217,2.0,2.5652173913043477
mal_0777,mal,True,34,46,67,80,1.3529411764705883,1.9705882352941178,2.3529411764705883
mal_0778,mal,True,29,30,52,67,1.0344827586206897,1.793103448275862,2.310344827586207
mal_0779,mal,True,14,23,34,38,1.6428571428571428,2.4285714285714284,2.7142857142857144
mal_0780,mal,True,23,31,37,37,1.3478260869565217,1.608695652173913,1.608695652173913
mal_0781,mal,True,24,36,67,74,1.5,2.7916666666666665,3.0833333333333335
mal_0782,mal,True,36,33,51,56,0.9166666666666666,1.4166666666666667,1.5555555555555556
mal_0783,mal,True,44,64,79,87,1.4545454545454546,1.7954545454545454,1.9772727272727273
mal_0784,mal,True,42,62,83,112,1.4761904761904763,1.9761904761904763,2.6666666666666665
mal_0785,mal,True,22,35,56,68,1.5909090909090908,2.5454545454545454,3.090909090909091
mal_0786,mal,True,22,23,33,42,1.0454545454545454,1.5,1.9090909090909092
mal_0787,mal,True,28,17,30,30,0.6071428571428571,1.0714285714285714,1.0714285714285714
mal_0788,mal,True,43,53,84,103,1.2325581395348837,1.9534883720930232,2.395348837209302
mal_0789,mal,True,42,51,60,82,1.2142857142857142,1.4285714285714286,1.9523809523809523
mal_0790,mal,True,16,17,24,29,1.0625,1.5,1.8125
mal_0791,mal,True,16,19,32,40,1.1875,2.0,2.5
mal_0792,mal,True,20,30,38,46,1.5,1.9,2.3
mal_0793,mal,True,18,28,33,46,1.5555555555555556,1.8333333333333333,2.5555555555555554
mal_0794,mal,True,27,36,59,63,1.3333333333333333,2.185185185185185,2.3333333333333335
mal_0795,mal,True,42,31,42,47,0.7380952380952381,1.0,1.119047619047619
mal_0796,mal,True,25,42,47,66,1.68,1.88,2.64
mal_0797,mal,True,32,48,59,82,1.5,1.84375,2.5625
mal_0798,mal,True,23,42,48,60,1.826086956521739,2.0869565217391304,2.608695652173913
mal_0799,mal,True,20,21,40,43,1.05,2.0,2.15
mal_0800,mal,True,41,52,80,101,1.2682926829268293,1.951219512195122,2.4634146341463414
mal_0801,mal,True,16,18,23,23,1.125,1.4375,1.4375
mal_0802,mal,True,50,65,80,94,1.3,1.6,1.88
mal_0803,mal,True,28,36,56,67,1.2857142857142858,2.0,2.392857142857143
mal_0804,mal,True,25,14,27,33,0.56,1.08,1.32
mal_0805,mal,True,32,53,63,66,1.65625,1.96875,2.0625
mal_0806,mal,True,33,43,70,77,1.303030303030303,2.121212121212121,2.3333333333333335
mal_0807,mal,True,45,58,81,97,1.288888888888889,1.8,2.1555555555555554
mal_0808,mal,True,49,65,116,126,1.3265306122448979,2.36734693877551,2.5714285714285716
mal_0809,mal,True,44,35,52,60,0.7954545454545454,1.1818181818181819,1.3636363636363635
mal_0810,mal,True,38,54,75,101,1.4210526315789473,1.9736842105263157,2.6578947368421053
mal_0811,mal,True,35,29,30,37,0.8285714285714286,0.8571428571428571,1.0571428571428572
mal_0812,mal,True,21,23,44,43,1.0952380952380953,2.0952380952380953,2.0476190476190474
mal_0813,mal,True,15,22,28,42,1.4666666666666666,1.8666666666666667,2.8
mal_0814,mal,True,16,11,15,18,0.6875,0.9375,1.125
mal_0815,mal,True,38,58,79,94,1.5263157894736843,2.0789473684210527,2.473684210526316
mal_0816,mal,True,28,45,48,66,1.6071428571428572,1.7142857142857142,2.357142857142857
mal_0817,mal,True,30,29,47,59,0.9666666666666667,1.5666666666666667,1.9666666666666666
mal_0818,mal,True,24,36,63,57,1.5,2.625,2.375
mal_0819,mal,True,45,20,29,32,0.4444444444444444,0.6444444444444445,0.7111111111111111
mal_0820,mal,True,29,30,65,77,1.0344827586206897,2.2413793103448274,2.6551724137931036
mal_0821,mal,True,35,54,80,90,1.542857142857143,2.2857142857142856,2.5714285714285716
mal_0822,mal,True,42,53,65,87,1.2619047619047619,1.5476190476190477,2.0714285714285716
mal_0823,mal,True,14,28,35,46,2.0,2.5,3.2857142857142856
mal_0824,mal,True,13,17,19,21,1.3076923076923077,1.4615384615384615,1.6153846153846154
mal_0825,mal,True,27,35,51,65,1.2962962962962963,1.8888888888888888,2.4074074074074074
mal_0826,mal,True,35,36,52,64,1.0285714285714285,1.4857142857142858,1.8285714285714285
mal_0827,mal,True,48,55,84,107,1.1458333333333333,1.75,2.2291666666666665
mal_0828,mal,True,25,29,40,42,1.16,1.6,1.68
mal_0829,mal,True,26,35,45,46,1.3461538461538463,1.7307692307692308,1.7692307692307692
mal_0830,mal,True,38,47,62,74,1.236842105263158,1.631578947368421,1.9473684210526316
mal_0831,mal,True,23,14,20,25,0.6086956521739131,0.8695652173913043,1.0869565217391304
mal_0832,mal,True,24,25,35,41,1.0416666666666667,1.4583333333333333,1.7083333333333333
mal_0833,mal,True,21,26,40,38,1.2380952380952381,1.9047619047619047,1.8095238095238095
mal_0834,mal,True,36,45,59,71,1.25,1.6388888888888888,1.9722222222222223
mal_0835,mal,True,39,50,90,99,1.2820512820512822,2.3076923076923075,2.5384615384615383
mal_0836,mal,True,41,84,89,107,2.048780487804878,2.1707317073170733,2.6097560975609757
mal_0837,mal,True,22,25,41,30,1.1363636363636365,1.8636363636363635,1.3636363636363635
mal_0838,mal,True,32,47,57,73,1.46875,1.78125,2.28125
mal_0839,mal,True,24,30,55,63,1.25,2.2916666666666665,2.625
mal_0840,mal,True,37,30,43,53,0.8108108108108109,1.162162162162162,1.4324324324324325
mal_0841,mal,True,20,29,38,55,1.45,1.9,2.75
mal_0842,mal,True,33,55,81,89,1.6666666666666667,2.4545454545454546,2.696969696969697
mal_0843,mal,True,40,43,63,67,1.075,1.575,1.675
mal_0844,mal,True,45,63,80,88,1.4,1.7777777777777777,1.9555555555555555
mal_0845,mal,True,41,48,77,94,1.170731707317073,1.8780487804878048,2.292682926829268
mal_0846,mal,True,26,38,49,57,1.4615384615384615,1.8846153846153846,2.1923076923076925
mal_0847,mal,True,35,31,48,52,0.8857142857142857,1.3714285714285714,1.4857142857142858
mal_0848,mal,True,39,51,92,104,1.3076923076923077,2.358974358974359,2.6666666666666665
mal_0849,mal,True,31,19,27,37,0.6129032258064516,0.8709677419354839,1.1935483870967742
mal_0850,mal,True,17,18,37,48,1.0588235294117647,2.176470588235294,2.823529411764706
mal_0851,mal,True,20,18,20,23,0.9,1.0,1.15
mal_0852,mal,True,41,25,42,54,0.6097560975609756,1.024390243902439,1.3170731707317074
mal_0853,mal,True,38,44,70,81,1.1578947368421053,1.8421052631578947,2.1315789473684212
mal_0854,mal,True,14,20,31,37,1.4285714285714286,2.2142857142857144,2.642857142857143
mal_0855,mal,True,29,34,66,77,1.1724137931034482,2.2758620689655173,2.6551724137931036
mal_0856,mal,True,33,52,63,84,1.5757575757575757,1.9090909090909092,2.5454545454545454
mal_0857,mal,True,44,62,93,104,1.4090909090909092,2.1136363636363638,2.3636363636363638
mal_0858,mal,True,29,40,57,70,1.3793103448275863,1.9655172413793103,2.413793103448276
mal_0859,mal,True,21,28,45,52,1.3333333333333333,2.142857142857143,2.4761904761904763
mal_0860,mal,True,17,24,47,50,1.411764705882353,2.764705882352941,2.9411764705882355
mal_0861,mal,True,36,28,28,36,0.7777777777777778,0.7777777777777778,1.0
mal_0862,mal,True,16,19,35,42,1.1875,2.1875,2.625
mal_0863,mal,True,34,37,51,63,1.088235294117647,1.5,1.8529411764705883
mal_0864,mal,True,36,41,63,69,1.1388888888888888,1.75,1.9166666666666667
mal_0865,mal,True,21,32,47,59,1.5238095238095237,2.238095238095238,2.8095238095238093
mal_0866,mal,True,44,41,53,61,0.9318181818181818,1.2045454545454546,1.3863636363636365
mal_0867,mal,True,25,25,44,51,1.0,1.76,2.04
mal_0868,mal,True,22,24,37,28,1.0909090909090908,1.6818181818181819,1.2727272727272727
mal_0869,mal,True,36,40,63,73,1.1111111111111112,1.75,2.0277777777777777
mal_0870,mal,True,48,61,97,133,1.2708333333333333,2.0208333333333335,2.7708333333333335
mal_0871,mal,True,39,46,70,93,1.1794871794871795,1.794871794871795,2.3846153846153846
mal_0872,mal,True,27,40,54,66,1.4814814814814814,2.0,2.4444444444444446
mal_0873,mal,True,45,60,85,105,1.3333333333333333,1.8888888888888888,2.3333333333333335
mal_0874,mal,True,24,42,60,74,1.75,2.5,3.0833333333333335
mal_0875,mal,True,26,35,45,61,1.3461538461538463,1.7307692307692308,2.3461538461538463
mal_0876,mal,True,23,37,39,60,1.608695652173913,1.6956521739130435,2.608695652173913
mal_0877,mal,True,29,48,66,80,1.6551724137931034,2.2758620689655173,2.7586206896551726
mal_0878,mal,True,25,33,45,49,1.32,1.8,1.96
mal_0879,mal,True,26,34,43,45,1.3076923076923077,1.6538461538461537,1.7307692307692308
mal_0880,mal,True,31,31,55,58,1.0,1.7741935483870968,1.8709677419354838
mal_0881,mal,True,44,50,77,82,1.1363636363636365,1.75,1.8636363636363635
mal_0882,mal,True,28,11,15,17,0.39285714285714285,0.5357142857142857,0.6071428571428571
mal_0883,mal,True,35,37,68,88,1.0571428571428572,1.9428571428571428,2.5142857142857142
mal_0884,mal,True,18,14,16,19,0.7777777777777778,0.8888888888888888,1.0555555555555556
mal_0885,mal,True,40,55,69,83,1.375,1.725,2.075
mal_0886,mal,True,36,52,68,84,1.4444444444444444,1.8888888888888888,2.3333333333333335
mal_0887,mal,True,30,26,39,49,0.8666666666666667,1.3,1.6333333333333333
mal_0888,mal,True,23,32,44,53,1.391304347826087,1.9130434782608696,2.3043478260869565
mal_0889,mal,True,25,18,35,40,0.72,1.4,1.6
mal_0890,mal,True,26,45,70,78,1.7307692307692308,2.6923076923076925,3.0
mal_0891,mal,True,25,27,50,64,1.08,2.0,2.56
mal_0892,mal,True,20,12,21,23,0.6,1.05,1.15
mal_0893,mal,True,19,24,27,35,1.263157894736842,1.4210526315789473,1.8421052631578947
mal_0894,mal,True,40,52,83,87,1.3,2.075,2.175
mal_0895,mal,True,16,20,39,41,1.25,2.4375,2.5625
mal_0896,mal,True,31,35,51,69,1.1290322580645162,1.6451612903225807,2.225806451612903
mal_0897,mal,True,17,12,22,26,0.7058823529411765,1.2941176470588236,1.5294117647058822
mal_0898,mal,True,13,18,27,30,1.3846153846153846,2.076923076923077,2.3076923076923075
mal_0899,mal,True,13,16,21,26,1.2307692307692308,1.6153846153846154,2.0
mal_0900,mal,True,36,46,62,78,1.2777777777777777,1.7222222222222223,2.1666666666666665
mal_0901,mal,True,13,16,21,28,1.2307692307692308,1.6153846153846154,2.1538461538461537
mal_0902,mal,True,26,32,42,50,1.2307692307692308,1.6153846153846154,1.9230769230769231
mal_0903,mal,True,26,36,49,56,1.3846153846153846,1.8846153846153846,2.1538461538461537
mal_0904,mal,True,16,22,27,35,1.375,1.6875,2.1875
mal_0905,mal,True,24,25,34,40,1.0416666666666667,1.4166666666666667,1.6666666666666667
mal_0906,mal,True,13,18,26,30,1.3846153846153846,2.0,2.3076923076923075
mal_0907,mal,True,22,24,44,30,1.0909090909090908,2.0,1.3636363636363635
mal_0908,mal,True,29,34,46,56,1.1724137931034482,1.5862068965517242,1.9310344827586208
mal_0909,mal,True,25,28,43,54,1.12,1.72,2.16
mal_0910,mal,True,27,33,52,66,1.2222222222222223,1.9259259259259258,2.4444444444444446
mal_0911,mal,True,18,26,25,35,1.4444444444444444,1.3888888888888888,1.9444444444444444
mal_0912,mal,True,22,18,21,27,0.8181818181818182,0.9545454545454546,1.2272727272727273
mal_0913,mal,True,30,32,36,52,1.0666666666666667,1.2,1.7333333333333334
mal_0914,mal,True,44,49,77,85,1.1136363636363635,1.75,1.9318181818181819
mal_0915,mal,True,27,43,75,83,1.5925925925925926,2.7777777777777777,3.074074074074074
mal_0916,mal,True,38,50,80,90,1.3157894736842106,2.1052631578947367,2.3684210526315788
mal_0917,mal,True,17,24,56,57,1.411764705882353,3.2941176470588234,3.3529411764705883
mal_0918,mal,True,24,31,60,68,1.2916666666666667,2.5,2.8333333333333335
mal_0919,mal,True,26,43,55,65,1.6538461538461537,2.1153846153846154,2.5
mal_0920,mal,True,34,50,60,72,1.4705882352941178,1.7647058823529411,2.1176470588235294
mal_0921,mal,True,50,59,62,79,1.18,1.24,1.58
mal_0922,mal,True,20,19,34,41,0.95,1.7,2.05
mal_0923,mal,True,36,52,78,101,1.4444444444444444,2.1666666666666665,2.8055555555555554
mal_0924,mal,True,54,64,117,140,1.1851851851851851,2.1666666666666665,2.5925925925925926
mal_0925,mal,True,37,33,47,42,0.8918918918918919,1.2702702702702702,1.135135135135135
mal_0926,mal,True,43,48,64,91,1.1162790697674418,1.4883720930232558,2.116279069767442
mal_0927,mal,True,31,45,88,88,1.4516129032258065,2.838709677419355,2.838709677419355
mal_0928,mal,True,33,41,70,91,1.2424242424242424,2.121212121212121,2.757575757575758
mal_0929,mal,True,25,29,36,42,1.16,1.44,1.68
mal_0930,mal,True,30,36,55,62,1.2,1.8333333333333333,2.066666666666667
mal_0931,mal,True,49,65,112,121,1.3265306122448979,2.2857142857142856,2.4693877551020407
mal_0932,mal,True,39,61,105,130,1.564102564102564,2.6923076923076925,3.3333333333333335
mal_0933,mal,True,31,46,61,75,1.4838709677419355,1.967741935483871,2.4193548387096775
mal_0934,mal,True,27,39,62,66,1.4444444444444444,2.2962962962962963,2.4444444444444446
mal_0935,mal,True,41,39,62,73,0.9512195121951219,1.5121951219512195,1.7804878048780488
mal_0936,mal,True,19,21,27,38,1.105263157894737,1.4210526315789473,2.0
mal_0937,mal,True,41,42,60,71,1.024390243902439,1.4634146341463414,1.7317073170731707
mal_0938,mal,True,26,39,51,59,1.5,1.9615384615384615,2.269230769230769
mal_0939,mal,True,42,57,67,88,1.3571428571428572,1.5952380952380953,2.0952380952380953
mal_0940,mal,True,31,45,60,83,1.4516129032258065,1.935483870967742,2.6774193548387095
mal_0941,mal,True,23,30,39,39,1.3043478260869565,1.6956521739130435,1.6956521739130435
mal_0942,mal,True,17,20,35,48,1.1764705882352942,2.0588235294117645,2.823529411764706
mal_0943,mal,True,18,23,26,34,1.2777777777777777,1.4444444444444444,1.8888888888888888
mal_0944,mal,True,45,56,92,102,1.2444444444444445,2.0444444444444443,2.2666666666666666
mal_0945,mal,True,50,68,112,128,1.36,2.24,2.56
mal_0946,mal,True,25,27,42,51,1.08,1.68,2.04
mal_0947,mal,True,29,36,51,64,1.2413793103448276,1.7586206896551724,2.206896551724138
mal_0948,mal,True,26,40,66,77,1.5384615384615385,2.5384615384615383,2.9615384615384617
mal_0949,mal,True,16,20,32,31,1.25,2.0,1.9375
mal_0950,mal,True,38,53,84,86,1.394736842105263,2.210526315789474,2.263157894736842
mal_0951,mal,True,21,21,31,40,1.0,1.4761904761904763,1.9047619047619047
mal_0952,mal,True,50,34,40,48,0.68,0.8,0.96
mal_0953,mal,True,27,21,38,37,0.7777777777777778,1.4074074074074074,1.3703703703703705
mal_0954,mal,True,38,67,98,121,1.763157894736842,2.5789473684210527,3.1842105263157894
mal_0955,mal,True,17,23,38,51,1.3529411764705883,2.235294117647059,3.0
mal_0956,mal,True,18,16,27,29,0.8888888888888888,1.5,1.6111111111111112
mal_0957,mal,True,29,27,57,66,0.9310344827586207,1.9655172413793103,2.2758620689655173
mal_0958,mal,True,16,29,46,57,1.8125,2.875,3.5625
mal_0959,mal,True,17,23,37,46,1.3529411764705883,2.176470588235294,2.7058823529411766
mal_0960,mal,True,25,22,45,56,0.88,1.8,2.24
mal_0961,mal,True,24,41,65,78,1.7083333333333333,2.7083333333333335,3.25
mal_0962,mal,True,25,14,14,22,0.56,0.56,0.88
mal_0963,mal,True,17,24,37,42,1.411764705882353,2.176470588235294,2.4705882352941178
mal_0964,mal,True,29,39,53,61,1.3448275862068966,1.8275862068965518,2.103448275862069
mal_0965,mal,True,36,37,50,63,1.0277777777777777,1.3888888888888888,1.75
mal_0966,mal,True,43,24,48,55,0.5581395348837209,1.1162790697674418,1.2790697674418605
mal_0967,mal,True,20,32,35,50,1.6,1.75,2.5
mal_0968,mal,True,18,28,43,49,1.5555555555555556,2.388888888888889,2.7222222222222223
mal_0969,mal,True,34,41,54,65,1.2058823529411764,1.588235294117647,1.911764705882353
mal_0970,mal,True,29,27,54,62,0.9310344827586207,1.8620689655172413,2.1379310344827585
mal_0971,mal,True,39,51,95,104,1.3076923076923077,2.4358974358974357,2.6666666666666665
mal_0972,mal,True,20,28,38,51,1.4,1.9,2.55
mal_0973,mal,True,24,26,53,67,1.0833333333333333,2.2083333333333335,2.7916666666666665
mal_0974,mal,True,36,41,62,70,1.1388888888888888,1.7222222222222223,1.9444444444444444
mal_0975,mal,True,11,9,19,22,0.8181818181818182,1.7272727272727273,2.0
mal_0976,mal,True,36,67,97,105,1.8611111111111112,2.6944444444444446,2.9166666666666665
mal_0977,mal,True,26,32,50,68,1.2307692307692308,1.9230769230769231,2.6153846153846154
mal_0978,mal,True,43,35,63,74,0.813953488372093,1.4651162790697674,1.7209302325581395
mal_0979,mal,True,17,24,37,47,1.411764705882353,2.176470588235294,2.764705882352941
mal_0980,mal,True,34,42,56,74,1.2352941176470589,1.6470588235294117,2.176470588235294
mal_0981,mal,True,29,33,43,48,1.1379310344827587,1.4827586206896552,1.6551724137931034
mal_0982,mal,True,24,36,59,76,1.5,2.4583333333333335,3.1666666666666665
mal_0983,mal,True,25,37,46,59,1.48,1.84,2.36
mal_0984,mal,True,41,52,72,91,1.2682926829268293,1.7560975609756098,2.2195121951219514
mal_0985,mal,True,21,30,37,46,1.4285714285714286,1.7619047619047619,2.1904761904761907
mal_0986,mal,True,25,37,68,84,1.48,2.72,3.36
mal_0987,mal,True,16,21,31,37,1.3125,1.9375,2.3125
mal_0988,mal,True,22,32,40,48,1.4545454545454546,1.8181818181818181,2.1818181818181817
mal_0989,mal,True,36,70,83,96,1.9444444444444444,2.3055555555555554,2.6666666666666665
mal_0990,mal,True,54,63,107,133,1.1666666666666667,1.9814814814814814,2.462962962962963
mal_0991,mal,True,40,32,48,62,0.8,1.2,1.55
mal_0992,mal,True,35,36,59,54,1.0285714285714285,1.6857142857142857,1.542857142857143
mal_0993,mal,True,26,32,48,57,1.2307692307692308,1.8461538461538463,2.1923076923076925
mal_0994,mal,True,42,53,72,83,1.2619047619047619,1.7142857142857142,1.9761904761904763
mal_0995,mal,True,17,20,35,35,1.1764705882352942,2.0588235294117645,2.0588235294117645
mal_0996,mal,True,21,33,49,66,1.5714285714285714,2.3333333333333335,3.142857142857143
mal_0997,mal,True,32,35,50,71,1.09375,1.5625,2.21875
mal_0998,mal,True,45,55,77,98,1.2222222222222223,1.711111111111111,2.1777777777777776
mal_0999,mal,True,42,54,90,98,1.2857142857142858,2.142857142857143,2.3333333333333335
mal_1000,mal,True,32,62,105,109,1.9375,3.28125,3.40625
mal_1001,mal,True,18,20,26,35,1.1111111111111112,1.4444444444444444,1.9444444444444444
mal_1002,mal,True,71,86,148,168,1.2112676056338028,2.084507042253521,2.3661971830985915
mal_1003,mal,True,48,52,83,112,1.0833333333333333,1.7291666666666667,2.3333333333333335
mal_1004,mal,True,19,35,38,46,1.8421052631578947,2.0,2.4210526315789473
mal_1005,mal,True,18,14,25,24,0.7777777777777778,1.3888888888888888,1.3333333333333333
mal_1006,mal,True,18,16,26,33,0.8888888888888888,1.4444444444444444,1.8333333333333333
mal_1007,mal,True,30,36,52,60,1.2,1.7333333333333334,2.0
mal_1008,mal,True,13,17,19,19,1.3076923076923077,1.4615384615384615,1.4615384615384615
mal_1009,mal,True,29,39,54,72,1.3448275862068966,1.8620689655172413,2.4827586206896552
mal_1010,mal,True,13,16,22,26,1.2307692307692308,1.6923076923076923,2.0
mal_1011,mal,True,26,31,46,57,1.1923076923076923,1.7692307692307692,2.1923076923076925
mal_1012,mal,True,26,38,54,72,1.4615384615384615,2.076923076923077,2.769230769230769
mal_1013,mal,True,25,40,51,72,1.6,2.04,2.88
mal_1014,mal,True,29,25,33,39,0.8620689655172413,1.1379310344827587,1.3448275862068966
mal_1015,mal,True,35,24,37,41,0.6857142857142857,1.0571428571428572,1.1714285714285715
mal_1016,mal,True,18,20,21,29,1.1111111111111112,1.1666666666666667,1.6111111111111112
mal_1017,mal,True,17,26,43,34,1.5294117647058822,2.5294117647058822,2.0
mal_1018,mal,True,50,67,98,113,1.34,1.96,2.26
mal_1019,mal,True,23,34,42,43,1.4782608695652173,1.826086956521739,1.8695652173913044
mal_1020,mal,True,21,17,21,28,0.8095238095238095,1.0,1.3333333333333333
mal_1021,mal,True,34,30,44,61,0.8823529411764706,1.2941176470588236,1.7941176470588236
mal_1022,mal,True,24,38,49,56,1.5833333333333333,2.0416666666666665,2.3333333333333335
mal_1023,mal,True,28,31,52,60,1.1071428571428572,1.8571428571428572,2.142857142857143
mal_1024,mal,True,31,40,57,71,1.2903225806451613,1.8387096774193548,2.2903225806451615
mal_1025,mal,True,25,23,30,36,0.92,1.2,1.44
mal_1026,mal,True,39,31,55,70,0.7948717948717948,1.4102564102564104,1.794871794871795
mal_1027,mal,True,18,14,22,21,0.7777777777777778,1.2222222222222223,1.1666666666666667
mal_1028,mal,True,13,18,26,30,1.3846153846153846,2.0,2.3076923076923075
mal_1029,mal,True,49,52,94,110,1.0612244897959184,1.9183673469387754,2.2448979591836733
mal_1030,mal,True,22,22,40,52,1.0,1.8181818181818181,2.3636363636363638
mal_1031,mal,True,41,36,69,89,0.8780487804878049,1.6829268292682926,2.1707317073170733
mal_1032,mal,True,43,55,83,116,1.2790697674418605,1.930232558139535,2.697674418604651
mal_1033,mal,True,14,16,24,32,1.1428571428571428,1.7142857142857142,2.2857142857142856
mal_1034,mal,True,38,55,70,83,1.4473684210526316,1.8421052631578947,2.1842105263157894
mal_1035,mal,True,24,30,53,69,1.25,2.2083333333333335,2.875
mal_1036,mal,True,41,35,44,56,0.8536585365853658,1.0731707317073171,1.3658536585365855
mal_1037,mal,True,20,23,33,42,1.15,1.65,2.1
mal_1038,mal,True,23,37,47,63,1.608695652173913,2.0434782608695654,2.739130434782609
mal_1039,mal,True,31,36,67,63,1.1612903225806452,2.161290322580645,2.032258064516129
mal_1040,mal,True,42,59,70,100,1.4047619047619047,1.6666666666666667,2.380952380952381
mal_1041,mal,True,35,53,92,111,1.5142857142857142,2.6285714285714286,3.1714285714285713
mal_1042,mal,True,35,36,50,56,1.0285714285714285,1.4285714285714286,1.6
mal_1043,mal,True,24,35,56,69,1.4583333333333333,2.3333333333333335,2.875
mal_1044,mal,True,19,24,35,39,1.263157894736842,1.8421052631578947,2.0526315789473686
mal_1045,mal,True,43,49,79,100,1.1395348837209303,1.8372093023255813,2.3255813953488373
mal_1046,mal,True,34,46,72,79,1.3529411764705883,2.1176470588235294,2.323529411764706
mal_1047,mal,True,14,22,24,32,1.5714285714285714,1.7142857142857142,2.2857142857142856
mal_1048,mal,True,33,44,47,65,1.3333333333333333,1.4242424242424243,1.9696969696969697
mal_1049,mal,True,24,26,52,65,1.0833333333333333,2.1666666666666665,2.7083333333333335
mal_1050,mal,True,13,20,25,30,1.5384615384615385,1.9230769230769231,2.3076923076923075
mal_1051,mal,True,28,42,56,58,1.5,2.0,2.0714285714285716
mal_1052,mal,True,29,24,37,42,0.8275862068965517,1.2758620689655173,1.4482758620689655
mal_1053,mal,True,23,36,50,59,1.565217391304348,2.1739130434782608,2.5652173913043477
mal_1054,mal,True,29,39,62,79,1.3448275862068966,2.1379310344827585,2.7241379310344827
mal_1055,mal,True,27,31,56,63,1.1481481481481481,2.074074074074074,2.3333333333333335
mal_1056,mal,True,24,34,56,70,1.4166666666666667,2.3333333333333335,2.9166666666666665
mal_1057,mal,True,26,30,48,55,1.1538461538461537,1.8461538461538463,2.1153846153846154
mal_1058,mal,True,40,59,100,105,1.475,2.5,2.625
mal_1059,mal,True,29,30,48,57,1.0344827586206897,1.6551724137931034,1.9655172413793103
mal_1060,mal,True,28,27,48,57,0.9642857142857143,1.7142857142857142,2.0357142857142856
mal_1061,mal,True,27,32,60,64,1.1851851851851851,2.2222222222222223,2.3703703703703702
mal_1062,mal,True,17,24,36,49,1.411764705882353,2.1176470588235294,2.8823529411764706
mal_1063,mal,True,26,17,25,34,0.6538461538461539,0.9615384615384616,1.3076923076923077
mal_1064,mal,True,41,79,90,107,1.9268292682926829,2.1951219512195124,2.6097560975609757
mal_1065,mal,True,54,22,34,41,0.4074074074074074,0.6296296296296297,0.7592592592592593
mal_1066,mal,True,38,45,70,83,1.1842105263157894,1.8421052631578947,2.1842105263157894
mal_1067,mal,True,33,56,83,96,1.696969696969697,2.515151515151515,2.909090909090909
mal_1068,mal,True,16,20,26,34,1.25,1.625,2.125
mal_1069,mal,True,20,17,23,37,0.85,1.15,1.85
mal_1070,mal,True,37,48,70,85,1.2972972972972974,1.8918918918918919,2.2972972972972974
mal_1071,mal,True,47,46,80,87,0.9787234042553191,1.702127659574468,1.851063829787234
mal_1072,mal,True,37,56,88,115,1.5135135135135136,2.3783783783783785,3.108108108108108
mal_1073,mal,True,28,34,54,65,1.2142857142857142,1.9285714285714286,2.3214285714285716
mal_1074,mal,True,37,53,86,112,1.4324324324324325,2.324324324324324,3.027027027027027
mal_1075,mal,True,23,41,53,60,1.7826086956521738,2.3043478260869565,2.608695652173913
mal_1076,mal,True,22,31,45,48,1.4090909090909092,2.0454545454545454,2.1818181818181817
mal_1077,mal,True,16,17,26,37,1.0625,1.625,2.3125
mal_1078,mal,True,29,17,24,29,0.5862068965517241,0.8275862068965517,1.0
mal_1079,mal,True,22,24,39,33,1.0909090909090908,1.7727272727272727,1.5
mal_1080,mal,True,20,27,46,52,1.35,2.3,2.6
mal_1081,mal,True,31,30,43,57,0.967741935483871,1.3870967741935485,1.8387096774193548
mal_1082,mal,True,21,14,25,31,0.6666666666666666,1.1904761904761905,1.4761904761904763
mal_1083,mal,True,34,37,61,66,1.088235294117647,1.7941176470588236,1.9411764705882353
mal_1084,mal,True,36,38,48,61,1.0555555555555556,1.3333333333333333,1.6944444444444444
mal_1085,mal,True,17,26,39,52,1.5294117647058822,2.2941176470588234,3.0588235294117645
mal_1086,mal,True,27,30,56,64,1.1111111111111112,2.074074074074074,2.3703703703703702
mal_1087,mal,True,33,36,60,65,1.0909090909090908,1.8181818181818181,1.9696969696969697
mal_1088,mal,True,31,29,50,57,0.9354838709677419,1.6129032258064515,1.8387096774193548
mal_1089,mal,True,31,45,60,73,1.4516129032258065,1.935483870967742,2.3548387096774195
mal_1090,mal,True,35,49,89,111,1.4,2.5428571428571427,3.1714285714285713
mal_1091,mal,True,38,51,80,89,1.3421052631578947,2.1052631578947367,2.3421052631578947
mal_1092,mal,True,23,33,45,56,1.434782608695652,1.9565217391304348,2.4347826086956523
mal_1093,mal,True,41,43,59,69,1.048780487804878,1.4390243902439024,1.6829268292682926
mal_1094,mal,True,21,21,29,40,1.0,1.380952380952381,1.9047619047619047
mal_1095,mal,True,26,33,49,58,1.2692307692307692,1.8846153846153846,2.230769230769231
mal_1096,mal,True,33,32,58,64,0.9696969696969697,1.7575757575757576,1.9393939393939394
mal_1097,mal,True,38,72,105,124,1.894736842105263,2.763157894736842,3.263157894736842
mal_1098,mal,True,16,21,29,38,1.3125,1.8125,2.375
mal_1099,mal,True,15,16,33,35,1.0666666666666667,2.2,2.3333333333333335
mal_1100,mal,True,43,28,46,58,0.6511627906976745,1.069767441860465,1.3488372093023255
mal_1101,mal,True,40,52,57,72,1.3,1.425,1.8
mal_1102,mal,True,18,18,30,30,1.0,1.6666666666666667,1.6666666666666667
mal_1103,mal,True,33,46,63,79,1.393939393939394,1.9090909090909092,2.393939393939394
mal_1104,mal,True,36,53,78,98,1.4722222222222223,2.1666666666666665,2.7222222222222223
mal_1105,mal,True,17,18,37,48,1.0588235294117647,2.176470588235294,2.823529411764706
mal_1106,mal,False,37,53,80,94,1.4324324324324325,2.1621621621621623,2.5405405405405403
mal_1107,mal,True,18,26,29,40,1.4444444444444444,1.6111111111111112,2.2222222222222223
mal_1108,mal,True,40,67,79,99,1.675,1.975,2.475
mal_1109,mal,True,49,53,90,108,1.0816326530612246,1.836734693877551,2.204081632653061
mal_1110,mal,True,13,18,25,28,1.3846153846153846,1.9230769230769231,2.1538461538461537
mal_1111,mal,True,27,34,67,78,1.2592592592592593,2.4814814814814814,2.888888888888889
mal_1112,mal,True,41,79,90,107,1.9268292682926829,2.1951219512195124,2.6097560975609757
mal_1113,mal,True,32,45,83,101,1.40625,2.59375,3.15625
mal_1114,mal,True,28,36,53,59,1.2857142857142858,1.8928571428571428,2.107142857142857
mal_1115,mal,True,36,28,37,46,0.7777777777777778,1.0277777777777777,1.2777777777777777
mal_1116,mal,True,24,36,48,59,1.5,2.0,2.4583333333333335
mal_1117,mal,True,26,39,61,69,1.5,2.3461538461538463,2.6538461538461537
mal_1118,mal,True,25,30,55,61,1.2,2.2,2.44
mal_1119,mal,True,29,41,63,80,1.4137931034482758,2.1724137931034484,2.7586206896551726
mal_1120,mal,True,19,23,30,34,1.2105263157894737,1.5789473684210527,1.7894736842105263
mal_1121,mal,True,32,42,63,87,1.3125,1.96875,2.71875
mal_1122,mal,True,75,95,111,137,1.2666666666666666,1.48,1.8266666666666667
mal_1123,mal,True,28,44,47,53,1.5714285714285714,1.6785714285714286,1.8928571428571428
mal_1124,mal,True,38,42,74,81,1.105263157894737,1.9473684210526316,2.1315789473684212
mal_1125,mal,True,38,27,42,50,0.7105263157894737,1.105263157894737,1.3157894736842106
mal_1126,mal,True,20,27,35,49,1.35,1.75,2.45
mal_1127,mal,True,20,14,22,27,0.7,1.1,1.35
mal_1128,mal,True,21,23,32,39,1.0952380952380953,1.5238095238095237,1.8571428571428572
mal_1129,mal,True,40,46,76,76,1.15,1.9,1.9
mal_1130,mal,True,23,21,36,40,0.9130434782608695,1.565217391304348,1.7391304347826086
mal_1131,mal,True,21,18,19,27,0.8571428571428571,0.9047619047619048,1.2857142857142858
mal_1132,mal,True,26,34,44,65,1.3076923076923077,1.6923076923076923,2.5
mal_1133,mal,True,27,39,74,83,1.4444444444444444,2.740740740740741,3.074074074074074
mal_1134,mal,True,38,10,13,14,0.2631578947368421,0.34210526315789475,0.3684210526315789
mal_1135,mal,True,75,80,97,112,1.0666666666666667,1.2933333333333332,1.4933333333333334
mal_1136,mal,True,24,19,28,36,0.7916666666666666,1.1666666666666667,1.5
mal_1137,mal,True,71,30,44,50,0.4225352112676056,0.6197183098591549,0.704225352112676
mal_1138,mal,True,33,54,83,85,1.6363636363636365,2.515151515151515,2.5757575757575757
mal_1139,mal,True,20,29,26,40,1.45,1.3,2.0
mal_1140,mal,True,13,21,27,37,1.6153846153846154,2.076923076923077,2.8461538461538463
mal_1141,mal,True,21,20,29,42,0.9523809523809523,1.380952380952381,2.0
mal_1142,mal,True,33,36,59,79,1.0909090909090908,1.7878787878787878,2.393939393939394
mal_1143,mal,True,42,44,65,82,1.0476190476190477,1.5476190476190477,1.9523809523809523
mal_1144,mal,True,29,29,51,64,1.0,1.7586206896551724,2.206896551724138
mal_1145,mal,True,15,28,33,38,1.8666666666666667,2.2,2.533333333333333
mal_1146,mal,True,29,34,53,64,1.1724137931034482,1.8275862068965518,2.206896551724138
mal_1147,mal,True,16,28,43,56,1.75,2.6875,3.5
mal_1148,mal,True,11,17,19,27,1.5454545454545454,1.7272727272727273,2.4545454545454546
mal_1149,mal,True,32,44,62,84,1.375,1.9375,2.625
mal_1150,mal,True,21,21,36,42,1.0,1.7142857142857142,2.0
mal_1151,mal,True,23,38,51,60,1.6521739130434783,2.217391304347826,2.608695652173913
mal_1152,mal,True,16,21,39,42,1.3125,2.4375,2.625
mal_1153,mal,True,22,35,64,70,1.5909090909090908,2.909090909090909,3.1818181818181817
mal_1154,mal,True,20,30,35,52,1.5,1.75,2.6
mal_1155,mal,True,34,48,61,70,1.411764705882353,1.7941176470588236,2.0588235294117645
mal_1156,mal,True,35,33,61,84,0.9428571428571428,1.7428571428571429,2.4
mal_1157,mal,True,39,59,108,106,1.5128205128205128,2.769230769230769,2.717948717948718
mal_1158,mal,True,45,58,109,118,1.288888888888889,2.422222222222222,2.6222222222222222
mal_1159,mal,True,33,33,51,75,1.0,1.5454545454545454,2.272727272727273
mal_1160,mal,True,28,31,45,48,1.1071428571428572,1.6071428571428572,1.7142857142857142
mal_1161,mal,True,48,57,69,99,1.1875,1.4375,2.0625
mal_1162,mal,True,36,43,58,70,1.1944444444444444,1.6111111111111112,1.9444444444444444
mal_1163,mal,True,36,56,87,97,1.5555555555555556,2.4166666666666665,2.6944444444444446
mal_1164,mal,True,26,26,35,40,1.0,1.3461538461538463,1.5384615384615385
mal_1165,mal,True,18,24,31,40,1.3333333333333333,1.7222222222222223,2.2222222222222223
mal_1166,mal,True,21,30,45,47,1.4285714285714286,2.142857142857143,2.238095238095238
mal_1167,mal,True,24,32,46,44,1.3333333333333333,1.9166666666666667,1.8333333333333333
mal_1168,mal,True,31,35,45,70,1.1290322580645162,1.4516129032258065,2.2580645161290325
mal_1169,mal,True,28,21,24,25,0.75,0.8571428571428571,0.8928571428571429
mal_1170,mal,True,25,37,43,56,1.48,1.72,2.24
mal_1171,mal,True,28,48,59,73,1.7142857142857142,2.107142857142857,2.607142857142857
mal_1172,mal,True,29,32,62,73,1.103448275862069,2.1379310344827585,2.5172413793103448
mal_1173,mal,True,27,36,47,60,1.3333333333333333,1.7407407407407407,2.2222222222222223
mal_1174,mal,True,24,33,41,45,1.375,1.7083333333333333,1.875
mal_1175,mal,True,22,31,45,53,1.4090909090909092,2.0454545454545454,2.409090909090909
mal_1176,mal,True,45,55,95,106,1.2222222222222223,2.111111111111111,2.3555555555555556
mal_1177,mal,True,30,38,60,81,1.2666666666666666,2.0,2.7
mal_1178,mal,True,38,47,72,83,1.236842105263158,1.894736842105263,2.1842105263157894
mal_1179,mal,True,48,55,89,109,1.1458333333333333,1.8541666666666667,2.2708333333333335
mal_1180,mal,True,38,45,79,93,1.1842105263157894,2.0789473684210527,2.4473684210526314
mal_1181,mal,True,35,45,72,92,1.2857142857142858,2.057142857142857,2.6285714285714286
mal_1182,mal,True,35,45,58,75,1.2857142857142858,1.6571428571428573,2.142857142857143
mal_1183,mal,True,33,33,54,71,1.0,1.6363636363636365,2.1515151515151514
mal_1184,mal,True,40,32,41,54,0.8,1.025,1.35
mal_1185,mal,True,23,34,32,43,1.4782608695652173,1.391304347826087,1.8695652173913044
mal_1186,mal,True,21,23,36,50,1.0952380952380953,1.7142857142857142,2.380952380952381
mal_1187,mal,True,25,15,20,29,0.6,0.8,1.16
mal_1188,mal,True,11,17,17,25,1.5454545454545454,1.5454545454545454,2.272727272727273
mal_1189,mal,True,14,15,24,35,1.0714285714285714,1.7142857142857142,2.5
mal_1190,mal,True,22,27,48,32,1.2272727272727273,2.1818181818181817,1.4545454545454546
mal_1191,mal,True,25,40,42,55,1.6,1.68,2.2
mal_1192,mal,True,37,62,100,111,1.6756756756756757,2.7027027027027026,3.0
mal_1193,mal,True,22,16,26,33,0.7272727272727273,1.1818181818181819,1.5
mal_1194,mal,True,25,24,38,43,0.96,1.52,1.72
mal_1195,mal,True,37,23,35,31,0.6216216216216216,0.9459459459459459,0.8378378378378378
mal_1196,mal,True,33,51,65,85,1.5454545454545454,1.9696969696969697,2.5757575757575757
mal_1197,mal,True,11,10,24,28,0.9090909090909091,2.1818181818181817,2.5454545454545454
mal_1198,mal,True,23,39,43,57,1.6956521739130435,1.8695652173913044,2.4782608695652173
mal_1199,mal,True,25,35,63,79,1.4,2.52,3.16
mal_1200,mal,True,36,66,89,103,1.8333333333333333,2.4722222222222223,2.861111111111111
mal_1201,mal,True,24,22,28,32,0.9166666666666666,1.1666666666666667,1.3333333333333333
mal_1202,mal,True,42,52,83,88,1.2380952380952381,1.9761904761904763,2.0952380952380953
mal_1203,mal,True,54,68,117,137,1.2592592592592593,2.1666666666666665,2.537037037037037
mal_1204,mal,True,40,47,74,88,1.175,1.85,2.2
mal_1205,mal,True,29,40,53,69,1.3793103448275863,1.8275862068965518,2.3793103448275863
mal_1206,mal,True,20,28,50,52,1.4,2.5,2.6
mal_1207,mal,True,37,49,70,70,1.3243243243243243,1.8918918918918919,1.8918918918918919
mal_1208,mal,True,33,44,61,73,1.3333333333333333,1.8484848484848484,2.212121212121212
mal_1209,mal,True,24,31,46,54,1.2916666666666667,1.9166666666666667,2.25
mal_1210,mal,True,21,32,49,58,1.5238095238095237,2.3333333333333335,2.761904761904762
mal_1211,mal,True,54,69,117,133,1.2777777777777777,2.1666666666666665,2.462962962962963
mal_1212,mal,True,42,57,93,95,1.3571428571428572,2.2142857142857144,2.261904761904762
mal_1213,mal,True,28,43,53,60,1.5357142857142858,1.8928571428571428,2.142857142857143
mal_1214,mal,True,21,18,28,33,0.8571428571428571,1.3333333333333333,1.5714285714285714
mal_1215,mal,True,26,43,60,71,1.6538461538461537,2.3076923076923075,2.730769230769231
mal_1216,mal,True,26,38,58,67,1.4615384615384615,2.230769230769231,2.576923076923077
mal_1217,mal,True,54,67,118,137,1.2407407407407407,2.185185185185185,2.537037037037037
mal_1218,mal,True,25,33,48,49,1.32,1.92,1.96
mal_1219,mal,True,21,34,50,56,1.619047619047619,2.380952380952381,2.6666666666666665
mal_1220,mal,True,11,10,22,25,0.9090909090909091,2.0,2.272727272727273
mal_1221,mal,True,13,16,21,27,1.2307692307692308,1.6153846153846154,2.076923076923077
mal_1222,mal,True,18,20,21,29,1.1111111111111112,1.1666666666666667,1.6111111111111112
mal_1223,mal,True,48,61,84,114,1.2708333333333333,1.75,2.375
mal_1224,mal,True,25,29,51,64,1.16,2.04,2.56
mal_1225,mal,True,13,21,24,28,1.6153846153846154,1.8461538461538463,2.1538461538461537
mal_1226,mal,True,31,36,72,81,1.1612903225806452,2.3225806451612905,2.6129032258064515
mal_1227,mal,True,21,27,36,44,1.2857142857142858,1.7142857142857142,2.0952380952380953
mal_1228,mal,True,36,53,73,92,1.4722222222222223,2.0277777777777777,2.5555555555555554
mal_1229,mal,True,39,34,57,69,0.8717948717948718,1.4615384615384615,1.7692307692307692
mal_1230,mal,True,29,41,54,65,1.4137931034482758,1.8620689655172413,2.2413793103448274
mal_1231,mal,True,36,38,54,68,1.0555555555555556,1.5,1.8888888888888888
mal_1232,mal,True,16,17,23,25,1.0625,1.4375,1.5625
mal_1233,mal,True,36,47,81,79,1.3055555555555556,2.25,2.1944444444444446
mal_1234,mal,True,30,36,50,57,1.2,1.6666666666666667,1.9
mal_1235,mal,True,26,35,44,43,1.3461538461538463,1.6923076923076923,1.6538461538461537
mal_1236,mal,True,25,33,59,71,1.32,2.36,2.84
mal_1237,mal,True,29,41,52,58,1.4137931034482758,1.793103448275862,2.0
mal_1238,mal,True,29,36,45,58,1.2413793103448276,1.5517241379310345,2.0
mal_1239,mal,True,38,64,64,92,1.6842105263157894,1.6842105263157894,2.4210526315789473
mal_1240,mal,True,25,40,65,66,1.6,2.6,2.64
mal_1241,mal,True,28,30,47,47,1.0714285714285714,1.6785714285714286,1.6785714285714286
mal_1242,mal,True,29,47,66,74,1.6206896551724137,2.2758620689655173,2.5517241379310347
mal_1243,mal,True,25,29,54,56,1.16,2.16,2.24
mal_1244,mal,True,33,43,69,73,1.303030303030303,2.090909090909091,2.212121212121212
mal_1245,mal,True,26,34,54,65,1.3076923076923077,2.076923076923077,2.5
mal_1246,mal,True,22,29,44,49,1.3181818181818181,2.0,2.227272727272727
mal_1247,mal,True,33,39,63,86,1.1818181818181819,1.9090909090909092,2.606060606060606
mal_1248,mal,True,26,35,46,66,1.3461538461538463,1.7692307692307692,2.5384615384615383
mal_1249,mal,True,22,31,39,49,1.4090909090909092,1.7727272727272727,2.227272727272727
mal_1250,mal,True,14,18,32,46,1.2857142857142858,2.2857142857142856,3.2857142857142856
mal_1251,mal,True,19,23,29,40,1.2105263157894737,1.5263157894736843,2.1052631578947367
mal_1252,mal,True,27,35,67,78,1.2962962962962963,2.4814814814814814,2.888888888888889
mal_1253,mal,True,18,18,26,29,1.0,1.4444444444444444,1.6111111111111112
mal_1254,mal,True,21,32,47,48,1.5238095238095237,2.238095238095238,2.2857142857142856
mal_1255,mal,True,43,55,80,108,1.2790697674418605,1.8604651162790697,2.511627906976744
mal_1256,mal,True,16,18,32,33,1.125,2.0,2.0625
mal_1257,mal,True,45,54,103,116,1.2,2.2888888888888888,2.577777777777778
mal_1258,mal,True,29,35,48,64,1.206896551724138,1.6551724137931034,2.206896551724138
mal_1259,mal,True,25,37,42,52,1.48,1.68,2.08
mal_1260,mal,True,25,34,44,53,1.36,1.76,2.12
mal_1261,mal,True,22,23,31,44,1.0454545454545454,1.4090909090909092,2.0
mal_1262,mal,True,36,45,56,71,1.25,1.5555555555555556,1.9722222222222223
mal_1263,mal,True,24,39,55,66,1.625,2.2916666666666665,2.75
mal_1264,mal,True,44,59,80,89,1.3409090909090908,1.8181818181818181,2.022727272727273
mal_1265,mal,True,17,23,39,44,1.3529411764705883,2.2941176470588234,2.588235294117647
mal_1266,mal,True,29,33,69,79,1.1379310344827587,2.3793103448275863,2.7241379310344827
mal_1267,mal,True,44,67,98,108,1.5227272727272727,2.227272727272727,2.4545454545454546
mal_1268,mal,True,18,28,32,41,1.5555555555555556,1.7777777777777777,2.2777777777777777
mal_1269,mal,True,32,52,64,83,1.625,2.0,2.59375
mal_1270,mal,True,34,50,56,78,1.4705882352941178,1.6470588235294117,2.2941176470588234
mal_1271,mal,True,41,56,88,108,1.3658536585365855,2.1463414634146343,2.6341463414634148
mal_1272,mal,True,24,32,51,66,1.3333333333333333,2.125,2.75
mal_1273,mal,True,25,16,20,22,0.64,0.8,0.88
mal_1274,mal,True,33,37,48,61,1.121212121212121,1.4545454545454546,1.8484848484848484
mal_1275,mal,True,39,53,95,121,1.358974358974359,2.4358974358974357,3.1025641025641026
mal_1276,mal,True,24,38,54,65,1.5833333333333333,2.25,2.7083333333333335
mal_1277,mal,True,13,17,22,28,1.3076923076923077,1.6923076923076923,2.1538461538461537
mal_1278,mal,True,30,41,52,65,1.3666666666666667,1.7333333333333334,2.1666666666666665
mal_1279,mal,True,40,57,89,115,1.425,2.225,2.875
mal_1280,mal,True,18,25,30,41,1.3888888888888888,1.6666666666666667,2.2777777777777777
mal_1281,mal,True,27,37,65,66,1.3703703703703705,2.4074074074074074,2.4444444444444446
mal_1282,mal,True,42,67,88,118,1.5952380952380953,2.0952380952380953,2.8095238095238093
mal_1283,mal,True,29,38,62,80,1.3103448275862069,2.1379310344827585,2.7586206896551726
mal_1284,mal,True,19,33,39,47,1.736842105263158,2.0526315789473686,2.473684210526316
mal_1285,mal,True,27,36,47,60,1.3333333333333333,1.7407407407407407,2.2222222222222223
mal_1286,mal,True,23,35,41,58,1.5217391304347827,1.7826086956521738,2.5217391304347827
mal_1287,mal,True,35,48,70,87,1.3714285714285714,2.0,2.4857142857142858
mal_1288,mal,True,29,35,54,68,1.206896551724138,1.8620689655172413,2.3448275862068964
mal_1289,mal,True,45,61,81,96,1.3555555555555556,1.8,2.1333333333333333
mal_1290,mal,True,37,50,78,105,1.3513513513513513,2.108108108108108,2.8378378378378377
mal_1291,mal,True,22,30,41,32,1.3636363636363635,1.8636363636363635,1.4545454545454546
mal_1292,mal,True,23,34,48,63,1.4782608695652173,2.0869565217391304,2.739130434782609
mal_1293,mal,True,50,69,122,138,1.38,2.44,2.76
mal_1294,mal,True,31,33,53,64,1.064516129032258,1.7096774193548387,2.064516129032258
mal_1295,mal,True,22,35,54,69,1.5909090909090908,2.4545454545454546,3.1363636363636362
mal_1296,mal,True,41,36,56,63,0.8780487804878049,1.3658536585365855,1.5365853658536586
mal_1297,mal,True,25,32,52,63,1.28,2.08,2.52
mal_1298,mal,True,40,32,55,59,0.8,1.375,1.475
mal_1299,mal,True,11,16,20,26,1.4545454545454546,1.8181818181818181,2.3636363636363638
mal_1300,mal,True,42,58,64,90,1.380952380952381,1.5238095238095237,2.142857142857143
mal_1301,mal,True,35,53,86,92,1.5142857142857142,2.4571428571428573,2.6285714285714286
mal_1302,mal,True,28,36,52,66,1.2857142857142858,1.8571428571428572,2.357142857142857
mal_1303,mal,True,32,40,69,72,1.25,2.15625,2.25
mal_1304,mal,True,35,34,63,85,0.9714285714285714,1.8,2.4285714285714284
mal_1305,mal,True,19,29,39,45,1.5263157894736843,2.0526315789473686,2.3684210526315788
mal_1306,mal,True,36,59,99,109,1.6388888888888888,2.75,3.0277777777777777
mal_1307,mal,True,38,26,31,33,0.6842105263157895,0.8157894736842105,0.868421052631579
mal_1308,mal,True,26,17,26,40,0.6538461538461539,1.0,1.5384615384615385
mal_1309,mal,True,36,49,87,105,1.3611111111111112,2.4166666666666665,2.9166666666666665
mal_1310,mal,True,21,32,47,59,1.5238095238095237,2.238095238095238,2.8095238095238093
mal_1311,mal,True,50,65,80,92,1.3,1.6,1.84
mal_1312,mal,True,17,21,37,47,1.2352941176470589,2.176470588235294,2.764705882352941
mal_1313,mal,True,26,36,49,56,1.3846153846153846,1.8846153846153846,2.1538461538461537
mal_1314,mal,True,21,19,31,42,0.9047619047619048,1.4761904761904763,2.0
mal_1315,mal,True,33,33,56,72,1.0,1.696969696969697,2.1818181818181817
mal_1316,mal,True,22,31,47,56,1.4090909090909092,2.1363636363636362,2.5454545454545454
mal_1317,mal,True,14,31,39,50,2.2142857142857144,2.7857142857142856,3.5714285714285716
mal_1318,mal,True,17,22,38,54,1.2941176470588236,2.235294117647059,3.176470588235294
mal_1319,mal,True,34,45,61,68,1.3235294117647058,1.7941176470588236,2.0
mal_1320,mal,True,16,28,32,42,1.75,2.0,2.625
mal_1321,mal,True,38,51,78,89,1.3421052631578947,2.0526315789473686,2.3421052631578947
mal_1322,mal,True,26,32,56,66,1.2307692307692308,2.1538461538461537,2.5384615384615383
mal_1323,mal,True,44,50,64,94,1.1363636363636365,1.4545454545454546,2.1363636363636362
mal_1324,mal,True,28,39,57,65,1.3928571428571428,2.0357142857142856,2.3214285714285716
mal_1325,mal,True,49,62,108,126,1.2653061224489797,2.204081632653061,2.5714285714285716
mal_1326,mal,True,48,62,97,120,1.2916666666666667,2.0208333333333335,2.5
mal_1327,mal,True,16,24,31,33,1.5,1.9375,2.0625
mal_1328,mal,True,38,39,69,84,1.0263157894736843,1.8157894736842106,2.210526315789474
mal_1329,mal,True,32,46,62,87,1.4375,1.9375,2.71875
mal_1330,mal,True,36,33,45,53,0.9166666666666666,1.25,1.4722222222222223
mal_1331,mal,True,75,84,104,128,1.12,1.3866666666666667,1.7066666666666668
mal_1332,mal,True,23,32,42,48,1.391304347826087,1.826086956521739,2.0869565217391304
mal_1333,mal,True,26,34,50,62,1.3076923076923077,1.9230769230769231,2.3846153846153846
mal_1334,mal,True,30,42,70,86,1.4,2.3333333333333335,2.8666666666666667
mal_1335,mal,True,23,43,48,59,1.8695652173913044,2.0869565217391304,2.5652173913043477
mal_1336,mal,True,20,22,36,46,1.1,1.8,2.3
mal_1337,mal,True,15,7,17,16,0.4666666666666667,1.1333333333333333,1.0666666666666667
mal_1338,mal,True,41,81,89,109,1.975609756097561,2.1707317073170733,2.658536585365854
mal_1339,mal,True,29,41,59,69,1.4137931034482758,2.0344827586206895,2.3793103448275863
mal_1340,mal,True,27,33,59,65,1.2222222222222223,2.185185185185185,2.4074074074074074
mal_1341,mal,True,45,53,93,103,1.1777777777777778,2.066666666666667,2.2888888888888888
mal_1342,mal,True,36,52,78,98,1.4444444444444444,2.1666666666666665,2.7222222222222223
mal_1343,mal,True,29,31,67,79,1.0689655172413792,2.310344827586207,2.7241379310344827
mal_1344,mal,True,24,8,16,21,0.3333333333333333,0.6666666666666666,0.875
mal_1345,mal,True,41,57,83,94,1.3902439024390243,2.024390243902439,2.292682926829268
mal_1346,mal,True,41,46,80,106,1.1219512195121952,1.951219512195122,2.5853658536585367
mal_1347,mal,True,20,35,43,62,1.75,2.15,3.1
mal_1348,mal,True,22,27,42,53,1.2272727272727273,1.9090909090909092,2.409090909090909
mal_1349,mal,True,20,35,38,60,1.75,1.9,3.0
mal_1350,mal,True,24,35,48,57,1.4583333333333333,2.0,2.375
mal_1351,mal,True,29,30,52,59,1.0344827586206897,1.793103448275862,2.0344827586206895
mal_1352,mal,True,35,42,54,68,1.2,1.542857142857143,1.9428571428571428
mal_1353,mal,True,33,38,58,73,1.1515151515151516,1.7575757575757576,2.212121212121212
mal_1354,mal,True,47,50,90,110,1.0638297872340425,1.9148936170212767,2.3404255319148937
mal_1355,mal,True,34,38,61,72,1.1176470588235294,1.7941176470588236,2.1176470588235294
mal_1356,mal,True,31,45,62,82,1.4516129032258065,2.0,2.6451612903225805
mal_1357,mal,True,24,20,26,31,0.8333333333333334,1.0833333333333333,1.2916666666666667
mal_1358,mal,True,40,46,66,68,1.15,1.65,1.7
mal_1359,mal,True,40,45,77,78,1.125,1.925,1.95
mal_1360,mal,True,40,56,68,83,1.4,1.7,2.075
mal_1361,mal,True,28,47,50,72,1.6785714285714286,1.7857142857142858,2.5714285714285716
mal_1362,mal,True,20,24,33,41,1.2,1.65,2.05
mal_1363,mal,True,29,33,52,65,1.1379310344827587,1.793103448275862,2.2413793103448274
mal_1364,mal,True,24,32,43,46,1.3333333333333333,1.7916666666666667,1.9166666666666667
mal_1365,mal,True,35,45,86,106,1.2857142857142858,2.4571428571428573,3.0285714285714285
mal_1366,mal,True,32,51,87,111,1.59375,2.71875,3.46875
mal_1367,mal,True,27,33,46,57,1.2222222222222223,1.7037037037037037,2.111111111111111
mal_1368,mal,True,36,65,94,108,1.8055555555555556,2.611111111111111,3.0
mal_1369,mal,True,20,29,48,54,1.45,2.4,2.7
mal_1370,mal,True,17,21,33,45,1.2352941176470589,1.9411764705882353,2.6470588235294117
mal_1371,mal,True,35,39,54,66,1.1142857142857143,1.542857142857143,1.8857142857142857
mal_1372,mal,True,20,28,30,45,1.4,1.5,2.25
mal_1373,mal,True,21,18,28,30,0.8571428571428571,1.3333333333333333,1.4285714285714286
mal_1374,mal,True,43,64,88,110,1.4883720930232558,2.046511627906977,2.558139534883721
mal_1375,mal,True,20,19,29,40,0.95,1.45,2.0
mal_1376,mal,True,33,48,61,78,1.4545454545454546,1.8484848484848484,2.3636363636363638
mal_1377,mal,True,45,59,96,109,1.3111111111111111,2.1333333333333333,2.422222222222222
mal_1378,mal,True,35,27,34,38,0.7714285714285715,0.9714285714285714,1.0857142857142856
mal_1379,mal,True,14,24,33,39,1.7142857142857142,2.357142857142857,2.7857142857142856
mal_1380,mal,True,35,43,52,82,1.2285714285714286,1.4857142857142858,2.342857142857143
mal_1381,mal,True,38,50,80,94,1.3157894736842106,2.1052631578947367,2.473684210526316
mal_1382,mal,True,20,23,30,42,1.15,1.5,2.1
mal_1383,mal,True,42,50,69,79,1.1904761904761905,1.6428571428571428,1.880952380952381
mal_1384,mal,True,37,36,53,60,0.972972972972973,1.4324324324324325,1.6216216216216217
mal_1385,mal,True,34,45,59,69,1.3235294117647058,1.7352941176470589,2.0294117647058822
mal_1386,mal,True,43,52,97,116,1.2093023255813953,2.255813953488372,2.697674418604651
mal_1387,mal,True,28,38,57,70,1.3571428571428572,2.0357142857142856,2.5
mal_1388,mal,True,30,50,88,112,1.6666666666666667,2.933333333333333,3.7333333333333334
mal_1389,mal,True,15,27,27,32,1.8,1.8,2.1333333333333333
mal_1390,mal,True,71,87,152,169,1.2253521126760563,2.140845070422535,2.380281690140845
mal_1391,mal,True,38,47,86,91,1.236842105263158,2.263157894736842,2.3947368421052633
mal_1392,mal,True,37,45,65,83,1.2162162162162162,1.7567567567567568,2.2432432432432434
mal_1393,mal,True,39,48,88,95,1.2307692307692308,2.2564102564102564,2.4358974358974357
mal_1394,mal,True,20,24,32,42,1.2,1.6,2.1
mal_1395,mal,True,31,16,21,33,0.5161290322580645,0.6774193548387096,1.064516129032258
mal_1396,mal,True,23,39,47,58,1.6956521739130435,2.0434782608695654,2.5217391304347827
mal_1397,mal,True,41,47,66,78,1.146341463414634,1.6097560975609757,1.9024390243902438
mal_1398,mal,True,25,38,42,59,1.52,1.68,2.36
mal_1399,mal,True,16,17,26,37,1.0625,1.625,2.3125
mar_0000,mar,True,20,18,25,45,0.9,1.25,2.25
mar_0001,mar,True,35,36,45,72,1.0285714285714285,1.2857142857142858,2.057142857142857
mar_0002,mar,True,44,49,74,117,1.1136363636363635,1.6818181818181819,2.659090909090909
mar_0003,mar,True,35,35,61,72,1.0,1.7428571428571429,2.057142857142857
mar_0004,mar,True,32,43,59,67,1.34375,1.84375,2.09375
mar_0005,mar,True,32,41,53,78,1.28125,1.65625,2.4375
mar_0006,mar,True,57,65,79,115,1.1403508771929824,1.3859649122807018,2.017543859649123
mar_0007,mar,True,25,30,48,65,1.2,1.92,2.6
mar_0008,mar,True,33,48,62,97,1.4545454545454546,1.878787878787879,2.9393939393939394
mar_0009,mar,True,23,29,34,54,1.2608695652173914,1.4782608695652173,2.347826086956522
mar_0010,mar,True,21,27,39,64,1.2857142857142858,1.8571428571428572,3.0476190476190474
mar_0011,mar,True,27,34,41,59,1.2592592592592593,1.5185185185185186,2.185185185185185
mar_0012,mar,True,37,44,58,82,1.1891891891891893,1.5675675675675675,2.2162162162162162
mar_0013,mar,True,34,37,52,73,1.088235294117647,1.5294117647058822,2.1470588235294117
mar_0014,mar,True,36,36,41,58,1.0,1.1388888888888888,1.6111111111111112
mar_0015,mar,True,18,27,39,63,1.5,2.1666666666666665,3.5
mar_0016,mar,True,33,36,51,77,1.0909090909090908,1.5454545454545454,2.3333333333333335
mar_0017,mar,True,23,27,37,50,1.173913043478261,1.608695652173913,2.1739130434782608
mar_0018,mar,True,30,33,40,62,1.1,1.3333333333333333,2.066666666666667
mar_0019,mar,True,29,28,39,51,0.9655172413793104,1.3448275862068966,1.7586206896551724
mar_0020,mar,True,25,32,45,63,1.28,1.8,2.52
mar_0021,mar,True,30,37,47,70,1.2333333333333334,1.5666666666666667,2.3333333333333335
mar_0022,mar,True,34,17,23,31,0.5,0.6764705882352942,0.9117647058823529
mar_0023,mar,True,88,131,173,224,1.4886363636363635,1.9659090909090908,2.5454545454545454
mar_0024,mar,True,75,89,111,148,1.1866666666666668,1.48,1.9733333333333334
mar_0025,mar,True,48,67,103,130,1.3958333333333333,2.1458333333333335,2.7083333333333335
mar_0026,mar,True,30,41,58,88,1.3666666666666667,1.9333333333333333,2.933333333333333
mar_0027,mar,True,24,29,37,59,1.2083333333333333,1.5416666666666667,2.4583333333333335
mar_0028,mar,True,45,58,89,121,1.288888888888889,1.9777777777777779,2.688888888888889
mar_0029,mar,True,18,20,31,50,1.1111111111111112,1.7222222222222223,2.7777777777777777
mar_0030,mar,True,36,25,31,42,0.6944444444444444,0.8611111111111112,1.1666666666666667
mar_0031,mar,True,30,30,42,60,1.0,1.4,2.0
mar_0032,mar,True,26,24,47,68,0.9230769230769231,1.8076923076923077,2.6153846153846154
mar_0033,mar,True,33,27,43,68,0.8181818181818182,1.303030303030303,2.0606060606060606
mar_0034,mar,True,25,31,41,67,1.24,1.64,2.68
mar_0035,mar,True,37,47,57,87,1.2702702702702702,1.5405405405405406,2.3513513513513513
mar_0036,mar,True,45,60,80,112,1.3333333333333333,1.7777777777777777,2.488888888888889
mar_0037,mar,True,31,42,46,69,1.3548387096774193,1.4838709677419355,2.225806451612903
mar_0038,mar,True,19,24,33,50,1.263157894736842,1.736842105263158,2.6315789473684212
mar_0039,mar,True,20,28,41,59,1.4,2.05,2.95
mar_0040,mar,True,27,25,32,47,0.9259259259259259,1.1851851851851851,1.7407407407407407
mar_0041,mar,True,23,23,35,48,1.0,1.5217391304347827,2.0869565217391304
mar_0042,mar,True,23,23,35,48,1.0,1.5217391304347827,2.0869565217391304
mar_0043,mar,True,42,30,42,51,0.7142857142857143,1.0,1.2142857142857142
mar_0044,mar,True,28,28,37,59,1.0,1.3214285714285714,2.107142857142857
mar_0045,mar,True,25,23,34,47,0.92,1.36,1.88
mar_0046,mar,True,37,32,44,63,0.8648648648648649,1.1891891891891893,1.7027027027027026
mar_0047,mar,True,43,49,86,127,1.1395348837209303,2.0,2.953488372093023
mar_0048,mar,True,17,37,41,56,2.176470588235294,2.411764705882353,3.2941176470588234
mar_0049,mar,True,24,39,53,79,1.625,2.2083333333333335,3.2916666666666665
mar_0050,mar,True,26,35,47,69,1.3461538461538463,1.8076923076923077,2.6538461538461537
mar_0051,mar,True,33,42,58,89,1.2727272727272727,1.7575757575757576,2.696969696969697
mar_0052,mar,True,14,16,26,40,1.1428571428571428,1.8571428571428572,2.857142857142857
mar_0053,mar,True,29,29,32,50,1.0,1.103448275862069,1.7241379310344827
mar_0054,mar,True,20,30,37,52,1.5,1.85,2.6
mar_0055,mar,True,28,35,51,74,1.25,1.8214285714285714,2.642857142857143
mar_0056,mar,True,21,21,35,52,1.0,1.6666666666666667,2.4761904761904763
mar_0057,mar,True,39,44,62,99,1.1282051282051282,1.5897435897435896,2.5384615384615383
mar_0058,mar,True,37,38,64,88,1.027027027027027,1.7297297297297298,2.3783783783783785
mar_0059,mar,True,33,40,61,87,1.2121212121212122,1.8484848484848484,2.6363636363636362
mar_0060,mar,True,44,19,25,35,0.4318181818181818,0.5681818181818182,0.7954545454545454
mar_0061,mar,True,23,30,35,54,1.3043478260869565,1.5217391304347827,2.347826086956522
mar_0062,mar,True,35,42,58,82,1.2,1.6571428571428573,2.342857142857143
mar_0063,mar,True,19,24,30,46,1.263157894736842,1.5789473684210527,2.4210526315789473
mar_0064,mar,True,24,27,28,39,1.125,1.1666666666666667,1.625
mar_0065,mar,True,37,46,64,97,1.2432432432432432,1.7297297297297298,2.6216216216216215
mar_0066,mar,True,18,24,40,63,1.3333333333333333,2.2222222222222223,3.5
mar_0067,mar,True,18,14,24,38,0.7777777777777778,1.3333333333333333,2.111111111111111
mar_0068,mar,True,30,41,57,88,1.3666666666666667,1.9,2.933333333333333
mar_0069,mar,True,41,48,60,87,1.170731707317073,1.4634146341463414,2.1219512195121952
mar_0070,mar,True,16,15,22,35,0.9375,1.375,2.1875
mar_0071,mar,True,17,24,37,56,1.411764705882353,2.176470588235294,3.2941176470588234
mar_0072,mar,True,34,30,47,68,0.8823529411764706,1.3823529411764706,2.0
mar_0073,mar,True,27,26,37,51,0.9629629629629629,1.3703703703703705,1.8888888888888888
mar_0074,mar,True,24,29,44,73,1.2083333333333333,1.8333333333333333,3.0416666666666665
mar_0075,mar,True,32,32,47,69,1.0,1.46875,2.15625
mar_0076,mar,True,34,36,50,80,1.0588235294117647,1.4705882352941178,2.3529411764705883
mar_0077,mar,True,15,21,29,47,1.4,1.9333333333333333,3.1333333333333333
mar_0078,mar,True,34,40,58,72,1.1764705882352942,1.7058823529411764,2.1176470588235294
mar_0079,mar,True,41,48,60,87,1.170731707317073,1.4634146341463414,2.1219512195121952
mar_0080,mar,True,26,27,41,59,1.0384615384615385,1.5769230769230769,2.269230769230769
mar_0081,mar,True,36,36,40,58,1.0,1.1111111111111112,1.6111111111111112
mar_0082,mar,True,29,32,47,59,1.103448275862069,1.6206896551724137,2.0344827586206895
mar_0083,mar,True,35,40,54,80,1.1428571428571428,1.542857142857143,2.2857142857142856
mar_0084,mar,True,36,45,63,99,1.25,1.75,2.75
mar_0085,mar,True,53,64,83,111,1.2075471698113207,1.5660377358490567,2.0943396226415096
mar_0086,mar,True,28,41,53,74,1.4642857142857142,1.8928571428571428,2.642857142857143
mar_0087,mar,True,33,41,48,76,1.2424242424242424,1.4545454545454546,2.303030303030303
mar_0088,mar,True,40,53,85,109,1.325,2.125,2.725
mar_0089,mar,True,38,48,61,86,1.263157894736842,1.605263157894737,2.263157894736842
mar_0090,mar,True,27,33,44,68,1.2222222222222223,1.6296296296296295,2.5185185185185186
mar_0091,mar,True,29,33,47,61,1.1379310344827587,1.6206896551724137,2.103448275862069
mar_0092,mar,True,41,39,59,87,0.9512195121951219,1.4390243902439024,2.1219512195121952
mar_0093,mar,True,16,25,29,44,1.5625,1.8125,2.75
mar_0094,mar,True,14,11,18,28,0.7857142857142857,1.2857142857142858,2.0
mar_0095,mar,True,41,37,60,87,0.9024390243902439,1.4634146341463414,2.1219512195121952
mar_0096,mar,True,23,29,34,48,1.2608695652173914,1.4782608695652173,2.0869565217391304
mar_0097,mar,True,36,56,77,110,1.5555555555555556,2.138888888888889,3.0555555555555554
mar_0098,mar,True,24,34,47,72,1.4166666666666667,1.9583333333333333,3.0
mar_0099,mar,True,49,55,75,114,1.1224489795918366,1.530612244897959,2.326530612244898
mar_0100,mar,True,36,50,60,89,1.3888888888888888,1.6666666666666667,2.4722222222222223
mar_0101,mar,True,34,46,69,93,1.3529411764705883,2.0294117647058822,2.735294117647059
mar_0102,mar,True,22,24,29,42,1.0909090909090908,1.3181818181818181,1.9090909090909092
mar_0103,mar,True,53,72,98,136,1.3584905660377358,1.849056603773585,2.5660377358490565
mar_0104,mar,True,20,28,46,63,1.4,2.3,3.15
mar_0105,mar,True,30,21,32,47,0.7,1.0666666666666667,1.5666666666666667
mar_0106,mar,True,31,31,49,64,1.0,1.5806451612903225,2.064516129032258
mar_0107,mar,True,29,45,53,78,1.5517241379310345,1.8275862068965518,2.689655172413793
mar_0108,mar,True,39,48,80,118,1.2307692307692308,2.051282051282051,3.0256410256410255
mar_0109,mar,True,11,20,22,28,1.8181818181818181,2.0,2.5454545454545454
mar_0110,mar,True,21,21,29,43,1.0,1.380952380952381,2.0476190476190474
mar_0111,mar,True,36,57,71,107,1.5833333333333333,1.9722222222222223,2.9722222222222223
mar_0112,mar,True,42,44,66,89,1.0476190476190477,1.5714285714285714,2.119047619047619
mar_0113,mar,True,24,29,44,64,1.2083333333333333,1.8333333333333333,2.6666666666666665
mar_0114,mar,True,23,12,17,24,0.5217391304347826,0.7391304347826086,1.0434782608695652
mar_0115,mar,True,49,47,59,93,0.9591836734693877,1.2040816326530612,1.8979591836734695
mar_0116,mar,True,27,27,40,52,1.0,1.4814814814814814,1.9259259259259258
mar_0117,mar,True,33,48,73,94,1.4545454545454546,2.212121212121212,2.8484848484848486
mar_0118,mar,True,36,57,71,107,1.5833333333333333,1.9722222222222223,2.9722222222222223
mar_0119,mar,True,24,35,46,54,1.4583333333333333,1.9166666666666667,2.25
mar_0120,mar,True,23,22,28,49,0.9565217391304348,1.2173913043478262,2.130434782608696
mar_0121,mar,True,33,34,49,77,1.0303030303030303,1.4848484848484849,2.3333333333333335
mar_0122,mar,True,26,34,47,71,1.3076923076923077,1.8076923076923077,2.730769230769231
mar_0123,mar,True,11,14,20,33,1.2727272727272727,1.8181818181818181,3.0
mar_0124,mar,True,45,49,67,86,1.0888888888888888,1.488888888888889,1.9111111111111112
mar_0125,mar,True,27,40,48,69,1.4814814814814814,1.7777777777777777,2.5555555555555554
mar_0126,mar,True,18,22,25,36,1.2222222222222223,1.3888888888888888,2.0
mar_0127,mar,True,29,37,40,68,1.2758620689655173,1.3793103448275863,2.3448275862068964
mar_0128,mar,True,26,33,36,57,1.2692307692307692,1.3846153846153846,2.1923076923076925
mar_0129,mar,True,20,34,42,60,1.7,2.1,3.0
mar_0130,mar,True,39,49,59,94,1.2564102564102564,1.5128205128205128,2.41025641025641
mar_0131,mar,True,28,13,24,34,0.4642857142857143,0.8571428571428571,1.2142857142857142
mar_0132,mar,True,20,17,28,44,0.85,1.4,2.2
mar_0133,mar,True,32,33,46,76,1.03125,1.4375,2.375
mar_0134,mar,True,40,43,55,77,1.075,1.375,1.925
mar_0135,mar,True,24,24,37,55,1.0,1.5416666666666667,2.2916666666666665
mar_0136,mar,True,31,31,57,81,1.0,1.8387096774193548,2.6129032258064515
mar_0137,mar,True,17,18,27,40,1.0588235294117647,1.588235294117647,2.3529411764705883
mar_0138,mar,True,38,44,54,86,1.1578947368421053,1.4210526315789473,2.263157894736842
mar_0139,mar,True,16,21,31,45,1.3125,1.9375,2.8125
mar_0140,mar,True,14,19,24,34,1.3571428571428572,1.7142857142857142,2.4285714285714284
mar_0141,mar,True,23,26,38,57,1.1304347826086956,1.6521739130434783,2.4782608695652173
mar_0142,mar,True,20,28,36,54,1.4,1.8,2.7
mar_0143,mar,True,25,31,37,58,1.24,1.48,2.32
mar_0144,mar,True,20,21,36,57,1.05,1.8,2.85
mar_0145,mar,True,48,49,65,100,1.0208333333333333,1.3541666666666667,2.0833333333333335
mar_0146,mar,True,20,34,52,69,1.7,2.6,3.45
mar_0147,mar,True,34,46,58,73,1.3529411764705883,1.7058823529411764,2.1470588235294117
mar_0148,mar,True,37,44,66,95,1.1891891891891893,1.7837837837837838,2.5675675675675675
mar_0149,mar,True,25,23,36,52,0.92,1.44,2.08
mar_0150,mar,True,41,41,65,94,1.0,1.5853658536585367,2.292682926829268
mar_0151,mar,True,26,25,43,56,0.9615384615384616,1.6538461538461537,2.1538461538461537
mar_0152,mar,True,28,33,46,60,1.1785714285714286,1.6428571428571428,2.142857142857143
mar_0153,mar,True,35,48,57,68,1.3714285714285714,1.6285714285714286,1.9428571428571428
mar_0154,mar,True,26,17,24,39,0.6538461538461539,0.9230769230769231,1.5
mar_0155,mar,True,38,44,61,79,1.1578947368421053,1.605263157894737,2.0789473684210527
mar_0156,mar,True,30,31,37,55,1.0333333333333334,1.2333333333333334,1.8333333333333333
mar_0157,mar,True,35,39,49,71,1.1142857142857143,1.4,2.0285714285714285
mar_0158,mar,True,29,28,60,74,0.9655172413793104,2.0689655172413794,2.5517241379310347
mar_0159,mar,True,36,45,54,90,1.25,1.5,2.5
mar_0160,mar,True,36,46,67,101,1.2777777777777777,1.8611111111111112,2.8055555555555554
mar_0161,mar,True,56,74,89,125,1.3214285714285714,1.5892857142857142,2.232142857142857
mar_0162,mar,True,24,15,18,26,0.625,0.75,1.0833333333333333
mar_0163,mar,True,29,24,44,69,0.8275862068965517,1.5172413793103448,2.3793103448275863
mar_0164,mar,True,25,33,44,65,1.32,1.76,2.6
mar_0165,mar,True,25,23,29,43,0.92,1.16,1.72
mar_0166,mar,True,25,32,38,56,1.28,1.52,2.24
mar_0167,mar,True,14,20,35,38,1.4285714285714286,2.5,2.7142857142857144
mar_0168,mar,True,35,43,65,91,1.2285714285714286,1.8571428571428572,2.6
mar_0169,mar,True,20,17,24,40,0.85,1.2,2.0
mar_0170,mar,True,23,42,53,78,1.826086956521739,2.3043478260869565,3.391304347826087
mar_0171,mar,True,22,30,43,59,1.3636363636363635,1.9545454545454546,2.6818181818181817
mar_0172,mar,True,39,45,70,94,1.1538461538461537,1.794871794871795,2.41025641025641
mar_0173,mar,True,25,29,42,65,1.16,1.68,2.6
mar_0174,mar,True,21,22,34,48,1.0476190476190477,1.619047619047619,2.2857142857142856
mar_0175,mar,True,34,44,49,67,1.2941176470588236,1.4411764705882353,1.9705882352941178
mar_0176,mar,True,26,22,37,55,0.8461538461538461,1.4230769230769231,2.1153846153846154
mar_0177,mar,True,35,42,48,63,1.2,1.3714285714285714,1.8
mar_0178,mar,True,39,50,76,93,1.2820512820512822,1.9487179487179487,2.3846153846153846
mar_0179,mar,True,44,41,58,83,0.9318181818181818,1.3181818181818181,1.8863636363636365
mar_0180,mar,True,25,36,47,67,1.44,1.88,2.68
mar_0181,mar,True,23,28,35,51,1.2173913043478262,1.5217391304347827,2.217391304347826
mar_0182,mar,True,19,31,36,53,1.631578947368421,1.894736842105263,2.789473684210526
mar_0183,mar,True,17,22,33,41,1.2941176470588236,1.9411764705882353,2.411764705882353
mar_0184,mar,True,56,75,92,122,1.3392857142857142,1.6428571428571428,2.1785714285714284
mar_0185,mar,True,44,43,52,81,0.9772727272727273,1.1818181818181819,1.8409090909090908
mar_0186,mar,True,33,32,52,71,0.9696969696969697,1.5757575757575757,2.1515151515151514
mar_0187,mar,True,21,26,36,51,1.2380952380952381,1.7142857142857142,2.4285714285714284
mar_0188,mar,True,24,28,37,62,1.1666666666666667,1.5416666666666667,2.5833333333333335
mar_0189,mar,True,23,24,33,56,1.0434782608695652,1.434782608695652,2.4347826086956523
mar_0190,mar,True,31,35,60,82,1.1290322580645162,1.935483870967742,2.6451612903225805
mar_0191,mar,True,35,41,54,82,1.1714285714285715,1.542857142857143,2.342857142857143
mar_0192,mar,True,17,13,29,45,0.7647058823529411,1.7058823529411764,2.6470588235294117
mar_0193,mar,True,36,41,68,107,1.1388888888888888,1.8888888888888888,2.9722222222222223
mar_0194,mar,True,37,43,57,77,1.162162162162162,1.5405405405405406,2.081081081081081
mar_0195,mar,True,18,14,20,25,0.7777777777777778,1.1111111111111112,1.3888888888888888
mar_0196,mar,True,22,32,44,52,1.4545454545454546,2.0,2.3636363636363638
mar_0197,mar,True,26,20,34,44,0.7692307692307693,1.3076923076923077,1.6923076923076923
mar_0198,mar,True,24,35,45,61,1.4583333333333333,1.875,2.5416666666666665
mar_0199,mar,True,14,16,27,40,1.1428571428571428,1.9285714285714286,2.857142857142857
mar_0200,mar,True,32,34,45,74,1.0625,1.40625,2.3125
mar_0201,mar,True,29,33,45,58,1.1379310344827587,1.5517241379310345,2.0
mar_0202,mar,True,29,34,55,72,1.1724137931034482,1.896551724137931,2.4827586206896552
mar_0203,mar,True,34,38,55,80,1.1176470588235294,1.6176470588235294,2.3529411764705883
mar_0204,mar,True,19,27,31,45,1.4210526315789473,1.631578947368421,2.3684210526315788
mar_0205,mar,True,22,24,34,48,1.0909090909090908,1.5454545454545454,2.1818181818181817
mar_0206,mar,True,43,49,82,122,1.1395348837209303,1.9069767441860466,2.8372093023255816
mar_0207,mar,True,15,13,20,32,0.8666666666666667,1.3333333333333333,2.1333333333333333
mar_0208,mar,True,21,22,31,47,1.0476190476190477,1.4761904761904763,2.238095238095238
mar_0209,mar,True,16,18,20,24,1.125,1.25,1.5
mar_0210,mar,True,20,20,37,55,1.0,1.85,2.75
mar_0211,mar,True,46,53,69,108,1.1521739130434783,1.5,2.347826086956522
mar_0212,mar,True,29,52,55,75,1.793103448275862,1.896551724137931,2.586206896551724
mar_0213,mar,True,16,18,31,46,1.125,1.9375,2.875
mar_0214,mar,True,24,23,34,56,0.9583333333333334,1.4166666666666667,2.3333333333333335
mar_0215,mar,True,33,40,56,84,1.2121212121212122,1.696969696969697,2.5454545454545454
mar_0216,mar,True,15,14,21,31,0.9333333333333333,1.4,2.066666666666667
mar_0217,mar,True,31,29,37,55,0.9354838709677419,1.1935483870967742,1.7741935483870968
mar_0218,mar,True,37,40,56,73,1.0810810810810811,1.5135135135135136,1.972972972972973
mar_0219,mar,True,34,40,49,75,1.1764705882352942,1.4411764705882353,2.2058823529411766
mar_0220,mar,True,47,34,43,65,0.723404255319149,0.9148936170212766,1.3829787234042554
mar_0221,mar,True,32,47,71,91,1.46875,2.21875,2.84375
mar_0222,mar,True,22,27,41,48,1.2272727272727273,1.8636363636363635,2.1818181818181817
mar_0223,mar,True,26,28,43,57,1.0769230769230769,1.6538461538461537,2.1923076923076925
mar_0224,mar,True,28,31,42,60,1.1071428571428572,1.5,2.142857142857143
mar_0225,mar,True,25,21,29,47,0.84,1.16,1.88
mar_0226,mar,True,27,39,60,91,1.4444444444444444,2.2222222222222223,3.3703703703703702
mar_0227,mar,True,44,59,90,111,1.3409090909090908,2.0454545454545454,2.522727272727273
mar_0228,mar,True,49,55,75,114,1.1224489795918366,1.530612244897959,2.326530612244898
mar_0229,mar,True,57,67,85,123,1.1754385964912282,1.4912280701754386,2.1578947368421053
mar_0230,mar,True,20,24,39,51,1.2,1.95,2.55
mar_0231,mar,True,25,29,45,69,1.16,1.8,2.76
mar_0232,mar,True,34,41,58,83,1.2058823529411764,1.7058823529411764,2.4411764705882355
mar_0233,mar,True,34,37,49,75,1.088235294117647,1.4411764705882353,2.2058823529411766
mar_0234,mar,True,26,21,36,49,0.8076923076923077,1.3846153846153846,1.8846153846153846
mar_0235,mar,True,28,34,46,60,1.2142857142857142,1.6428571428571428,2.142857142857143
mar_0236,mar,True,36,41,55,78,1.1388888888888888,1.5277777777777777,2.1666666666666665
mar_0237,mar,True,29,36,48,73,1.2413793103448276,1.6551724137931034,2.5172413793103448
mar_0238,mar,True,33,39,57,89,1.1818181818181819,1.7272727272727273,2.696969696969697
mar_0239,mar,True,21,26,37,51,1.2380952380952381,1.7619047619047619,2.4285714285714284
mar_0240,mar,True,28,32,50,74,1.1428571428571428,1.7857142857142858,2.642857142857143
mar_0241,mar,True,33,44,64,96,1.3333333333333333,1.9393939393939394,2.909090909090909
mar_0242,mar,True,37,39,60,95,1.054054054054054,1.6216216216216217,2.5675675675675675
mar_0243,mar,True,17,32,46,61,1.8823529411764706,2.7058823529411766,3.588235294117647
mar_0244,mar,True,17,20,29,37,1.1764705882352942,1.7058823529411764,2.176470588235294
mar_0245,mar,True,39,50,79,94,1.2820512820512822,2.0256410256410255,2.41025641025641
mar_0246,mar,True,23,42,52,76,1.826086956521739,2.260869565217391,3.3043478260869565
mar_0247,mar,True,20,24,36,50,1.2,1.8,2.5
mar_0248,mar,True,23,28,34,48,1.2173913043478262,1.4782608695652173,2.0869565217391304
mar_0249,mar,True,25,27,40,50,1.08,1.6,2.0
mar_0250,mar,True,59,78,92,134,1.3220338983050848,1.5593220338983051,2.2711864406779663
mar_0251,mar,True,29,33,47,60,1.1379310344827587,1.6206896551724137,2.0689655172413794
mar_0252,mar,True,41,44,54,75,1.0731707317073171,1.3170731707317074,1.829268292682927
mar_0253,mar,True,28,15,19,30,0.5357142857142857,0.6785714285714286,1.0714285714285714
mar_0254,mar,True,30,36,54,68,1.2,1.8,2.2666666666666666
mar_0255,mar,True,41,38,51,72,0.926829268292683,1.2439024390243902,1.7560975609756098
mar_0256,mar,True,24,22,32,50,0.9166666666666666,1.3333333333333333,2.0833333333333335
mar_0257,mar,True,38,45,59,81,1.1842105263157894,1.5526315789473684,2.1315789473684212
mar_0258,mar,True,29,31,49,66,1.0689655172413792,1.6896551724137931,2.2758620689655173
mar_0259,mar,True,45,59,82,112,1.3111111111111111,1.8222222222222222,2.488888888888889
mar_0260,mar,True,22,33,44,65,1.5,2.0,2.9545454545454546
mar_0261,mar,True,43,40,59,92,0.9302325581395349,1.372093023255814,2.13953488372093
mar_0262,mar,True,24,27,40,49,1.125,1.6666666666666667,2.0416666666666665
mar_0263,mar,True,30,27,49,69,0.9,1.6333333333333333,2.3
mar_0264,mar,True,44,53,83,108,1.2045454545454546,1.8863636363636365,2.4545454545454546
mar_0265,mar,True,35,12,18,26,0.34285714285714286,0.5142857142857142,0.7428571428571429
mar_0266,mar,True,27,32,46,69,1.1851851851851851,1.7037037037037037,2.5555555555555554
mar_0267,mar,True,22,21,28,34,0.9545454545454546,1.2727272727272727,1.5454545454545454
mar_0268,mar,True,27,22,35,52,0.8148148148148148,1.2962962962962963,1.9259259259259258
mar_0269,mar,True,30,26,42,57,0.8666666666666667,1.4,1.9
mar_0270,mar,True,44,51,76,101,1.1590909090909092,1.7272727272727273,2.2954545454545454
mar_0271,mar,True,34,49,62,92,1.4411764705882353,1.8235294117647058,2.7058823529411766
mar_0272,mar,True,18,22,29,35,1.2222222222222223,1.6111111111111112,1.9444444444444444
mar_0273,mar,True,42,25,29,44,0.5952380952380952,0.6904761904761905,1.0476190476190477
mar_0274,mar,True,29,34,61,76,1.1724137931034482,2.103448275862069,2.6206896551724137
mar_0275,mar,True,18,17,21,33,0.9444444444444444,1.1666666666666667,1.8333333333333333
mar_0276,mar,True,45,40,69,105,0.8888888888888888,1.5333333333333334,2.3333333333333335
mar_0277,mar,True,41,38,59,88,0.926829268292683,1.4390243902439024,2.1463414634146343
mar_0278,mar,True,22,28,43,63,1.2727272727272727,1.9545454545454546,2.8636363636363638
mar_0279,mar,True,24,35,46,54,1.4583333333333333,1.9166666666666667,2.25
mar_0280,mar,True,39,59,73,109,1.5128205128205128,1.8717948717948718,2.7948717948717947
mar_0281,mar,True,41,42,64,91,1.024390243902439,1.5609756097560976,2.2195121951219514
mar_0282,mar,True,44,56,73,98,1.2727272727272727,1.6590909090909092,2.227272727272727
mar_0283,mar,True,19,25,28,47,1.3157894736842106,1.4736842105263157,2.473684210526316
mar_0284,mar,True,25,25,31,55,1.0,1.24,2.2
mar_0285,mar,True,33,47,64,91,1.4242424242424243,1.9393939393939394,2.757575757575758
mar_0286,mar,True,27,33,49,63,1.2222222222222223,1.8148148148148149,2.3333333333333335
mar_0287,mar,True,28,31,45,72,1.1071428571428572,1.6071428571428572,2.5714285714285716
mar_0288,mar,True,24,26,42,55,1.0833333333333333,1.75,2.2916666666666665
mar_0289,mar,True,41,63,91,121,1.5365853658536586,2.2195121951219514,2.951219512195122
mar_0290,mar,True,29,28,40,58,0.9655172413793104,1.3793103448275863,2.0
mar_0291,mar,True,15,20,33,48,1.3333333333333333,2.2,3.2
mar_0292,mar,True,47,52,83,100,1.1063829787234043,1.7659574468085106,2.127659574468085
mar_0293,mar,True,38,48,60,84,1.263157894736842,1.5789473684210527,2.210526315789474
mar_0294,mar,True,26,31,35,55,1.1923076923076923,1.3461538461538463,2.1153846153846154
mar_0295,mar,True,21,30,38,56,1.4285714285714286,1.8095238095238095,2.6666666666666665
mar_0296,mar,True,27,41,62,86,1.5185185185185186,2.2962962962962963,3.185185185185185
mar_0297,mar,True,21,22,32,42,1.0476190476190477,1.5238095238095237,2.0
mar_0298,mar,True,26,22,42,70,0.8461538461538461,1.6153846153846154,2.6923076923076925
mar_0299,mar,True,24,29,49,76,1.2083333333333333,2.0416666666666665,3.1666666666666665
mar_0300,mar,True,15,25,32,42,1.6666666666666667,2.1333333333333333,2.8
mar_0301,mar,True,21,28,42,64,1.3333333333333333,2.0,3.0476190476190474
mar_0302,mar,True,34,47,72,96,1.3823529411764706,2.1176470588235294,2.823529411764706
mar_0303,mar,True,23,26,38,56,1.1304347826086956,1.6521739130434783,2.4347826086956523
mar_0304,mar,True,35,28,40,62,0.8,1.1428571428571428,1.7714285714285714
mar_0305,mar,True,34,42,44,70,1.2352941176470589,1.2941176470588236,2.0588235294117645
mar_0306,mar,True,23,21,41,60,0.9130434782608695,1.7826086956521738,2.608695652173913
mar_0307,mar,True,25,26,40,46,1.04,1.6,1.84
mar_0308,mar,True,17,13,29,45,0.7647058823529411,1.7058823529411764,2.6470588235294117
mar_0309,mar,True,35,31,55,68,0.8857142857142857,1.5714285714285714,1.9428571428571428
mar_0310,mar,True,30,39,65,94,1.3,2.1666666666666665,3.1333333333333333
mar_0311,mar,True,31,40,55,89,1.2903225806451613,1.7741935483870968,2.870967741935484
mar_0312,mar,True,42,56,70,111,1.3333333333333333,1.6666666666666667,2.642857142857143
mar_0313,mar,True,33,32,38,55,0.9696969696969697,1.1515151515151516,1.6666666666666667
mar_0314,mar,True,41,41,70,105,1.0,1.7073170731707317,2.5609756097560976
mar_0315,mar,True,41,46,61,89,1.1219512195121952,1.4878048780487805,2.1707317073170733
mar_0316,mar,True,23,26,30,50,1.1304347826086956,1.3043478260869565,2.1739130434782608
mar_0317,mar,True,27,29,38,65,1.0740740740740742,1.4074074074074074,2.4074074074074074
mar_0318,mar,True,44,53,81,110,1.2045454545454546,1.8409090909090908,2.5
mar_0319,mar,True,21,25,39,63,1.1904761904761905,1.8571428571428572,3.0
mar_0320,mar,True,26,31,53,77,1.1923076923076923,2.0384615384615383,2.9615384615384617
mar_0321,mar,True,21,16,29,32,0.7619047619047619,1.380952380952381,1.5238095238095237
mar_0322,mar,True,25,35,41,51,1.4,1.64,2.04
mar_0323,mar,True,47,78,94,107,1.6595744680851063,2.0,2.276595744680851
mar_0324,mar,True,29,26,55,86,0.896551724137931,1.896551724137931,2.9655172413793105
mar_0325,mar,True,44,49,68,102,1.1136363636363635,1.5454545454545454,2.3181818181818183
mar_0326,mar,True,30,40,47,68,1.3333333333333333,1.5666666666666667,2.2666666666666666
mar_0327,mar,True,14,19,26,39,1.3571428571428572,1.8571428571428572,2.7857142857142856
mar_0328,mar,True,31,42,46,69,1.3548387096774193,1.4838709677419355,2.225806451612903
mar_0329,mar,True,21,27,36,59,1.2857142857142858,1.7142857142857142,2.8095238095238093
mar_0330,mar,True,22,30,40,58,1.3636363636363635,1.8181818181818181,2.6363636363636362
mar_0331,mar,True,39,45,70,94,1.1538461538461537,1.794871794871795,2.41025641025641
mar_0332,mar,True,25,39,50,79,1.56,2.0,3.16
mar_0333,mar,True,17,21,25,38,1.2352941176470589,1.4705882352941178,2.235294117647059
mar_0334,mar,True,22,28,40,63,1.2727272727272727,1.8181818181818181,2.8636363636363638
mar_0335,mar,True,23,21,38,48,0.9130434782608695,1.6521739130434783,2.0869565217391304
mar_0336,mar,True,22,34,44,64,1.5454545454545454,2.0,2.909090909090909
mar_0337,mar,True,31,25,47,70,0.8064516129032258,1.5161290322580645,2.2580645161290325
mar_0338,mar,True,20,24,32,47,1.2,1.6,2.35
mar_0339,mar,True,29,32,52,70,1.103448275862069,1.793103448275862,2.413793103448276
mar_0340,mar,True,35,42,64,96,1.2,1.8285714285714285,2.742857142857143
mar_0341,mar,True,40,41,65,90,1.025,1.625,2.25
mar_0342,mar,True,20,25,38,53,1.25,1.9,2.65
mar_0343,mar,True,25,37,48,66,1.48,1.92,2.64
mar_0344,mar,True,34,46,69,93,1.3529411764705883,2.0294117647058822,2.735294117647059
mar_0345,mar,True,38,44,62,84,1.1578947368421053,1.631578947368421,2.210526315789474
mar_0346,mar,True,25,21,23,31,0.84,0.92,1.24
mar_0347,mar,True,33,30,46,68,0.9090909090909091,1.393939393939394,2.0606060606060606
mar_0348,mar,True,30,37,53,73,1.2333333333333334,1.7666666666666666,2.433333333333333
mar_0349,mar,True,36,44,65,103,1.2222222222222223,1.8055555555555556,2.861111111111111
mar_0350,mar,True,19,25,30,48,1.3157894736842106,1.5789473684210527,2.526315789473684
mar_0351,mar,True,24,28,37,62,1.1666666666666667,1.5416666666666667,2.5833333333333335
mar_0352,mar,True,42,22,32,43,0.5238095238095238,0.7619047619047619,1.0238095238095237
mar_0353,mar,True,41,45,58,89,1.0975609756097562,1.4146341463414633,2.1707317073170733
mar_0354,mar,True,43,43,61,93,1.0,1.4186046511627908,2.1627906976744184
mar_0355,mar,True,29,39,50,58,1.3448275862068966,1.7241379310344827,2.0
mar_0356,mar,True,26,30,51,82,1.1538461538461537,1.9615384615384615,3.1538461538461537
mar_0357,mar,True,19,14,27,33,0.7368421052631579,1.4210526315789473,1.736842105263158
mar_0358,mar,True,45,57,66,113,1.2666666666666666,1.4666666666666666,2.511111111111111
mar_0359,mar,True,16,22,37,55,1.375,2.3125,3.4375
mar_0360,mar,True,45,56,72,120,1.2444444444444445,1.6,2.6666666666666665
mar_0361,mar,True,40,46,53,80,1.15,1.325,2.0
mar_0362,mar,True,24,34,45,53,1.4166666666666667,1.875,2.2083333333333335
mar_0363,mar,True,28,40,55,74,1.4285714285714286,1.9642857142857142,2.642857142857143
mar_0364,mar,True,34,39,56,87,1.1470588235294117,1.6470588235294117,2.5588235294117645
mar_0365,mar,True,26,30,47,65,1.1538461538461537,1.8076923076923077,2.5
mar_0366,mar,True,46,63,102,139,1.3695652173913044,2.217391304347826,3.0217391304347827
mar_0367,mar,True,35,41,51,87,1.1714285714285715,1.457142857142857,2.4857142857142858
mar_0368,mar,True,28,42,51,76,1.5,1.8214285714285714,2.7142857142857144
mar_0369,mar,True,35,36,51,66,1.0285714285714285,1.457142857142857,1.8857142857142857
mar_0370,mar,True,25,26,41,55,1.04,1.64,2.2
mar_0371,mar,True,23,26,35,42,1.1304347826086956,1.5217391304347827,1.826086956521739
mar_0372,mar,True,16,16,26,29,1.0,1.625,1.8125
mar_0373,mar,True,25,28,38,49,1.12,1.52,1.96
mar_0374,mar,True,25,23,42,60,0.92,1.68,2.4
mar_0375,mar,True,24,29,43,62,1.2083333333333333,1.7916666666666667,2.5833333333333335
mar_0376,mar,True,17,21,25,35,1.2352941176470589,1.4705882352941178,2.0588235294117645
mar_0377,mar,True,24,32,43,57,1.3333333333333333,1.7916666666666667,2.375
mar_0378,mar,True,17,25,29,39,1.4705882352941178,1.7058823529411764,2.2941176470588234
mar_0379,mar,True,23,28,42,60,1.2173913043478262,1.826086956521739,2.608695652173913
mar_0380,mar,True,23,30,31,48,1.3043478260869565,1.3478260869565217,2.0869565217391304
mar_0381,mar,True,40,53,72,99,1.325,1.8,2.475
mar_0382,mar,True,37,53,73,94,1.4324324324324325,1.972972972972973,2.5405405405405403
mar_0383,mar,True,26,26,46,68,1.0,1.7692307692307692,2.6153846153846154
mar_0384,mar,True,30,30,46,64,1.0,1.5333333333333334,2.1333333333333333
mar_0385,mar,True,24,15,26,39,0.625,1.0833333333333333,1.625
mar_0386,mar,True,27,34,50,63,1.2592592592592593,1.8518518518518519,2.3333333333333335
mar_0387,mar,True,22,27,40,63,1.2272727272727273,1.8181818181818181,2.8636363636363638
mar_0388,mar,True,29,36,47,63,1.2413793103448276,1.6206896551724137,2.1724137931034484
mar_0389,mar,True,41,59,80,117,1.4390243902439024,1.951219512195122,2.8536585365853657
mar_0390,mar,True,33,37,55,78,1.121212121212121,1.6666666666666667,2.3636363636363638
mar_0391,mar,True,27,34,41,59,1.2592592592592593,1.5185185185185186,2.185185185185185
mar_0392,mar,True,26,26,36,49,1.0,1.3846153846153846,1.8846153846153846
mar_0393,mar,True,43,44,71,105,1.0232558139534884,1.6511627906976745,2.441860465116279
mar_0394,mar,True,20,23,35,54,1.15,1.75,2.7
mar_0395,mar,True,54,53,77,110,0.9814814814814815,1.4259259259259258,2.037037037037037
mar_0396,mar,True,75,89,111,148,1.1866666666666668,1.48,1.9733333333333334
mar_0397,mar,True,40,51,71,99,1.275,1.775,2.475
mar_0398,mar,True,29,47,50,75,1.6206896551724137,1.7241379310344827,2.586206896551724
mar_0399,mar,True,27,31,46,57,1.1481481481481481,1.7037037037037037,2.111111111111111
mar_0400,mar,True,36,37,48,67,1.0277777777777777,1.3333333333333333,1.8611111111111112
mar_0401,mar,True,36,50,70,101,1.3888888888888888,1.9444444444444444,2.8055555555555554
mar_0402,mar,True,20,26,38,62,1.3,1.9,3.1
mar_0403,mar,True,40,45,62,88,1.125,1.55,2.2
mar_0404,mar,True,35,32,43,62,0.9142857142857143,1.2285714285714286,1.7714285714285714
mar_0405,mar,True,20,22,30,46,1.1,1.5,2.3
mar_0406,mar,True,17,24,37,51,1.411764705882353,2.176470588235294,3.0
mar_0407,mar,True,25,35,42,57,1.4,1.68,2.28
mar_0408,mar,True,39,48,61,90,1.2307692307692308,1.564102564102564,2.3076923076923075
mar_0409,mar,True,51,47,53,87,0.9215686274509803,1.0392156862745099,1.7058823529411764
mar_0410,mar,True,16,23,33,47,1.4375,2.0625,2.9375
mar_0411,mar,True,24,15,26,34,0.625,1.0833333333333333,1.4166666666666667
mar_0412,mar,True,30,28,47,70,0.9333333333333333,1.5666666666666667,2.3333333333333335
mar_0413,mar,True,30,31,48,70,1.0333333333333334,1.6,2.3333333333333335
mar_0414,mar,True,24,24,25,43,1.0,1.0416666666666667,1.7916666666666667
mar_0415,mar,True,17,16,19,28,0.9411764705882353,1.1176470588235294,1.6470588235294117
mar_0416,mar,True,18,21,27,40,1.1666666666666667,1.5,2.2222222222222223
mar_0417,mar,True,30,27,49,67,0.9,1.6333333333333333,2.2333333333333334
mar_0418,mar,True,23,22,28,50,0.9565217391304348,1.2173913043478262,2.1739130434782608
mar_0419,mar,True,25,13,17,26,0.52,0.68,1.04
mar_0420,mar,True,20,26,41,67,1.3,2.05,3.35
mar_0421,mar,True,32,33,55,74,1.03125,1.71875,2.3125
mar_0422,mar,True,22,28,39,53,1.2727272727272727,1.7727272727272727,2.409090909090909
mar_0423,mar,True,43,47,82,122,1.0930232558139534,1.9069767441860466,2.8372093023255816
mar_0424,mar,True,22,21,30,45,0.9545454545454546,1.3636363636363635,2.0454545454545454
mar_0425,mar,True,28,17,22,36,0.6071428571428571,0.7857142857142857,1.2857142857142858
mar_0426,mar,True,29,39,53,71,1.3448275862068966,1.8275862068965518,2.4482758620689653
mar_0427,mar,True,41,54,89,112,1.3170731707317074,2.1707317073170733,2.731707317073171
mar_0428,mar,True,32,42,56,86,1.3125,1.75,2.6875
mar_0429,mar,True,40,54,70,110,1.35,1.75,2.75
mar_0430,mar,True,21,23,30,43,1.0952380952380953,1.4285714285714286,2.0476190476190474
mar_0431,mar,True,29,35,51,72,1.206896551724138,1.7586206896551724,2.4827586206896552
mar_0432,mar,True,37,46,65,89,1.2432432432432432,1.7567567567567568,2.4054054054054053
mar_0433,mar,True,47,69,95,139,1.4680851063829787,2.021276595744681,2.9574468085106385
mar_0434,mar,True,30,34,43,66,1.1333333333333333,1.4333333333333333,2.2
mar_0435,mar,True,26,33,43,66,1.2692307692307692,1.6538461538461537,2.5384615384615383
mar_0436,mar,True,37,53,72,85,1.4324324324324325,1.945945945945946,2.2972972972972974
mar_0437,mar,True,13,17,17,26,1.3076923076923077,1.3076923076923077,2.0
mar_0438,mar,True,29,33,40,63,1.1379310344827587,1.3793103448275863,2.1724137931034484
mar_0439,mar,True,30,30,46,63,1.0,1.5333333333333334,2.1
mar_0440,mar,True,34,42,44,70,1.2352941176470589,1.2941176470588236,2.0588235294117645
mar_0441,mar,True,28,32,50,74,1.1428571428571428,1.7857142857142858,2.642857142857143
mar_0442,mar,True,41,47,71,96,1.146341463414634,1.7317073170731707,2.341463414634146
mar_0443,mar,True,50,50,70,97,1.0,1.4,1.94
mar_0444,mar,True,35,29,37,60,0.8285714285714286,1.0571428571428572,1.7142857142857142
mar_0445,mar,True,15,15,21,30,1.0,1.4,2.0
mar_0446,mar,True,25,27,44,67,1.08,1.76,2.68
mar_0447,mar,True,14,18,25,41,1.2857142857142858,1.7857142857142858,2.9285714285714284
mar_0448,mar,True,28,43,56,84,1.5357142857142858,2.0,3.0
mar_0449,mar,True,22,28,37,49,1.2727272727272727,1.6818181818181819,2.227272727272727
mar_0450,mar,True,21,21,31,48,1.0,1.4761904761904763,2.2857142857142856
mar_0451,mar,True,36,50,70,101,1.3888888888888888,1.9444444444444444,2.8055555555555554
mar_0452,mar,True,44,47,64,98,1.0681818181818181,1.4545454545454546,2.227272727272727
mar_0453,mar,True,30,32,38,55,1.0666666666666667,1.2666666666666666,1.8333333333333333
mar_0454,mar,True,15,13,27,39,0.8666666666666667,1.8,2.6
mar_0455,mar,True,15,22,31,46,1.4666666666666666,2.066666666666667,3.066666666666667
mar_0456,mar,True,16,25,31,41,1.5625,1.9375,2.5625
mar_0457,mar,True,29,40,53,76,1.3793103448275863,1.8275862068965518,2.6206896551724137
mar_0458,mar,True,40,53,70,110,1.325,1.75,2.75
mar_0459,mar,True,36,50,75,97,1.3888888888888888,2.0833333333333335,2.6944444444444446
mar_0460,mar,True,26,33,43,56,1.2692307692307692,1.6538461538461537,2.1538461538461537
mar_0461,mar,True,31,31,39,62,1.0,1.2580645161290323,2.0
mar_0462,mar,True,21,21,30,46,1.0,1.4285714285714286,2.1904761904761907
mar_0463,mar,True,36,31,49,74,0.8611111111111112,1.3611111111111112,2.0555555555555554
mar_0464,mar,True,29,35,46,78,1.206896551724138,1.5862068965517242,2.689655172413793
mar_0465,mar,True,35,39,59,89,1.1142857142857143,1.6857142857142857,2.5428571428571427
mar_0466,mar,True,21,23,29,39,1.0952380952380953,1.380952380952381,1.8571428571428572
mar_0467,mar,True,25,33,41,56,1.32,1.64,2.24
mar_0468,mar,True,39,44,60,80,1.1282051282051282,1.5384615384615385,2.051282051282051
mar_0469,mar,True,21,26,38,52,1.2380952380952381,1.8095238095238095,2.4761904761904763
mar_0470,mar,True,17,30,42,60,1.7647058823529411,2.4705882352941178,3.5294117647058822
mar_0471,mar,True,24,25,36,56,1.0416666666666667,1.5,2.3333333333333335
mar_0472,mar,True,28,33,48,72,1.1785714285714286,1.7142857142857142,2.5714285714285716
mar_0473,mar,True,15,22,30,38,1.4666666666666666,2.0,2.533333333333333
mar_0474,mar,True,35,46,59,82,1.3142857142857143,1.6857142857142857,2.342857142857143
mar_0475,mar,True,42,57,70,98,1.3571428571428572,1.6666666666666667,2.3333333333333335
mar_0476,mar,True,19,25,31,46,1.3157894736842106,1.631578947368421,2.4210526315789473
mar_0477,mar,True,40,44,57,90,1.1,1.425,2.25
mar_0478,mar,True,17,21,40,53,1.2352941176470589,2.3529411764705883,3.1176470588235294
mar_0479,mar,True,34,41,48,70,1.2058823529411764,1.411764705882353,2.0588235294117645
mar_0480,mar,True,30,35,53,68,1.1666666666666667,1.7666666666666666,2.2666666666666666
mar_0481,mar,True,32,41,49,81,1.28125,1.53125,2.53125
mar_0482,mar,True,19,24,34,52,1.263157894736842,1.7894736842105263,2.736842105263158
mar_0483,mar,True,20,19,28,41,0.95,1.4,2.05
mar_0484,mar,True,40,41,51,70,1.025,1.275,1.75
mar_0485,mar,True,17,17,29,42,1.0,1.7058823529411764,2.4705882352941178
mar_0486,mar,True,21,28,34,47,1.3333333333333333,1.619047619047619,2.238095238095238
mar_0487,mar,True,14,25,38,42,1.7857142857142858,2.7142857142857144,3.0
mar_0488,mar,True,43,43,62,93,1.0,1.441860465116279,2.1627906976744184
mar_0489,mar,True,45,62,77,110,1.3777777777777778,1.711111111111111,2.4444444444444446
mar_0490,mar,True,43,41,69,101,0.9534883720930233,1.6046511627906976,2.3488372093023258
mar_0491,mar,True,21,21,32,51,1.0,1.5238095238095237,2.4285714285714284
mar_0492,mar,True,35,31,44,63,0.8857142857142857,1.2571428571428571,1.8
mar_0493,mar,True,45,59,79,111,1.3111111111111111,1.7555555555555555,2.466666666666667
mar_0494,mar,True,21,22,28,43,1.0476190476190477,1.3333333333333333,2.0476190476190474
mar_0495,mar,True,42,45,66,89,1.0714285714285714,1.5714285714285714,2.119047619047619
mar_0496,mar,True,27,32,40,69,1.1851851851851851,1.4814814814814814,2.5555555555555554
mar_0497,mar,True,28,39,46,76,1.3928571428571428,1.6428571428571428,2.7142857142857144
mar_0498,mar,True,27,32,39,59,1.1851851851851851,1.4444444444444444,2.185185185185185
mar_0499,mar,True,20,20,30,41,1.0,1.5,2.05
mar_0500,mar,True,26,21,39,61,0.8076923076923077,1.5,2.3461538461538463
mar_0501,mar,True,42,53,67,95,1.2619047619047619,1.5952380952380953,2.261904761904762
mar_0502,mar,True,34,43,65,86,1.2647058823529411,1.911764705882353,2.5294117647058822
mar_0503,mar,True,31,33,59,78,1.064516129032258,1.903225806451613,2.5161290322580645
mar_0504,mar,True,24,33,49,79,1.375,2.0416666666666665,3.2916666666666665
mar_0505,mar,True,23,34,43,67,1.4782608695652173,1.8695652173913044,2.9130434782608696
mar_0506,mar,True,44,34,48,57,0.7727272727272727,1.0909090909090908,1.2954545454545454
mar_0507,mar,True,36,29,36,55,0.8055555555555556,1.0,1.5277777777777777
mar_0508,mar,True,32,46,71,92,1.4375,2.21875,2.875
mar_0509,mar,True,29,32,60,74,1.103448275862069,2.0689655172413794,2.5517241379310347
mar_0510,mar,True,31,30,51,62,0.967741935483871,1.6451612903225807,2.0
mar_0511,mar,True,44,27,39,53,0.6136363636363636,0.8863636363636364,1.2045454545454546
mar_0512,mar,True,71,87,109,161,1.2253521126760563,1.5352112676056338,2.267605633802817
mar_0513,mar,True,40,43,62,102,1.075,1.55,2.55
mar_0514,mar,True,38,40,67,94,1.0526315789473684,1.763157894736842,2.473684210526316
mar_0515,mar,True,20,19,31,43,0.95,1.55,2.15
mar_0516,mar,True,45,56,75,108,1.2444444444444445,1.6666666666666667,2.4
mar_0517,mar,True,48,46,68,113,0.9583333333333334,1.4166666666666667,2.3541666666666665
mar_0518,mar,True,36,44,58,89,1.2222222222222223,1.6111111111111112,2.4722222222222223
mar_0519,mar,True,41,49,76,114,1.1951219512195121,1.853658536585366,2.7804878048780486
mar_0520,mar,True,35,27,31,43,0.7714285714285715,0.8857142857142857,1.2285714285714286
mar_0521,mar,True,38,42,62,82,1.105263157894737,1.631578947368421,2.1578947368421053
mar_0522,mar,True,39,48,80,118,1.2307692307692308,2.051282051282051,3.0256410256410255
mar_0523,mar,True,39,51,74,112,1.3076923076923077,1.8974358974358974,2.871794871794872
mar_0524,mar,True,37,21,31,46,0.5675675675675675,0.8378378378378378,1.2432432432432432
mar_0525,mar,True,48,62,91,109,1.2916666666666667,1.8958333333333333,2.2708333333333335
mar_0526,mar,True,29,27,56,67,0.9310344827586207,1.9310344827586208,2.310344827586207
mar_0527,mar,True,30,40,54,80,1.3333333333333333,1.8,2.6666666666666665
mar_0528,mar,True,43,42,55,78,0.9767441860465116,1.2790697674418605,1.813953488372093
mar_0529,mar,True,33,36,50,77,1.0909090909090908,1.5151515151515151,2.3333333333333335
mar_0530,mar,True,29,41,62,79,1.4137931034482758,2.1379310344827585,2.7241379310344827
mar_0531,mar,True,75,77,110,138,1.0266666666666666,1.4666666666666666,1.84
mar_0532,mar,True,38,38,67,96,1.0,1.763157894736842,2.526315789473684
mar_0533,mar,True,54,61,88,127,1.1296296296296295,1.6296296296296295,2.3518518518518516
mar_0534,mar,True,25,31,48,65,1.24,1.92,2.6
mar_0535,mar,True,22,26,37,53,1.1818181818181819,1.6818181818181819,2.409090909090909
mar_0536,mar,False,16,20,24,36,1.25,1.5,2.25
mar_0537,mar,True,36,54,73,104,1.5,2.0277777777777777,2.888888888888889
mar_0538,mar,True,25,33,49,77,1.32,1.96,3.08
mar_0539,mar,True,21,17,25,40,0.8095238095238095,1.1904761904761905,1.9047619047619047
mar_0540,mar,True,41,72,96,126,1.7560975609756098,2.341463414634146,3.073170731707317
mar_0541,mar,True,31,32,40,66,1.032258064516129,1.2903225806451613,2.129032258064516
mar_0542,mar,True,17,17,26,39,1.0,1.5294117647058822,2.2941176470588234
mar_0543,mar,True,35,36,50,74,1.0285714285714285,1.4285714285714286,2.1142857142857143
mar_0544,mar,True,29,41,52,80,1.4137931034482758,1.793103448275862,2.7586206896551726
mar_0545,mar,True,26,26,40,66,1.0,1.5384615384615385,2.5384615384615383
mar_0546,mar,True,21,29,40,55,1.380952380952381,1.9047619047619047,2.619047619047619
mar_0547,mar,True,28,32,40,59,1.1428571428571428,1.4285714285714286,2.107142857142857
mar_0548,mar,True,40,43,52,79,1.075,1.3,1.975
mar_0549,mar,True,54,50,77,103,0.9259259259259259,1.4259259259259258,1.9074074074074074
mar_0550,mar,True,19,20,23,36,1.0526315789473684,1.2105263157894737,1.894736842105263
mar_0551,mar,True,38,48,71,106,1.263157894736842,1.868421052631579,2.789473684210526
mar_0552,mar,True,25,37,51,82,1.48,2.04,3.28
mar_0553,mar,True,26,26,39,56,1.0,1.5,2.1538461538461537
mar_0554,mar,True,50,65,93,129,1.3,1.86,2.58
mar_0555,mar,True,20,24,41,52,1.2,2.05,2.6
mar_0556,mar,True,33,36,49,77,1.0909090909090908,1.4848484848484849,2.3333333333333335
mar_0557,mar,True,14,14,24,33,1.0,1.7142857142857142,2.357142857142857
mar_0558,mar,True,39,47,80,119,1.205128205128205,2.051282051282051,3.051282051282051
mar_0559,mar,True,21,24,31,42,1.1428571428571428,1.4761904761904763,2.0
mar_0560,mar,True,50,65,93,129,1.3,1.86,2.58
mar_0561,mar,True,34,40,46,73,1.1764705882352942,1.3529411764705883,2.1470588235294117
mar_0562,mar,True,25,35,43,67,1.4,1.72,2.68
mar_0563,mar,True,38,36,64,96,0.9473684210526315,1.6842105263157894,2.526315789473684
mar_0564,mar,True,29,36,51,86,1.2413793103448276,1.7586206896551724,2.9655172413793105
mar_0565,mar,True,22,26,48,64,1.1818181818181819,2.1818181818181817,2.909090909090909
mar_0566,mar,True,11,13,18,25,1.1818181818181819,1.6363636363636365,2.272727272727273
mar_0567,mar,True,41,47,75,117,1.146341463414634,1.829268292682927,2.8536585365853657
mar_0568,mar,True,35,44,62,92,1.2571428571428571,1.7714285714285714,2.6285714285714286
mar_0569,mar,True,22,27,36,54,1.2272727272727273,1.6363636363636365,2.4545454545454546
mar_0570,mar,True,19,25,31,46,1.3157894736842106,1.631578947368421,2.4210526315789473
mar_0571,mar,True,48,52,85,106,1.0833333333333333,1.7708333333333333,2.2083333333333335
mar_0572,mar,True,54,59,86,129,1.0925925925925926,1.5925925925925926,2.388888888888889
mar_0573,mar,True,13,17,17,26,1.3076923076923077,1.3076923076923077,2.0
mar_0574,mar,True,31,17,22,34,0.5483870967741935,0.7096774193548387,1.096774193548387
mar_0575,mar,True,29,41,61,83,1.4137931034482758,2.103448275862069,2.8620689655172415
mar_0576,mar,True,22,26,40,49,1.1818181818181819,1.8181818181818181,2.227272727272727
mar_0577,mar,True,24,34,46,69,1.4166666666666667,1.9166666666666667,2.875
mar_0578,mar,True,33,31,38,54,0.9393939393939394,1.1515151515151516,1.6363636363636365
mar_0579,mar,True,13,17,17,26,1.3076923076923077,1.3076923076923077,2.0
mar_0580,mar,True,29,27,44,64,0.9310344827586207,1.5172413793103448,2.206896551724138
mar_0581,mar,True,39,46,74,102,1.1794871794871795,1.8974358974358974,2.6153846153846154
mar_0582,mar,True,18,22,26,40,1.2222222222222223,1.4444444444444444,2.2222222222222223
mar_0583,mar,True,21,22,30,42,1.0476190476190477,1.4285714285714286,2.0
mar_0584,mar,True,26,26,46,68,1.0,1.7692307692307692,2.6153846153846154
mar_0585,mar,True,41,19,21,33,0.4634146341463415,0.5121951219512195,0.8048780487804879
mar_0586,mar,True,31,46,74,104,1.4838709677419355,2.3870967741935485,3.3548387096774195
mar_0587,mar,True,29,30,50,74,1.0344827586206897,1.7241379310344827,2.5517241379310347
mar_0588,mar,True,26,25,40,65,0.9615384615384616,1.5384615384615385,2.5
mar_0589,mar,True,54,53,77,110,0.9814814814814815,1.4259259259259258,2.037037037037037
mar_0590,mar,True,44,51,56,90,1.1590909090909092,1.2727272727272727,2.0454545454545454
mar_0591,mar,True,25,24,34,51,0.96,1.36,2.04
mar_0592,mar,True,16,18,19,36,1.125,1.1875,2.25
mar_0593,mar,True,22,30,44,65,1.3636363636363635,2.0,2.9545454545454546
mar_0594,mar,True,19,29,32,49,1.5263157894736843,1.6842105263157894,2.5789473684210527
mar_0595,mar,True,34,31,40,62,0.9117647058823529,1.1764705882352942,1.8235294117647058
mar_0596,mar,True,40,40,59,94,1.0,1.475,2.35
mar_0597,mar,True,26,28,44,69,1.0769230769230769,1.6923076923076923,2.6538461538461537
mar_0598,mar,True,27,24,36,51,0.8888888888888888,1.3333333333333333,1.8888888888888888
mar_0599,mar,True,26,36,46,71,1.3846153846153846,1.7692307692307692,2.730769230769231
mar_0600,mar,True,15,18,29,37,1.2,1.9333333333333333,2.466666666666667
mar_0601,mar,True,28,35,47,72,1.25,1.6785714285714286,2.5714285714285716
mar_0602,mar,True,34,45,66,91,1.3235294117647058,1.9411764705882353,2.676470588235294
mar_0603,mar,True,25,27,39,63,1.08,1.56,2.52
mar_0604,mar,True,47,52,75,118,1.1063829787234043,1.5957446808510638,2.5106382978723403
mar_0605,mar,True,44,51,56,91,1.1590909090909092,1.2727272727272727,2.0681818181818183
mar_0606,mar,True,28,26,39,50,0.9285714285714286,1.3928571428571428,1.7857142857142858
mar_0607,mar,True,16,20,29,39,1.25,1.8125,2.4375
mar_0608,mar,True,38,59,71,116,1.5526315789473684,1.868421052631579,3.0526315789473686
mar_0609,mar,True,14,19,21,39,1.3571428571428572,1.5,2.7857142857142856
mar_0610,mar,True,36,45,60,79,1.25,1.6666666666666667,2.1944444444444446
mar_0611,mar,True,20,29,37,53,1.45,1.85,2.65
mar_0612,mar,True,30,32,45,69,1.0666666666666667,1.5,2.3
mar_0613,mar,True,25,32,54,77,1.28,2.16,3.08
mar_0614,mar,True,23,34,43,65,1.4782608695652173,1.8695652173913044,2.8260869565217392
mar_0615,mar,True,32,42,56,86,1.3125,1.75,2.6875
mar_0616,mar,True,15,16,23,37,1.0666666666666667,1.5333333333333334,2.466666666666667
mar_0617,mar,True,27,26,37,53,0.9629629629629629,1.3703703703703705,1.962962962962963
mar_0618,mar,True,42,56,70,98,1.3333333333333333,1.6666666666666667,2.3333333333333335
mar_0619,mar,True,25,24,43,63,0.96,1.72,2.52
mar_0620,mar,True,27,28,38,54,1.037037037037037,1.4074074074074074,2.0
mar_0621,mar,True,20,17,22,36,0.85,1.1,1.8
mar_0622,mar,True,14,19,26,38,1.3571428571428572,1.8571428571428572,2.7142857142857144
mar_0623,mar,True,36,39,50,69,1.0833333333333333,1.3888888888888888,1.9166666666666667
mar_0624,mar,True,50,55,73,100,1.1,1.46,2.0
mar_0625,mar,False,25,27,39,63,1.08,1.56,2.52
mar_0626,mar,True,26,26,39,56,1.0,1.5,2.1538461538461537
mar_0627,mar,True,23,29,39,51,1.2608695652173914,1.6956521739130435,2.217391304347826
mar_0628,mar,True,35,47,65,95,1.3428571428571427,1.8571428571428572,2.7142857142857144
mar_0629,mar,True,16,19,23,31,1.1875,1.4375,1.9375
mar_0630,mar,True,36,45,74,113,1.25,2.0555555555555554,3.138888888888889
mar_0631,mar,True,22,28,44,58,1.2727272727272727,2.0,2.6363636363636362
mar_0632,mar,True,21,23,32,43,1.0952380952380953,1.5238095238095237,2.0476190476190474
mar_0633,mar,True,35,37,55,81,1.0571428571428572,1.5714285714285714,2.3142857142857145
mar_0634,mar,True,20,23,31,52,1.15,1.55,2.6
mar_0635,mar,True,45,61,77,104,1.3555555555555556,1.711111111111111,2.311111111111111
mar_0636,mar,True,29,32,44,64,1.103448275862069,1.5172413793103448,2.206896551724138
mar_0637,mar,True,29,22,36,62,0.7586206896551724,1.2413793103448276,2.1379310344827585
mar_0638,mar,True,45,60,80,120,1.3333333333333333,1.7777777777777777,2.6666666666666665
mar_0639,mar,True,50,70,107,153,1.4,2.14,3.06
mar_0640,mar,True,23,30,40,61,1.3043478260869565,1.7391304347826086,2.652173913043478
mar_0641,mar,True,49,50,69,96,1.0204081632653061,1.4081632653061225,1.9591836734693877
mar_0642,mar,True,40,30,52,74,0.75,1.3,1.85
mar_0643,mar,True,21,22,37,50,1.0476190476190477,1.7619047619047619,2.380952380952381
mar_0644,mar,True,25,32,46,68,1.28,1.84,2.72
mar_0645,mar,True,33,33,48,75,1.0,1.4545454545454546,2.272727272727273
mar_0646,mar,True,26,22,35,50,0.8461538461538461,1.3461538461538463,1.9230769230769231
mar_0647,mar,True,13,12,17,20,0.9230769230769231,1.3076923076923077,1.5384615384615385
mar_0648,mar,True,38,44,69,99,1.1578947368421053,1.8157894736842106,2.6052631578947367
mar_0649,mar,True,35,34,56,70,0.9714285714285714,1.6,2.0
mar_0650,mar,True,32,36,59,86,1.125,1.84375,2.6875
mar_0651,mar,True,21,29,44,56,1.380952380952381,2.0952380952380953,2.6666666666666665
mar_0652,mar,True,30,37,49,72,1.2333333333333334,1.6333333333333333,2.4
mar_0653,mar,True,16,20,29,39,1.25,1.8125,2.4375
mar_0654,mar,True,33,36,44,65,1.0909090909090908,1.3333333333333333,1.9696969696969697
mar_0655,mar,True,35,31,55,68,0.8857142857142857,1.5714285714285714,1.9428571428571428
mar_0656,mar,True,24,31,38,60,1.2916666666666667,1.5833333333333333,2.5
mar_0657,mar,True,30,39,58,91,1.3,1.9333333333333333,3.033333333333333
mar_0658,mar,True,40,39,49,67,0.975,1.225,1.675
mar_0659,mar,True,27,25,35,53,0.9259259259259259,1.2962962962962963,1.962962962962963
mar_0660,mar,True,39,48,64,95,1.2307692307692308,1.641025641025641,2.4358974358974357
mar_0661,mar,True,41,47,64,88,1.146341463414634,1.5609756097560976,2.1463414634146343
mar_0662,mar,True,25,23,37,59,0.92,1.48,2.36
mar_0663,mar,True,19,26,38,57,1.368421052631579,2.0,3.0
mar_0664,mar,True,28,33,55,72,1.1785714285714286,1.9642857142857142,2.5714285714285716
mar_0665,mar,True,15,18,31,37,1.2,2.066666666666667,2.466666666666667
mar_0666,mar,True,47,53,75,118,1.127659574468085,1.5957446808510638,2.5106382978723403
mar_0667,mar,True,43,45,65,100,1.0465116279069768,1.5116279069767442,2.3255813953488373
mar_0668,mar,True,22,22,36,50,1.0,1.6363636363636365,2.272727272727273
mar_0669,mar,True,29,21,31,35,0.7241379310344828,1.0689655172413792,1.206896551724138
mar_0670,mar,True,21,19,30,44,0.9047619047619048,1.4285714285714286,2.0952380952380953
mar_0671,mar,True,36,42,57,83,1.1666666666666667,1.5833333333333333,2.3055555555555554
mar_0672,mar,True,33,24,35,47,0.7272727272727273,1.0606060606060606,1.4242424242424243
mar_0673,mar,True,33,28,44,63,0.8484848484848485,1.3333333333333333,1.9090909090909092
mar_0674,mar,True,21,29,42,61,1.380952380952381,2.0,2.9047619047619047
mar_0675,mar,True,22,26,41,57,1.1818181818181819,1.8636363636363635,2.590909090909091
mar_0676,mar,True,36,45,67,95,1.25,1.8611111111111112,2.638888888888889
mar_0677,mar,True,35,37,58,90,1.0571428571428572,1.6571428571428573,2.5714285714285716
mar_0678,mar,True,11,13,16,24,1.1818181818181819,1.4545454545454546,2.1818181818181817
mar_0679,mar,True,29,30,55,75,1.0344827586206897,1.896551724137931,2.586206896551724
mar_0680,mar,True,41,39,60,86,0.9512195121951219,1.4634146341463414,2.097560975609756
mar_0681,mar,True,39,48,63,97,1.2307692307692308,1.6153846153846154,2.4871794871794872
mar_0682,mar,True,20,35,47,66,1.75,2.35,3.3
mar_0683,mar,True,35,44,52,77,1.2571428571428571,1.4857142857142858,2.2
mar_0684,mar,True,20,28,41,59,1.4,2.05,2.95
mar_0685,mar,True,18,26,32,51,1.4444444444444444,1.7777777777777777,2.8333333333333335
mar_0686,mar,True,45,57,75,108,1.2666666666666666,1.6666666666666667,2.4
mar_0687,mar,True,14,26,34,36,1.8571428571428572,2.4285714285714284,2.5714285714285716
mar_0688,mar,True,20,22,37,49,1.1,1.85,2.45
mar_0689,mar,True,26,23,40,59,0.8846153846153846,1.5384615384615385,2.269230769230769
mar_0690,mar,True,33,38,57,76,1.1515151515151516,1.7272727272727273,2.303030303030303
mar_0691,mar,True,26,26,42,58,1.0,1.6153846153846154,2.230769230769231
mar_0692,mar,True,40,55,72,99,1.375,1.8,2.475
mar_0693,mar,True,21,27,43,63,1.2857142857142858,2.0476190476190474,3.0
mar_0694,mar,True,20,30,36,51,1.5,1.8,2.55
mar_0695,mar,True,26,34,50,71,1.3076923076923077,1.9230769230769231,2.730769230769231
mar_0696,mar,True,41,42,58,81,1.024390243902439,1.4146341463414633,1.975609756097561
mar_0697,mar,True,25,30,48,73,1.2,1.92,2.92
mar_0698,mar,True,36,50,65,93,1.3888888888888888,1.8055555555555556,2.5833333333333335
mar_0699,mar,True,25,35,52,71,1.4,2.08,2.84
mar_0700,mar,True,28,34,40,62,1.2142857142857142,1.4285714285714286,2.2142857142857144
mar_0701,mar,True,25,38,52,76,1.52,2.08,3.04
mar_0702,mar,True,36,48,74,97,1.3333333333333333,2.0555555555555554,2.6944444444444446
mar_0703,mar,True,29,30,38,61,1.0344827586206897,1.3103448275862069,2.103448275862069
mar_0704,mar,True,31,27,37,54,0.8709677419354839,1.1935483870967742,1.7419354838709677
mar_0705,mar,True,23,32,43,59,1.391304347826087,1.8695652173913044,2.5652173913043477
mar_0706,mar,True,22,27,42,56,1.2272727272727273,1.9090909090909092,2.5454545454545454
mar_0707,mar,True,48,61,93,112,1.2708333333333333,1.9375,2.3333333333333335
mar_0708,mar,True,36,36,49,80,1.0,1.3611111111111112,2.2222222222222223
mar_0709,mar,True,35,44,57,81,1.2571428571428571,1.6285714285714286,2.3142857142857145
mar_0710,mar,True,23,28,37,48,1.2173913043478262,1.608695652173913,2.0869565217391304
mar_0711,mar,True,35,27,43,61,0.7714285714285715,1.2285714285714286,1.7428571428571429
mar_0712,mar,True,40,60,86,117,1.5,2.15,2.925
mar_0713,mar,True,36,42,54,78,1.1666666666666667,1.5,2.1666666666666665
mar_0714,mar,True,17,15,26,44,0.8823529411764706,1.5294117647058822,2.588235294117647
mar_0715,mar,True,28,26,44,70,0.9285714285714286,1.5714285714285714,2.5
mar_0716,mar,True,32,20,30,45,0.625,0.9375,1.40625
mar_0717,mar,True,16,22,33,50,1.375,2.0625,3.125
mar_0718,mar,True,20,18,34,52,0.9,1.7,2.6
mar_0719,mar,True,23,29,41,59,1.2608695652173914,1.7826086956521738,2.5652173913043477
mar_0720,mar,True,71,87,109,161,1.2253521126760563,1.5352112676056338,2.267605633802817
mar_0721,mar,True,26,28,37,49,1.0769230769230769,1.4230769230769231,1.8846153846153846
mar_0722,mar,True,33,40,47,67,1.2121212121212122,1.4242424242424243,2.0303030303030303
mar_0723,mar,True,21,30,34,49,1.4285714285714286,1.619047619047619,2.3333333333333335
mar_0724,mar,True,44,53,83,107,1.2045454545454546,1.8863636363636365,2.4318181818181817
mar_0725,mar,True,29,31,42,61,1.0689655172413792,1.4482758620689655,2.103448275862069
mar_0726,mar,True,35,46,63,88,1.3142857142857143,1.8,2.5142857142857142
mar_0727,mar,True,21,27,43,62,1.2857142857142858,2.0476190476190474,2.9523809523809526
mar_0728,mar,True,20,29,39,53,1.45,1.95,2.65
mar_0729,mar,True,38,52,65,119,1.368421052631579,1.7105263157894737,3.1315789473684212
mar_0730,mar,True,29,35,46,78,1.206896551724138,1.5862068965517242,2.689655172413793
mar_0731,mar,True,27,33,48,68,1.2222222222222223,1.7777777777777777,2.5185185185185186
mar_0732,mar,True,21,22,28,44,1.0476190476190477,1.3333333333333333,2.0952380952380953
mar_0733,mar,True,11,19,22,29,1.7272727272727273,2.0,2.6363636363636362
mar_0734,mar,True,35,44,57,81,1.2571428571428571,1.6285714285714286,2.3142857142857145
mar_0735,mar,True,16,20,29,39,1.25,1.8125,2.4375
mar_0736,mar,True,40,53,72,92,1.325,1.8,2.3
mar_0737,mar,True,29,31,50,73,1.0689655172413792,1.7241379310344827,2.5172413793103448
mar_0738,mar,True,27,25,35,47,0.9259259259259259,1.2962962962962963,1.7407407407407407
mar_0739,mar,True,71,82,109,165,1.1549295774647887,1.5352112676056338,2.323943661971831
mar_0740,mar,True,32,41,60,89,1.28125,1.875,2.78125
mar_0741,mar,True,32,42,66,91,1.3125,2.0625,2.84375
mar_0742,mar,True,36,48,76,112,1.3333333333333333,2.111111111111111,3.111111111111111
mar_0743,mar,True,38,43,70,95,1.131578947368421,1.8421052631578947,2.5
mar_0744,mar,True,16,17,21,33,1.0625,1.3125,2.0625
mar_0745,mar,True,38,57,70,116,1.5,1.8421052631578947,3.0526315789473686
mar_0746,mar,True,29,31,59,91,1.0689655172413792,2.0344827586206895,3.1379310344827585
mar_0747,mar,True,29,28,48,68,0.9655172413793104,1.6551724137931034,2.3448275862068964
mar_0748,mar,True,29,31,43,63,1.0689655172413792,1.4827586206896552,2.1724137931034484
mar_0749,mar,True,35,39,47,71,1.1142857142857143,1.3428571428571427,2.0285714285714285
mar_0750,mar,True,14,19,26,38,1.3571428571428572,1.8571428571428572,2.7142857142857144
mar_0751,mar,True,47,35,43,66,0.7446808510638298,0.9148936170212766,1.4042553191489362
mar_0752,mar,True,11,18,22,29,1.6363636363636365,2.0,2.6363636363636362
mar_0753,mar,True,20,16,26,40,0.8,1.3,2.0
mar_0754,mar,True,29,39,53,71,1.3448275862068966,1.8275862068965518,2.4482758620689653
mar_0755,mar,True,16,9,19,24,0.5625,1.1875,1.5
mar_0756,mar,True,36,50,65,93,1.3888888888888888,1.8055555555555556,2.5833333333333335
mar_0757,mar,True,35,39,47,71,1.1142857142857143,1.3428571428571427,2.0285714285714285
mar_0758,mar,True,40,54,80,113,1.35,2.0,2.825
mar_0759,mar,True,29,31,43,63,1.0689655172413792,1.4827586206896552,2.1724137931034484
mar_0760,mar,True,35,48,65,94,1.3714285714285714,1.8571428571428572,2.6857142857142855
mar_0761,mar,True,42,51,64,102,1.2142857142857142,1.5238095238095237,2.4285714285714284
mar_0762,mar,True,32,41,58,91,1.28125,1.8125,2.84375
mar_0763,mar,True,22,26,39,49,1.1818181818181819,1.7727272727272727,2.227272727272727
mar_0764,mar,True,25,29,48,70,1.16,1.92,2.8
mar_0765,mar,True,28,33,55,72,1.1785714285714286,1.9642857142857142,2.5714285714285716
mar_0766,mar,True,23,26,39,57,1.1304347826086956,1.6956521739130435,2.4782608695652173
mar_0767,mar,True,54,68,89,126,1.2592592592592593,1.6481481481481481,2.3333333333333335
mar_0768,mar,True,35,37,58,90,1.0571428571428572,1.6571428571428573,2.5714285714285716
mar_0769,mar,True,36,46,60,79,1.2777777777777777,1.6666666666666667,2.1944444444444446
mar_0770,mar,True,38,42,70,105,1.105263157894737,1.8421052631578947,2.763157894736842
mar_0771,mar,True,29,27,48,60,0.9310344827586207,1.6551724137931034,2.0689655172413794
mar_0772,mar,True,34,35,49,72,1.0294117647058822,1.4411764705882353,2.1176470588235294
mar_0773,mar,True,45,61,77,107,1.3555555555555556,1.711111111111111,2.3777777777777778
mar_0774,mar,True,36,45,55,90,1.25,1.5277777777777777,2.5
mar_0775,mar,True,20,26,38,58,1.3,1.9,2.9
mar_0776,mar,True,28,28,39,44,1.0,1.3928571428571428,1.5714285714285714
mar_0777,mar,True,22,22,29,47,1.0,1.3181818181818181,2.1363636363636362
mar_0778,mar,True,23,29,41,58,1.2608695652173914,1.7826086956521738,2.5217391304347827
mar_0779,mar,True,34,43,61,93,1.2647058823529411,1.7941176470588236,2.735294117647059
mar_0780,mar,True,29,26,55,86,0.896551724137931,1.896551724137931,2.9655172413793105
mar_0781,mar,True,14,19,25,37,1.3571428571428572,1.7857142857142858,2.642857142857143
mar_0782,mar,True,23,25,36,48,1.0869565217391304,1.565217391304348,2.0869565217391304
mar_0783,mar,True,24,37,46,66,1.5416666666666667,1.9166666666666667,2.75
mar_0784,mar,True,36,30,42,62,0.8333333333333334,1.1666666666666667,1.7222222222222223
mar_0785,mar,True,44,55,73,99,1.25,1.6590909090909092,2.25
mar_0786,mar,True,42,46,62,99,1.0952380952380953,1.4761904761904763,2.357142857142857
mar_0787,mar,True,22,31,46,65,1.4090909090909092,2.090909090909091,2.9545454545454546
mar_0788,mar,True,22,18,25,40,0.8181818181818182,1.1363636363636365,1.8181818181818181
mar_0789,mar,True,28,27,41,57,0.9642857142857143,1.4642857142857142,2.0357142857142856
mar_0790,mar,True,43,45,71,103,1.0465116279069768,1.6511627906976745,2.395348837209302
mar_0791,mar,True,42,43,69,84,1.0238095238095237,1.6428571428571428,2.0
mar_0792,mar,True,16,22,31,52,1.375,1.9375,3.25
mar_0793,mar,True,16,13,23,32,0.8125,1.4375,2.0
mar_0794,mar,True,20,27,36,56,1.35,1.8,2.8
mar_0795,mar,True,18,27,29,48,1.5,1.6111111111111112,2.6666666666666665
mar_0796,mar,True,27,33,41,62,1.2222222222222223,1.5185185185185186,2.2962962962962963
mar_0797,mar,True,42,27,38,45,0.6428571428571429,0.9047619047619048,1.0714285714285714
mar_0798,mar,True,25,44,61,92,1.76,2.44,3.68
mar_0799,mar,True,32,38,49,72,1.1875,1.53125,2.25
mar_0800,mar,True,23,31,36,48,1.3478260869565217,1.565217391304348,2.0869565217391304
mar_0801,mar,True,20,19,25,37,0.95,1.25,1.85
mar_0802,mar,True,41,43,65,99,1.048780487804878,1.5853658536585367,2.4146341463414633
mar_0803,mar,True,16,17,28,45,1.0625,1.75,2.8125
mar_0804,mar,True,50,52,71,101,1.04,1.42,2.02
mar_0805,mar,True,28,34,47,72,1.2142857142857142,1.6785714285714286,2.5714285714285716
mar_0806,mar,True,25,26,47,68,1.04,1.88,2.72
mar_0807,mar,True,32,35,54,74,1.09375,1.6875,2.3125
mar_0808,mar,True,33,50,62,100,1.5151515151515151,1.878787878787879,3.0303030303030303
mar_0809,mar,True,45,51,65,108,1.1333333333333333,1.4444444444444444,2.4
mar_0810,mar,True,49,49,71,96,1.0,1.4489795918367347,1.9591836734693877
mar_0811,mar,True,44,46,59,95,1.0454545454545454,1.3409090909090908,2.159090909090909
mar_0812,mar,True,38,41,69,91,1.0789473684210527,1.8157894736842106,2.3947368421052633
mar_0813,mar,True,35,30,49,69,0.8571428571428571,1.4,1.9714285714285715
mar_0814,mar,True,21,21,30,37,1.0,1.4285714285714286,1.7619047619047619
mar_0815,mar,True,15,17,23,36,1.1333333333333333,1.5333333333333334,2.4
mar_0816,mar,True,16,10,16,19,0.625,1.0,1.1875
mar_0817,mar,True,38,41,69,91,1.0789473684210527,1.8157894736842106,2.3947368421052633
mar_0818,mar,True,28,37,43,71,1.3214285714285714,1.5357142857142858,2.5357142857142856
mar_0819,mar,True,30,41,64,94,1.3666666666666667,2.1333333333333333,3.1333333333333333
mar_0820,mar,True,24,29,37,48,1.2083333333333333,1.5416666666666667,2.0
mar_0821,mar,True,45,44,62,87,0.9777777777777777,1.3777777777777778,1.9333333333333333
mar_0822,mar,True,29,35,53,74,1.206896551724138,1.8275862068965518,2.5517241379310347
mar_0823,mar,True,35,26,49,58,0.7428571428571429,1.4,1.6571428571428573
mar_0824,mar,True,42,49,77,93,1.1666666666666667,1.8333333333333333,2.2142857142857144
mar_0825,mar,True,14,27,46,50,1.9285714285714286,3.2857142857142856,3.5714285714285716
mar_0826,mar,True,13,17,19,26,1.3076923076923077,1.4615384615384615,2.0
mar_0827,mar,True,27,33,49,62,1.2222222222222223,1.8148148148148149,2.2962962962962963
mar_0828,mar,True,35,30,37,52,0.8571428571428571,1.0571428571428572,1.4857142857142858
mar_0829,mar,True,48,44,60,100,0.9166666666666666,1.25,2.0833333333333335
mar_0830,mar,True,25,35,47,68,1.4,1.88,2.72
mar_0831,mar,True,26,32,38,57,1.2307692307692308,1.4615384615384615,2.1923076923076925
mar_0832,mar,True,38,48,61,86,1.263157894736842,1.605263157894737,2.263157894736842
mar_0833,mar,True,23,33,38,51,1.434782608695652,1.6521739130434783,2.217391304347826
mar_0834,mar,True,24,15,27,43,0.625,1.125,1.7916666666666667
mar_0835,mar,True,21,22,31,41,1.0476190476190477,1.4761904761904763,1.9523809523809523
mar_0836,mar,True,36,45,59,100,1.25,1.6388888888888888,2.7777777777777777
mar_0837,mar,True,39,43,68,100,1.1025641025641026,1.7435897435897436,2.5641025641025643
mar_0838,mar,True,41,70,84,122,1.7073170731707317,2.048780487804878,2.975609756097561
mar_0839,mar,True,22,18,33,31,0.8181818181818182,1.5,1.4090909090909092
mar_0840,mar,True,32,41,60,89,1.28125,1.875,2.78125
mar_0841,mar,True,24,25,34,44,1.0416666666666667,1.4166666666666667,1.8333333333333333
mar_0842,mar,True,37,46,64,97,1.2432432432432432,1.7297297297297298,2.6216216216216215
mar_0843,mar,True,20,31,41,61,1.55,2.05,3.05
mar_0844,mar,True,33,43,65,101,1.303030303030303,1.9696969696969697,3.0606060606060606
mar_0845,mar,True,40,38,55,95,0.95,1.375,2.375
mar_0846,mar,True,45,61,77,107,1.3555555555555556,1.711111111111111,2.3777777777777778
mar_0847,mar,True,41,46,63,91,1.1219512195121952,1.5365853658536586,2.2195121951219514
mar_0848,mar,True,26,33,47,71,1.2692307692307692,1.8076923076923077,2.730769230769231
mar_0849,mar,True,35,26,38,59,0.7428571428571429,1.0857142857142856,1.6857142857142857
mar_0850,mar,True,39,56,91,132,1.435897435897436,2.3333333333333335,3.3846153846153846
mar_0851,mar,True,31,33,44,65,1.064516129032258,1.4193548387096775,2.096774193548387
mar_0852,mar,True,17,18,27,40,1.0588235294117647,1.588235294117647,2.3529411764705883
mar_0853,mar,True,20,28,41,65,1.4,2.05,3.25
mar_0854,mar,True,41,49,76,114,1.1951219512195121,1.853658536585366,2.7804878048780486
mar_0855,mar,True,38,40,69,97,1.0526315789473684,1.8157894736842106,2.5526315789473686
mar_0856,mar,True,14,19,24,42,1.3571428571428572,1.7142857142857142,3.0
mar_0857,mar,True,29,32,60,74,1.103448275862069,2.0689655172413794,2.5517241379310347
mar_0858,mar,True,33,42,58,89,1.2727272727272727,1.7575757575757576,2.696969696969697
mar_0859,mar,True,44,56,67,98,1.2727272727272727,1.5227272727272727,2.227272727272727
mar_0860,mar,True,29,44,64,87,1.5172413793103448,2.206896551724138,3.0
mar_0861,mar,True,21,30,38,48,1.4285714285714286,1.8095238095238095,2.2857142857142856
mar_0862,mar,True,17,21,31,46,1.2352941176470589,1.8235294117647058,2.7058823529411766
mar_0863,mar,True,36,44,58,89,1.2222222222222223,1.6111111111111112,2.4722222222222223
mar_0864,mar,True,16,15,20,27,0.9375,1.25,1.6875
mar_0865,mar,True,34,44,66,90,1.2941176470588236,1.9411764705882353,2.6470588235294117
mar_0866,mar,True,36,36,46,65,1.0,1.2777777777777777,1.8055555555555556
mar_0867,mar,True,21,26,37,51,1.2380952380952381,1.7619047619047619,2.4285714285714284
mar_0868,mar,True,44,51,77,100,1.1590909090909092,1.75,2.272727272727273
mar_0869,mar,True,25,25,39,55,1.0,1.56,2.2
mar_0870,mar,True,22,26,28,33,1.1818181818181819,1.2727272727272727,1.5
mar_0871,mar,True,36,33,46,63,0.9166666666666666,1.2777777777777777,1.75
mar_0872,mar,True,48,42,68,103,0.875,1.4166666666666667,2.1458333333333335
mar_0873,mar,True,39,55,83,124,1.4102564102564104,2.128205128205128,3.1794871794871793
mar_0874,mar,True,27,16,26,36,0.5925925925925926,0.9629629629629629,1.3333333333333333
mar_0875,mar,True,45,59,69,111,1.3111111111111111,1.5333333333333334,2.466666666666667
mar_0876,mar,True,24,35,46,69,1.4583333333333333,1.9166666666666667,2.875
mar_0877,mar,True,26,32,50,79,1.2307692307692308,1.9230769230769231,3.0384615384615383
mar_0878,mar,True,23,35,43,66,1.5217391304347827,1.8695652173913044,2.869565217391304
mar_0879,mar,True,29,37,48,69,1.2758620689655173,1.6551724137931034,2.3793103448275863
mar_0880,mar,True,25,35,43,67,1.4,1.72,2.68
mar_0881,mar,True,26,33,36,57,1.2692307692307692,1.3846153846153846,2.1923076923076925
mar_0882,mar,True,31,32,41,65,1.032258064516129,1.3225806451612903,2.096774193548387
mar_0883,mar,True,44,31,37,57,0.7045454545454546,0.8409090909090909,1.2954545454545454
mar_0884,mar,True,27,29,38,56,1.0740740740740742,1.4074074074074074,2.074074074074074
mar_0885,mar,True,35,44,62,92,1.2571428571428571,1.7714285714285714,2.6285714285714286
mar_0886,mar,True,18,26,38,55,1.4444444444444444,2.111111111111111,3.0555555555555554
mar_0887,mar,True,40,48,57,82,1.2,1.425,2.05
mar_0888,mar,True,36,40,48,76,1.1111111111111112,1.3333333333333333,2.111111111111111
mar_0889,mar,True,30,42,65,94,1.4,2.1666666666666665,3.1333333333333333
mar_0890,mar,True,23,29,35,55,1.2608695652173914,1.5217391304347827,2.391304347826087
mar_0891,mar,True,25,26,40,58,1.04,1.6,2.32
mar_0892,mar,True,26,34,61,93,1.3076923076923077,2.3461538461538463,3.576923076923077
mar_0893,mar,True,25,24,43,63,0.96,1.72,2.52
mar_0894,mar,True,20,17,24,36,0.85,1.2,1.8
mar_0895,mar,True,19,29,32,49,1.5263157894736843,1.6842105263157894,2.5789473684210527
mar_0896,mar,True,40,44,59,91,1.1,1.475,2.275
mar_0897,mar,True,16,16,18,33,1.0,1.125,2.0625
mar_0898,mar,True,31,34,41,64,1.096774193548387,1.3225806451612903,2.064516129032258
mar_0899,mar,True,17,21,32,47,1.2352941176470589,1.8823529411764706,2.764705882352941
mar_0900,mar,True,13,17,22,32,1.3076923076923077,1.6923076923076923,2.4615384615384617
mar_0901,mar,True,13,19,26,37,1.4615384615384615,2.0,2.8461538461538463
mar_0902,mar,True,36,39,51,77,1.0833333333333333,1.4166666666666667,2.138888888888889
mar_0903,mar,True,13,17,22,31,1.3076923076923077,1.6923076923076923,2.3846153846153846
mar_0904,mar,True,26,34,61,93,1.3076923076923077,2.3461538461538463,3.576923076923077
mar_0905,mar,True,26,30,47,71,1.1538461538461537,1.8076923076923077,2.730769230769231
mar_0906,mar,True,16,16,26,27,1.0,1.625,1.6875
mar_0907,mar,True,24,20,32,52,0.8333333333333334,1.3333333333333333,2.1666666666666665
mar_0908,mar,True,13,16,21,26,1.2307692307692308,1.6153846153846154,2.0
mar_0909,mar,True,22,31,38,39,1.4090909090909092,1.7272727272727273,1.7727272727272727
mar_0910,mar,True,29,33,44,61,1.1379310344827587,1.5172413793103448,2.103448275862069
mar_0911,mar,True,25,25,39,55,1.0,1.56,2.2
mar_0912,mar,True,27,31,39,58,1.1481481481481481,1.4444444444444444,2.1481481481481484
mar_0913,mar,True,18,22,29,34,1.2222222222222223,1.6111111111111112,1.8888888888888888
mar_0914,mar,True,22,27,36,51,1.2272727272727273,1.6363636363636365,2.3181818181818183
mar_0915,mar,True,30,28,47,70,0.9333333333333333,1.5666666666666667,2.3333333333333335
mar_0916,mar,True,44,48,53,84,1.0909090909090908,1.2045454545454546,1.9090909090909092
mar_0917,mar,True,27,24,40,54,0.8888888888888888,1.4814814814814814,2.0
mar_0918,mar,True,38,41,69,103,1.0789473684210527,1.8157894736842106,2.710526315789474
mar_0919,mar,True,17,21,31,46,1.2352941176470589,1.8235294117647058,2.7058823529411766
mar_0920,mar,True,24,29,37,48,1.2083333333333333,1.5416666666666667,2.0
mar_0921,mar,True,26,18,19,30,0.6923076923076923,0.7307692307692307,1.1538461538461537
mar_0922,mar,True,34,38,47,68,1.1176470588235294,1.3823529411764706,2.0
mar_0923,mar,True,50,52,71,101,1.04,1.42,2.02
mar_0924,mar,True,20,19,31,43,0.95,1.55,2.15
mar_0925,mar,True,36,46,68,100,1.2777777777777777,1.8888888888888888,2.7777777777777777
mar_0926,mar,True,54,58,86,129,1.0740740740740742,1.5925925925925926,2.388888888888889
mar_0927,mar,True,37,46,66,104,1.2432432432432432,1.7837837837837838,2.810810810810811
mar_0928,mar,True,43,45,71,103,1.0465116279069768,1.6511627906976745,2.395348837209302
mar_0929,mar,True,31,31,51,61,1.0,1.6451612903225807,1.967741935483871
mar_0930,mar,True,33,40,48,77,1.2121212121212122,1.4545454545454546,2.3333333333333335
mar_0931,mar,True,25,18,29,48,0.72,1.16,1.92
mar_0932,mar,True,30,35,50,65,1.1666666666666667,1.6666666666666667,2.1666666666666665
mar_0933,mar,True,49,50,75,97,1.0204081632653061,1.530612244897959,1.9795918367346939
mar_0934,mar,True,39,49,79,115,1.2564102564102564,2.0256410256410255,2.948717948717949
mar_0935,mar,True,31,46,74,104,1.4838709677419355,2.3870967741935485,3.3548387096774195
mar_0936,mar,True,27,34,47,65,1.2592592592592593,1.7407407407407407,2.4074074074074074
mar_0937,mar,True,41,38,60,86,0.926829268292683,1.4634146341463414,2.097560975609756
mar_0938,mar,True,19,25,28,42,1.3157894736842106,1.4736842105263157,2.210526315789474
mar_0939,mar,True,41,39,52,77,0.9512195121951219,1.2682926829268293,1.8780487804878048
mar_0940,mar,True,26,29,38,53,1.1153846153846154,1.4615384615384615,2.0384615384615383
mar_0941,mar,True,42,46,64,84,1.0952380952380953,1.5238095238095237,2.0
mar_0942,mar,True,31,45,67,96,1.4516129032258065,2.161290322580645,3.096774193548387
mar_0943,mar,True,23,28,35,52,1.2173913043478262,1.5217391304347827,2.260869565217391
mar_0944,mar,True,17,16,25,37,0.9411764705882353,1.4705882352941178,2.176470588235294
mar_0945,mar,True,18,21,29,38,1.1666666666666667,1.6111111111111112,2.111111111111111
mar_0946,mar,True,45,65,85,124,1.4444444444444444,1.8888888888888888,2.7555555555555555
mar_0947,mar,True,50,61,91,126,1.22,1.82,2.52
mar_0948,mar,True,25,23,40,53,0.92,1.6,2.12
mar_0949,mar,True,29,31,48,68,1.0689655172413792,1.6551724137931034,2.3448275862068964
mar_0950,mar,True,26,37,63,95,1.4230769230769231,2.423076923076923,3.6538461538461537
mar_0951,mar,True,16,15,22,35,0.9375,1.375,2.1875
mar_0952,mar,True,38,46,71,106,1.2105263157894737,1.868421052631579,2.789473684210526
mar_0953,mar,True,21,26,38,51,1.2380952380952381,1.8095238095238095,2.4285714285714284
mar_0954,mar,True,50,55,75,98,1.1,1.5,1.96
mar_0955,mar,True,27,36,46,69,1.3333333333333333,1.7037037037037037,2.5555555555555554
mar_0956,mar,True,38,49,57,102,1.2894736842105263,1.5,2.6842105263157894
mar_0957,mar,True,17,16,23,33,0.9411764705882353,1.3529411764705883,1.9411764705882353
mar_0958,mar,True,18,10,19,25,0.5555555555555556,1.0555555555555556,1.3888888888888888
mar_0959,mar,True,29,31,54,74,1.0689655172413792,1.8620689655172413,2.5517241379310347
mar_0960,mar,True,17,25,43,56,1.4705882352941178,2.5294117647058822,3.2941176470588234
mar_0961,mar,True,25,32,43,64,1.28,1.72,2.56
mar_0962,mar,True,24,38,52,81,1.5833333333333333,2.1666666666666665,3.375
mar_0963,mar,True,25,35,41,51,1.4,1.64,2.04
mar_0964,mar,True,17,15,26,43,0.8823529411764706,1.5294117647058822,2.5294117647058822
mar_0965,mar,True,29,34,50,72,1.1724137931034482,1.7241379310344827,2.4827586206896552
mar_0966,mar,True,36,42,59,85,1.1666666666666667,1.6388888888888888,2.361111111111111
mar_0967,mar,True,43,47,63,95,1.0930232558139534,1.4651162790697674,2.2093023255813953
mar_0968,mar,True,20,28,41,61,1.4,2.05,3.05
mar_0969,mar,True,18,29,30,47,1.6111111111111112,1.6666666666666667,2.611111111111111
mar_0970,mar,True,34,38,56,75,1.1176470588235294,1.6470588235294117,2.2058823529411766
mar_0971,mar,True,29,24,48,70,0.8275862068965517,1.6551724137931034,2.413793103448276
mar_0972,mar,True,39,50,74,113,1.2820512820512822,1.8974358974358974,2.8974358974358974
mar_0973,mar,True,20,28,41,61,1.4,2.05,3.05
mar_0974,mar,True,24,34,47,79,1.4166666666666667,1.9583333333333333,3.2916666666666665
mar_0975,mar,True,36,35,40,57,0.9722222222222222,1.1111111111111112,1.5833333333333333
mar_0976,mar,True,11,17,22,37,1.5454545454545454,2.0,3.3636363636363638
mar_0977,mar,True,36,48,74,97,1.3333333333333333,2.0555555555555554,2.6944444444444446
mar_0978,mar,True,26,33,55,77,1.2692307692307692,2.1153846153846154,2.9615384615384617
mar_0979,mar,True,43,27,49,65,0.627906976744186,1.1395348837209303,1.5116279069767442
mar_0980,mar,True,17,24,40,54,1.411764705882353,2.3529411764705883,3.176470588235294
mar_0981,mar,True,34,38,55,80,1.1176470588235294,1.6176470588235294,2.3529411764705883
mar_0982,mar,True,29,34,44,72,1.1724137931034482,1.5172413793103448,2.4827586206896552
mar_0983,mar,True,24,29,38,55,1.2083333333333333,1.5833333333333333,2.2916666666666665
mar_0984,mar,True,25,30,34,47,1.2,1.36,1.88
mar_0985,mar,True,41,49,60,81,1.1951219512195121,1.4634146341463414,1.975609756097561
mar_0986,mar,True,21,25,42,58,1.1904761904761905,2.0,2.761904761904762
mar_0987,mar,True,25,36,46,77,1.44,1.84,3.08
mar_0988,mar,True,16,17,21,33,1.0625,1.3125,2.0625
mar_0989,mar,True,22,26,39,49,1.1818181818181819,1.7727272727272727,2.227272727272727
mar_0990,mar,True,36,52,80,112,1.4444444444444444,2.2222222222222223,3.111111111111111
mar_0991,mar,True,54,55,86,122,1.0185185185185186,1.5925925925925926,2.259259259259259
mar_0992,mar,True,40,52,85,109,1.3,2.125,2.725
mar_0993,mar,True,35,36,50,74,1.0285714285714285,1.4285714285714286,2.1142857142857143
mar_0994,mar,True,26,21,36,49,0.8076923076923077,1.3846153846153846,1.8846153846153846
mar_0995,mar,True,42,65,75,102,1.5476190476190477,1.7857142857142858,2.4285714285714284
mar_0996,mar,True,17,19,30,49,1.1176470588235294,1.7647058823529411,2.8823529411764706
mar_0997,mar,True,21,28,45,65,1.3333333333333333,2.142857142857143,3.0952380952380953
mar_0998,mar,True,32,40,53,78,1.25,1.65625,2.4375
mar_0999,mar,True,45,60,80,112,1.3333333333333333,1.7777777777777777,2.488888888888889
mar_1000,mar,True,42,37,57,73,0.8809523809523809,1.3571428571428572,1.7380952380952381
mar_1001,mar,True,32,41,63,87,1.28125,1.96875,2.71875
mar_1002,mar,True,18,22,29,34,1.2222222222222223,1.6111111111111112,1.8888888888888888
mar_1003,mar,True,71,81,102,159,1.1408450704225352,1.4366197183098592,2.23943661971831
mar_1004,mar,True,48,44,60,100,0.9166666666666666,1.25,2.0833333333333335
mar_1005,mar,True,19,25,32,43,1.3157894736842106,1.6842105263157894,2.263157894736842
mar_1006,mar,True,18,15,20,24,0.8333333333333334,1.1111111111111112,1.3333333333333333
mar_1007,mar,True,18,22,26,40,1.2222222222222223,1.4444444444444444,2.2222222222222223
mar_1008,mar,True,30,23,31,46,0.7666666666666667,1.0333333333333334,1.5333333333333334
mar_1009,mar,True,13,16,31,40,1.2307692307692308,2.3846153846153846,3.076923076923077
mar_1010,mar,True,29,47,53,77,1.6206896551724137,1.8275862068965518,2.6551724137931036
mar_1011,mar,True,13,17,21,26,1.3076923076923077,1.6153846153846154,2.0
mar_1012,mar,True,26,26,40,65,1.0,1.5384615384615385,2.5
mar_1013,mar,True,26,33,55,77,1.2692307692307692,2.1153846153846154,2.9615384615384617
mar_1014,mar,True,25,32,45,63,1.28,1.8,2.52
mar_1015,mar,True,29,34,50,72,1.1724137931034482,1.7241379310344827,2.4827586206896552
mar_1016,mar,True,35,26,34,45,0.7428571428571429,0.9714285714285714,1.2857142857142858
mar_1017,mar,True,18,22,26,35,1.2222222222222223,1.4444444444444444,1.9444444444444444
mar_1018,mar,True,17,15,26,43,0.8823529411764706,1.5294117647058822,2.5294117647058822
mar_1019,mar,True,50,55,87,133,1.1,1.74,2.66
mar_1020,mar,True,23,30,38,50,1.3043478260869565,1.6521739130434783,2.1739130434782608
mar_1021,mar,True,21,30,38,48,1.4285714285714286,1.8095238095238095,2.2857142857142856
mar_1022,mar,True,34,43,61,93,1.2647058823529411,1.7941176470588236,2.735294117647059
mar_1023,mar,True,24,24,25,43,1.0,1.0416666666666667,1.7916666666666667
mar_1024,mar,True,28,29,47,68,1.0357142857142858,1.6785714285714286,2.4285714285714284
mar_1025,mar,True,31,38,46,72,1.2258064516129032,1.4838709677419355,2.3225806451612905
mar_1026,mar,True,25,33,46,68,1.32,1.84,2.72
mar_1027,mar,True,39,29,39,67,0.7435897435897436,1.0,1.7179487179487178
mar_1028,mar,True,18,10,19,25,0.5555555555555556,1.0555555555555556,1.3888888888888888
mar_1029,mar,True,13,14,21,30,1.0769230769230769,1.6153846153846154,2.3076923076923075
mar_1030,mar,True,49,56,78,107,1.1428571428571428,1.5918367346938775,2.183673469387755
mar_1031,mar,True,22,30,36,50,1.3636363636363635,1.6363636363636365,2.272727272727273
mar_1032,mar,True,41,50,80,121,1.2195121951219512,1.951219512195122,2.951219512195122
mar_1033,mar,True,43,39,63,92,0.9069767441860465,1.4651162790697674,2.13953488372093
mar_1034,mar,True,14,26,34,36,1.8571428571428572,2.4285714285714284,2.5714285714285716
mar_1035,mar,True,38,38,55,73,1.0,1.4473684210526316,1.9210526315789473
mar_1036,mar,True,24,33,47,80,1.375,1.9583333333333333,3.3333333333333335
mar_1037,mar,True,41,39,51,76,0.9512195121951219,1.2439024390243902,1.853658536585366
mar_1038,mar,True,20,16,26,40,0.8,1.3,2.0
mar_1039,mar,True,23,29,45,65,1.2608695652173914,1.9565217391304348,2.8260869565217392
mar_1040,mar,True,31,31,41,62,1.0,1.3225806451612903,2.0
mar_1041,mar,True,42,49,64,102,1.1666666666666667,1.5238095238095237,2.4285714285714284
mar_1042,mar,True,35,39,68,101,1.1142857142857143,1.9428571428571428,2.8857142857142857
mar_1043,mar,True,35,35,54,80,1.0,1.542857142857143,2.2857142857142856
mar_1044,mar,True,24,35,45,61,1.4583333333333333,1.875,2.5416666666666665
mar_1045,mar,True,19,23,35,52,1.2105263157894737,1.8421052631578947,2.736842105263158
mar_1046,mar,True,43,43,54,83,1.0,1.255813953488372,1.930232558139535
mar_1047,mar,True,34,37,50,77,1.088235294117647,1.4705882352941178,2.264705882352941
mar_1048,mar,True,14,19,21,39,1.3571428571428572,1.5,2.7857142857142856
mar_1049,mar,True,33,41,48,76,1.2424242424242424,1.4545454545454546,2.303030303030303
mar_1050,mar,True,24,30,44,71,1.25,1.8333333333333333,2.9583333333333335
mar_1051,mar,True,13,17,22,32,1.3076923076923077,1.6923076923076923,2.4615384615384617
mar_1052,mar,True,28,41,51,76,1.4642857142857142,1.8214285714285714,2.7142857142857144
mar_1053,mar,True,29,41,52,81,1.4137931034482758,1.793103448275862,2.793103448275862
mar_1054,mar,True,23,29,34,54,1.2608695652173914,1.4782608695652173,2.347826086956522
mar_1055,mar,True,29,40,53,75,1.3793103448275863,1.8275862068965518,2.586206896551724
mar_1056,mar,True,27,33,41,62,1.2222222222222223,1.5185185185185186,2.2962962962962963
mar_1057,mar,True,24,34,44,65,1.4166666666666667,1.8333333333333333,2.7083333333333335
mar_1058,mar,True,26,26,37,49,1.0,1.4230769230769231,1.8846153846153846
mar_1059,mar,True,40,55,79,109,1.375,1.975,2.725
mar_1060,mar,True,29,31,47,82,1.0689655172413792,1.6206896551724137,2.8275862068965516
mar_1061,mar,True,28,37,57,78,1.3214285714285714,2.0357142857142856,2.7857142857142856
mar_1062,mar,True,27,34,49,63,1.2592592592592593,1.8148148148148149,2.3333333333333335
mar_1063,mar,True,17,24,46,56,1.411764705882353,2.7058823529411766,3.2941176470588234
mar_1064,mar,True,26,15,21,26,0.5769230769230769,0.8076923076923077,1.0
mar_1065,mar,True,41,58,84,106,1.4146341463414633,2.048780487804878,2.5853658536585367
mar_1066,mar,True,54,43,61,96,0.7962962962962963,1.1296296296296295,1.7777777777777777
mar_1067,mar,True,38,40,70,105,1.0526315789473684,1.8421052631578947,2.763157894736842
mar_1068,mar,True,33,44,63,98,1.3333333333333333,1.9090909090909092,2.9696969696969697
mar_1069,mar,True,16,16,26,29,1.0,1.625,1.8125
mar_1070,mar,True,20,23,31,52,1.15,1.55,2.6
mar_1071,mar,True,37,37,52,70,1.0,1.4054054054054055,1.8918918918918919
mar_1072,mar,True,47,42,56,85,0.8936170212765957,1.1914893617021276,1.8085106382978724
mar_1073,mar,True,37,53,73,94,1.4324324324324325,1.972972972972973,2.5405405405405403
mar_1074,mar,True,28,24,35,43,0.8571428571428571,1.25,1.5357142857142858
mar_1075,mar,True,37,60,76,99,1.6216216216216217,2.054054054054054,2.675675675675676
mar_1076,mar,True,23,32,43,58,1.391304347826087,1.8695652173913044,2.5217391304347827
mar_1077,mar,True,22,30,45,66,1.3636363636363635,2.0454545454545454,3.0
mar_1078,mar,True,16,15,25,27,0.9375,1.5625,1.6875
mar_1079,mar,True,29,29,44,75,1.0,1.5172413793103448,2.586206896551724
mar_1080,mar,True,22,25,35,36,1.1363636363636365,1.5909090909090908,1.6363636363636365
mar_1081,mar,True,20,21,36,48,1.05,1.8,2.4
mar_1082,mar,True,31,31,41,63,1.0,1.3225806451612903,2.032258064516129
mar_1083,mar,True,21,21,30,41,1.0,1.4285714285714286,1.9523809523809523
mar_1084,mar,True,34,40,57,88,1.1764705882352942,1.6764705882352942,2.588235294117647
mar_1085,mar,True,36,43,55,87,1.1944444444444444,1.5277777777777777,2.4166666666666665
mar_1086,mar,True,17,24,40,54,1.411764705882353,2.3529411764705883,3.176470588235294
mar_1087,mar,True,27,34,40,62,1.2592592592592593,1.4814814814814814,2.2962962962962963
mar_1088,mar,True,33,44,66,100,1.3333333333333333,2.0,3.0303030303030303
mar_1089,mar,True,31,32,49,68,1.032258064516129,1.5806451612903225,2.193548387096774
mar_1090,mar,True,31,40,59,83,1.2903225806451613,1.903225806451613,2.6774193548387095
mar_1091,mar,True,35,41,56,89,1.1714285714285715,1.6,2.5428571428571427
mar_1092,mar,True,38,46,70,105,1.2105263157894737,1.8421052631578947,2.763157894736842
mar_1093,mar,True,23,29,41,58,1.2608695652173914,1.7826086956521738,2.5217391304347827
mar_1094,mar,True,41,41,65,93,1.0,1.5853658536585367,2.268292682926829
mar_1095,mar,True,21,22,30,46,1.0476190476190477,1.4285714285714286,2.1904761904761907
mar_1096,mar,True,26,34,50,71,1.3076923076923077,1.9230769230769231,2.730769230769231
mar_1097,mar,True,33,33,49,73,1.0,1.4848484848484849,2.212121212121212
mar_1098,mar,True,38,53,64,108,1.394736842105263,1.6842105263157894,2.8421052631578947
mar_1099,mar,True,16,16,26,29,1.0,1.625,1.8125
mar_1100,mar,True,15,13,21,33,0.8666666666666667,1.4,2.2
mar_1101,mar,True,43,47,76,97,1.0930232558139534,1.7674418604651163,2.255813953488372
mar_1102,mar,True,40,44,56,83,1.1,1.4,2.075
mar_1103,mar,True,18,13,22,33,0.7222222222222222,1.2222222222222223,1.8333333333333333
mar_1104,mar,True,33,45,56,78,1.3636363636363635,1.696969696969697,2.3636363636363638
mar_1105,mar,True,36,48,75,114,1.3333333333333333,2.0833333333333335,3.1666666666666665
mar_1106,mar,True,17,16,25,37,0.9411764705882353,1.4705882352941178,2.176470588235294
mar_1107,mar,True,37,43,54,79,1.162162162162162,1.4594594594594594,2.135135135135135
mar_1108,mar,True,18,26,28,47,1.4444444444444444,1.5555555555555556,2.611111111111111
mar_1109,mar,True,40,44,56,83,1.1,1.4,2.075
mar_1110,mar,True,49,52,74,97,1.0612244897959184,1.510204081632653,1.9795918367346939
mar_1111,mar,True,13,19,24,28,1.4615384615384615,1.8461538461538463,2.1538461538461537
mar_1112,mar,True,27,32,56,80,1.1851851851851851,2.074074074074074,2.962962962962963
mar_1113,mar,True,41,73,96,126,1.7804878048780488,2.341463414634146,3.073170731707317
mar_1114,mar,True,32,42,67,92,1.3125,2.09375,2.875
mar_1115,mar,True,28,29,37,58,1.0357142857142858,1.3214285714285714,2.0714285714285716
mar_1116,mar,True,36,22,29,38,0.6111111111111112,0.8055555555555556,1.0555555555555556
mar_1117,mar,True,24,29,34,51,1.2083333333333333,1.4166666666666667,2.125
mar_1118,mar,True,26,35,57,87,1.3461538461538463,2.1923076923076925,3.3461538461538463
mar_1119,mar,True,25,29,48,71,1.16,1.92,2.84
mar_1120,mar,True,29,41,49,77,1.4137931034482758,1.6896551724137931,2.6551724137931036
mar_1121,mar,True,19,20,30,44,1.0526315789473684,1.5789473684210527,2.3157894736842106
mar_1122,mar,True,32,40,55,84,1.25,1.71875,2.625
mar_1123,mar,True,75,90,113,137,1.2,1.5066666666666666,1.8266666666666667
mar_1124,mar,True,28,35,48,67,1.25,1.7142857142857142,2.392857142857143
mar_1125,mar,True,38,45,72,108,1.1842105263157894,1.894736842105263,2.8421052631578947
mar_1126,mar,True,38,38,66,90,1.0,1.736842105263158,2.3684210526315788
mar_1127,mar,True,20,26,38,62,1.3,1.9,3.1
mar_1128,mar,True,20,10,19,25,0.5,0.95,1.25
mar_1129,mar,True,21,20,29,41,0.9523809523809523,1.380952380952381,1.9523809523809523
mar_1130,mar,True,40,43,55,77,1.075,1.375,1.925
mar_1131,mar,True,23,24,35,54,1.0434782608695652,1.5217391304347827,2.347826086956522
mar_1132,mar,True,21,30,38,53,1.4285714285714286,1.8095238095238095,2.5238095238095237
mar_1133,mar,True,26,21,33,47,0.8076923076923077,1.2692307692307692,1.8076923076923077
mar_1134,mar,True,27,35,46,69,1.2962962962962963,1.7037037037037037,2.5555555555555554
mar_1135,mar,True,38,48,66,103,1.263157894736842,1.736842105263158,2.710526315789474
mar_1136,mar,True,75,86,99,123,1.1466666666666667,1.32,1.64
mar_1137,mar,True,24,21,25,46,0.875,1.0416666666666667,1.9166666666666667
mar_1138,mar,True,71,75,101,152,1.056338028169014,1.4225352112676057,2.140845070422535
mar_1139,mar,True,33,46,63,97,1.393939393939394,1.9090909090909092,2.9393939393939394
mar_1140,mar,True,20,27,36,56,1.35,1.8,2.8
mar_1141,mar,True,13,13,20,28,1.0,1.5384615384615385,2.1538461538461537
mar_1142,mar,True,21,22,30,46,1.0476190476190477,1.4285714285714286,2.1904761904761907
mar_1143,mar,True,33,43,55,86,1.303030303030303,1.6666666666666667,2.606060606060606
mar_1144,mar,True,42,46,64,84,1.0952380952380953,1.5238095238095237,2.0
mar_1145,mar,True,29,32,44,69,1.103448275862069,1.5172413793103448,2.3793103448275863
mar_1146,mar,True,15,25,32,42,1.6666666666666667,2.1333333333333333,2.8
mar_1147,mar,True,29,29,44,75,1.0,1.5172413793103448,2.586206896551724
mar_1148,mar,True,11,19,22,29,1.7272727272727273,2.0,2.6363636363636362
mar_1149,mar,True,32,40,54,79,1.25,1.6875,2.46875
mar_1150,mar,True,21,28,34,51,1.3333333333333333,1.619047619047619,2.4285714285714284
mar_1151,mar,False,23,31,36,49,1.3478260869565217,1.565217391304348,2.130434782608696
mar_1152,mar,True,16,22,24,36,1.375,1.5,2.25
mar_1153,mar,True,22,30,45,65,1.3636363636363635,2.0454545454545454,2.9545454545454546
mar_1154,mar,True,20,17,24,37,0.85,1.2,1.85
mar_1155,mar,True,34,42,47,70,1.2352941176470589,1.3823529411764706,2.0588235294117645
mar_1156,mar,True,35,35,54,75,1.0,1.542857142857143,2.142857142857143
mar_1157,mar,True,39,50,64,93,1.2820512820512822,1.641025641025641,2.3846153846153846
mar_1158,mar,True,45,60,82,117,1.3333333333333333,1.8222222222222222,2.6
mar_1159,mar,True,33,36,50,77,1.0909090909090908,1.5151515151515151,2.3333333333333335
mar_1160,mar,True,28,35,46,56,1.25,1.6428571428571428,2.0
mar_1161,mar,True,48,60,93,113,1.25,1.9375,2.3541666666666665
mar_1162,mar,True,36,30,42,62,0.8333333333333334,1.1666666666666667,1.7222222222222223
mar_1163,mar,True,36,47,63,83,1.3055555555555556,1.75,2.3055555555555554
mar_1164,mar,True,26,30,37,55,1.1538461538461537,1.4230769230769231,2.1153846153846154
mar_1165,mar,True,18,19,25,37,1.0555555555555556,1.3888888888888888,2.0555555555555554
mar_1166,mar,True,21,27,39,52,1.2857142857142858,1.8571428571428572,2.4761904761904763
mar_1167,mar,True,24,31,38,60,1.2916666666666667,1.5833333333333333,2.5
mar_1168,mar,True,31,28,35,56,0.9032258064516129,1.1290322580645162,1.8064516129032258
mar_1169,mar,True,28,39,47,71,1.3928571428571428,1.6785714285714286,2.5357142857142856
mar_1170,mar,True,25,40,49,77,1.6,1.96,3.08
mar_1171,mar,True,28,39,46,76,1.3928571428571428,1.6428571428571428,2.7142857142857144
mar_1172,mar,True,29,29,47,69,1.0,1.6206896551724137,2.3793103448275863
mar_1173,mar,True,27,24,36,51,0.8888888888888888,1.3333333333333333,1.8888888888888888
mar_1174,mar,True,24,20,28,41,0.8333333333333334,1.1666666666666667,1.7083333333333333
mar_1175,mar,True,22,26,38,59,1.1818181818181819,1.7272727272727273,2.6818181818181817
mar_1176,mar,True,45,54,65,106,1.2,1.4444444444444444,2.3555555555555556
mar_1177,mar,True,30,44,67,104,1.4666666666666666,2.2333333333333334,3.466666666666667
mar_1178,mar,True,38,32,52,75,0.8421052631578947,1.368421052631579,1.9736842105263157
mar_1179,mar,True,48,39,60,96,0.8125,1.25,2.0
mar_1180,mar,True,38,46,69,97,1.2105263157894737,1.8157894736842106,2.5526315789473686
mar_1181,mar,True,35,43,62,90,1.2285714285714286,1.7714285714285714,2.5714285714285716
mar_1182,mar,True,35,36,46,66,1.0285714285714285,1.3142857142857143,1.8857142857142857
mar_1183,mar,True,33,33,48,75,1.0,1.4545454545454546,2.272727272727273
mar_1184,mar,True,40,37,55,95,0.925,1.375,2.375
mar_1185,mar,True,23,32,43,59,1.391304347826087,1.8695652173913044,2.5652173913043477
mar_1186,mar,True,21,22,28,44,1.0476190476190477,1.3333333333333333,2.0952380952380953
mar_1187,mar,True,25,10,13,18,0.4,0.52,0.72
mar_1188,mar,True,11,19,22,29,1.7272727272727273,2.0,2.6363636363636362
mar_1189,mar,True,14,17,24,37,1.2142857142857142,1.7142857142857142,2.642857142857143
mar_1190,mar,True,22,31,38,39,1.4090909090909092,1.7272727272727273,1.7727272727272727
mar_1191,mar,True,25,40,50,79,1.6,2.0,3.16
mar_1192,mar,True,37,44,58,82,1.1891891891891893,1.5675675675675675,2.2162162162162162
mar_1193,mar,True,22,18,25,40,0.8181818181818182,1.1363636363636365,1.8181818181818181
mar_1194,mar,True,25,18,24,31,0.72,0.96,1.24
mar_1195,mar,True,37,34,46,73,0.918918918918919,1.2432432432432432,1.972972972972973
mar_1196,mar,True,33,41,57,87,1.2424242424242424,1.7272727272727273,2.6363636363636362
mar_1197,mar,True,11,13,18,25,1.1818181818181819,1.6363636363636365,2.272727272727273
mar_1198,mar,True,23,33,38,59,1.434782608695652,1.6521739130434783,2.5652173913043477
mar_1199,mar,True,25,36,51,83,1.44,2.04,3.32
mar_1200,mar,True,36,49,75,101,1.3611111111111112,2.0833333333333335,2.8055555555555554
mar_1201,mar,True,24,19,32,52,0.7916666666666666,1.3333333333333333,2.1666666666666665
mar_1202,mar,True,42,46,63,88,1.0952380952380953,1.5,2.0952380952380953
mar_1203,mar,True,54,53,73,116,0.9814814814814815,1.3518518518518519,2.1481481481481484
mar_1204,mar,True,40,58,75,109,1.45,1.875,2.725
mar_1205,mar,True,29,41,62,79,1.4137931034482758,2.1379310344827585,2.7241379310344827
mar_1206,mar,True,20,24,39,51,1.2,1.95,2.55
mar_1207,mar,True,37,41,65,95,1.1081081081081081,1.7567567567567568,2.5675675675675675
mar_1208,mar,True,33,38,57,77,1.1515151515151516,1.7272727272727273,2.3333333333333335
mar_1209,mar,True,24,30,37,55,1.25,1.5416666666666667,2.2916666666666665
mar_1210,mar,True,21,31,38,51,1.4761904761904763,1.8095238095238095,2.4285714285714284
mar_1211,mar,True,54,58,92,128,1.0740740740740742,1.7037037037037037,2.3703703703703702
mar_1212,mar,True,42,47,68,91,1.119047619047619,1.619047619047619,2.1666666666666665
mar_1213,mar,True,28,35,41,59,1.25,1.4642857142857142,2.107142857142857
mar_1214,mar,True,21,21,28,38,1.0,1.3333333333333333,1.8095238095238095
mar_1215,mar,True,26,36,64,95,1.3846153846153846,2.4615384615384617,3.6538461538461537
mar_1216,mar,True,26,27,38,63,1.0384615384615385,1.4615384615384615,2.423076923076923
mar_1217,mar,True,54,54,81,124,1.0,1.5,2.2962962962962963
mar_1218,mar,True,25,37,44,65,1.48,1.76,2.6
mar_1219,mar,True,21,29,37,53,1.380952380952381,1.7619047619047619,2.5238095238095237
mar_1220,mar,True,11,15,20,29,1.3636363636363635,1.8181818181818181,2.6363636363636362
mar_1221,mar,True,13,17,17,25,1.3076923076923077,1.3076923076923077,1.9230769230769231
mar_1222,mar,True,18,19,30,35,1.0555555555555556,1.6666666666666667,1.9444444444444444
mar_1223,mar,True,48,60,93,109,1.25,1.9375,2.2708333333333335
mar_1224,mar,True,25,29,36,48,1.16,1.44,1.92
mar_1225,mar,True,13,19,25,36,1.4615384615384615,1.9230769230769231,2.769230769230769
mar_1226,mar,True,31,28,52,72,0.9032258064516129,1.6774193548387097,2.3225806451612905
mar_1227,mar,True,21,23,36,50,1.0952380952380953,1.7142857142857142,2.380952380952381
mar_1228,mar,True,36,45,58,91,1.25,1.6111111111111112,2.5277777777777777
mar_1229,mar,True,39,47,68,94,1.205128205128205,1.7435897435897436,2.41025641025641
mar_1230,mar,True,29,31,45,66,1.0689655172413792,1.5517241379310345,2.2758620689655173
mar_1231,mar,True,36,27,34,47,0.75,0.9444444444444444,1.3055555555555556
mar_1232,mar,True,16,15,22,39,0.9375,1.375,2.4375
mar_1233,mar,True,36,38,50,69,1.0555555555555556,1.3888888888888888,1.9166666666666667
mar_1234,mar,True,30,34,50,77,1.1333333333333333,1.6666666666666667,2.566666666666667
mar_1235,mar,True,26,35,35,54,1.3461538461538463,1.3461538461538463,2.076923076923077
mar_1236,mar,True,25,31,41,68,1.24,1.64,2.72
mar_1237,mar,True,29,36,52,65,1.2413793103448276,1.793103448275862,2.2413793103448274
mar_1238,mar,True,29,30,37,55,1.0344827586206897,1.2758620689655173,1.896551724137931
mar_1239,mar,True,38,46,54,95,1.2105263157894737,1.4210526315789473,2.5
mar_1240,mar,True,25,30,53,73,1.2,2.12,2.92
mar_1241,mar,True,28,33,42,48,1.1785714285714286,1.5,1.7142857142857142
mar_1242,mar,True,29,40,54,72,1.3793103448275863,1.8620689655172413,2.4827586206896552
mar_1243,mar,True,25,8,8,10,0.32,0.32,0.4
mar_1244,mar,True,33,41,56,87,1.2424242424242424,1.696969696969697,2.6363636363636362
mar_1245,mar,True,26,15,26,36,0.5769230769230769,1.0,1.3846153846153846
mar_1246,mar,True,22,29,38,60,1.3181818181818181,1.7272727272727273,2.727272727272727
mar_1247,mar,True,33,40,54,82,1.2121212121212122,1.6363636363636365,2.484848484848485
mar_1248,mar,True,26,26,40,58,1.0,1.5384615384615385,2.230769230769231
mar_1249,mar,True,22,26,41,53,1.1818181818181819,1.8636363636363635,2.409090909090909
mar_1250,mar,True,14,12,20,29,0.8571428571428571,1.4285714285714286,2.0714285714285716
mar_1251,mar,True,19,27,35,50,1.4210526315789473,1.8421052631578947,2.6315789473684212
mar_1252,mar,True,27,33,50,81,1.2222222222222223,1.8518518518518519,3.0
mar_1253,mar,True,18,18,22,28,1.0,1.2222222222222223,1.5555555555555556
mar_1254,mar,True,21,28,41,53,1.3333333333333333,1.9523809523809523,2.5238095238095237
mar_1255,mar,True,43,45,60,89,1.0465116279069768,1.3953488372093024,2.0697674418604652
mar_1256,mar,True,16,18,22,29,1.125,1.375,1.8125
mar_1257,mar,True,45,53,69,102,1.1777777777777778,1.5333333333333334,2.2666666666666666
mar_1258,mar,True,29,44,67,91,1.5172413793103448,2.310344827586207,3.1379310344827585
mar_1259,mar,True,25,32,46,71,1.28,1.84,2.84
mar_1260,mar,True,25,36,42,52,1.44,1.68,2.08
mar_1261,mar,True,22,26,36,52,1.1818181818181819,1.6363636363636365,2.3636363636363638
mar_1262,mar,True,36,40,57,89,1.1111111111111112,1.5833333333333333,2.4722222222222223
mar_1263,mar,True,24,36,52,79,1.5,2.1666666666666665,3.2916666666666665
mar_1264,mar,True,44,56,74,101,1.2727272727272727,1.6818181818181819,2.2954545454545454
mar_1265,mar,True,17,14,25,40,0.8235294117647058,1.4705882352941178,2.3529411764705883
mar_1266,mar,True,29,35,63,83,1.206896551724138,2.1724137931034484,2.8620689655172415
mar_1267,mar,True,44,54,68,91,1.2272727272727273,1.5454545454545454,2.0681818181818183
mar_1268,mar,True,18,25,29,49,1.3888888888888888,1.6111111111111112,2.7222222222222223
mar_1269,mar,True,32,37,59,85,1.15625,1.84375,2.65625
mar_1270,mar,True,34,35,51,74,1.0294117647058822,1.5,2.176470588235294
mar_1271,mar,True,41,57,83,118,1.3902439024390243,2.024390243902439,2.8780487804878048
mar_1272,mar,True,24,31,40,57,1.2916666666666667,1.6666666666666667,2.375
mar_1273,mar,True,25,26,43,54,1.04,1.72,2.16
mar_1274,mar,True,33,37,46,66,1.121212121212121,1.393939393939394,2.0
mar_1275,mar,True,39,42,76,113,1.0769230769230769,1.9487179487179487,2.8974358974358974
mar_1276,mar,True,24,40,50,65,1.6666666666666667,2.0833333333333335,2.7083333333333335
mar_1277,mar,True,13,18,24,30,1.3846153846153846,1.8461538461538463,2.3076923076923075
mar_1278,mar,True,30,40,52,68,1.3333333333333333,1.7333333333333334,2.2666666666666666
mar_1279,mar,True,40,43,59,87,1.075,1.475,2.175
mar_1280,mar,True,18,22,25,36,1.2222222222222223,1.3888888888888888,2.0
mar_1281,mar,True,27,31,49,66,1.1481481481481481,1.8148148148148149,2.4444444444444446
mar_1282,mar,True,42,52,67,108,1.2380952380952381,1.5952380952380953,2.5714285714285716
mar_1283,mar,True,29,41,53,82,1.4137931034482758,1.8275862068965518,2.8275862068965516
mar_1284,mar,True,19,26,30,42,1.368421052631579,1.5789473684210527,2.210526315789474
mar_1285,mar,True,27,27,33,48,1.0,1.2222222222222223,1.7777777777777777
mar_1286,mar,True,23,34,37,57,1.4782608695652173,1.608695652173913,2.4782608695652173
mar_1287,mar,True,35,47,65,95,1.3428571428571427,1.8571428571428572,2.7142857142857144
mar_1288,mar,True,29,25,41,71,0.8620689655172413,1.4137931034482758,2.4482758620689653
mar_1289,mar,True,45,59,79,105,1.3111111111111111,1.7555555555555555,2.3333333333333335
mar_1290,mar,True,37,52,72,94,1.4054054054054055,1.945945945945946,2.5405405405405403
mar_1291,mar,True,22,37,39,41,1.6818181818181819,1.7727272727272727,1.8636363636363635
mar_1292,mar,True,23,30,43,62,1.3043478260869565,1.8695652173913044,2.6956521739130435
mar_1293,mar,True,50,67,93,131,1.34,1.86,2.62
mar_1294,mar,True,31,29,38,55,0.9354838709677419,1.2258064516129032,1.7741935483870968
mar_1295,mar,True,22,29,47,64,1.3181818181818181,2.1363636363636362,2.909090909090909
mar_1296,mar,True,41,46,58,90,1.1219512195121952,1.4146341463414633,2.1951219512195124
mar_1297,mar,True,25,27,44,66,1.08,1.76,2.64
mar_1298,mar,True,40,51,78,108,1.275,1.95,2.7
mar_1299,mar,True,11,18,22,30,1.6363636363636365,2.0,2.727272727272727
mar_1300,mar,True,42,41,70,90,0.9761904761904762,1.6666666666666667,2.142857142857143
mar_1301,mar,True,35,33,62,75,0.9428571428571428,1.7714285714285714,2.142857142857143
mar_1302,mar,True,28,32,40,64,1.1428571428571428,1.4285714285714286,2.2857142857142856
mar_1303,mar,True,32,38,49,72,1.1875,1.53125,2.25
mar_1304,mar,True,35,39,57,86,1.1142857142857143,1.6285714285714286,2.4571428571428573
mar_1305,mar,True,19,24,35,53,1.263157894736842,1.8421052631578947,2.789473684210526
mar_1306,mar,True,36,49,68,90,1.3611111111111112,1.8888888888888888,2.5
mar_1307,mar,True,38,44,58,80,1.1578947368421053,1.5263157894736843,2.1052631578947367
mar_1308,mar,True,26,29,46,66,1.1153846153846154,1.7692307692307692,2.5384615384615383
mar_1309,mar,True,36,50,74,106,1.3888888888888888,2.0555555555555554,2.9444444444444446
mar_1310,mar,True,21,28,41,61,1.3333333333333333,1.9523809523809523,2.9047619047619047
mar_1311,mar,True,50,49,62,93,0.98,1.24,1.86
mar_1312,mar,True,17,21,36,51,1.2352941176470589,2.1176470588235294,3.0
mar_1313,mar,True,26,34,47,69,1.3076923076923077,1.8076923076923077,2.6538461538461537
mar_1314,mar,True,21,23,31,45,1.0952380952380953,1.4761904761904763,2.142857142857143
mar_1315,mar,True,33,29,46,70,0.8787878787878788,1.393939393939394,2.121212121212121
mar_1316,mar,True,22,27,40,57,1.2272727272727273,1.8181818181818181,2.590909090909091
mar_1317,mar,True,14,31,39,43,2.2142857142857144,2.7857142857142856,3.0714285714285716
mar_1318,mar,True,17,18,28,41,1.0588235294117647,1.6470588235294117,2.411764705882353
mar_1319,mar,True,34,43,50,74,1.2647058823529411,1.4705882352941178,2.176470588235294
mar_1320,mar,True,16,19,22,38,1.1875,1.375,2.375
mar_1321,mar,True,38,41,67,93,1.0789473684210527,1.763157894736842,2.4473684210526314
mar_1322,mar,True,26,26,40,64,1.0,1.5384615384615385,2.4615384615384617
mar_1323,mar,True,44,50,60,94,1.1363636363636365,1.3636363636363635,2.1363636363636362
mar_1324,mar,True,28,34,60,79,1.2142857142857142,2.142857142857143,2.8214285714285716
mar_1325,mar,True,49,53,74,103,1.0816326530612246,1.510204081632653,2.1020408163265305
mar_1326,mar,True,48,44,63,100,0.9166666666666666,1.3125,2.0833333333333335
mar_1327,mar,True,16,20,31,42,1.25,1.9375,2.625
mar_1328,mar,True,38,37,63,90,0.9736842105263158,1.6578947368421053,2.3684210526315788
mar_1329,mar,True,32,41,54,80,1.28125,1.6875,2.5
mar_1330,mar,True,36,27,37,58,0.75,1.0277777777777777,1.6111111111111112
mar_1331,mar,True,75,84,121,142,1.12,1.6133333333333333,1.8933333333333333
mar_1332,mar,True,23,32,39,55,1.391304347826087,1.6956521739130435,2.391304347826087
mar_1333,mar,True,26,26,33,45,1.0,1.2692307692307692,1.7307692307692308
mar_1334,mar,True,30,39,66,96,1.3,2.2,3.2
mar_1335,mar,True,23,33,40,56,1.434782608695652,1.7391304347826086,2.4347826086956523
mar_1336,mar,True,20,24,40,49,1.2,2.0,2.45
mar_1337,mar,True,15,9,13,19,0.6,0.8666666666666667,1.2666666666666666
mar_1338,mar,True,41,57,91,117,1.3902439024390243,2.2195121951219514,2.8536585365853657
mar_1339,mar,True,29,32,44,71,1.103448275862069,1.5172413793103448,2.4482758620689653
mar_1340,mar,True,27,32,42,58,1.1851851851851851,1.5555555555555556,2.1481481481481484
mar_1341,mar,True,45,54,73,118,1.2,1.6222222222222222,2.6222222222222222
mar_1342,mar,True,36,46,72,109,1.2777777777777777,2.0,3.0277777777777777
mar_1343,mar,True,29,32,54,76,1.103448275862069,1.8620689655172413,2.6206896551724137
mar_1344,mar,True,24,31,44,72,1.2916666666666667,1.8333333333333333,3.0
mar_1345,mar,True,41,52,74,96,1.2682926829268293,1.8048780487804879,2.341463414634146
mar_1346,mar,True,41,33,51,76,0.8048780487804879,1.2439024390243902,1.853658536585366
mar_1347,mar,True,20,29,42,65,1.45,2.1,3.25
mar_1348,mar,True,22,31,39,55,1.4090909090909092,1.7727272727272727,2.5
mar_1349,mar,True,20,29,41,59,1.45,2.05,2.95
mar_1350,mar,True,24,23,25,38,0.9583333333333334,1.0416666666666667,1.5833333333333333
mar_1351,mar,True,29,25,43,64,0.8620689655172413,1.4827586206896552,2.206896551724138
mar_1352,mar,True,35,38,48,74,1.0857142857142856,1.3714285714285714,2.1142857142857143
mar_1353,mar,True,33,34,50,69,1.0303030303030303,1.5151515151515151,2.090909090909091
mar_1354,mar,True,47,48,61,91,1.0212765957446808,1.297872340425532,1.9361702127659575
mar_1355,mar,True,34,44,68,92,1.2941176470588236,2.0,2.7058823529411766
mar_1356,mar,True,31,44,66,96,1.4193548387096775,2.129032258064516,3.096774193548387
mar_1357,mar,True,24,21,32,50,0.875,1.3333333333333333,2.0833333333333335
mar_1358,mar,True,40,43,63,103,1.075,1.575,2.575
mar_1359,mar,True,40,44,56,79,1.1,1.4,1.975
mar_1360,mar,True,40,50,59,88,1.25,1.475,2.2
mar_1361,mar,True,28,37,42,69,1.3214285714285714,1.5,2.4642857142857144
mar_1362,mar,True,20,9,13,19,0.45,0.65,0.95
mar_1363,mar,True,29,34,58,93,1.1724137931034482,2.0,3.206896551724138
mar_1364,mar,True,24,26,34,54,1.0833333333333333,1.4166666666666667,2.25
mar_1365,mar,True,35,37,58,84,1.0571428571428572,1.6571428571428573,2.4
mar_1366,mar,True,32,38,63,88,1.1875,1.96875,2.75
mar_1367,mar,True,27,32,47,63,1.1851851851851851,1.7407407407407407,2.3333333333333335
mar_1368,mar,True,36,52,76,111,1.4444444444444444,2.111111111111111,3.0833333333333335
mar_1369,mar,True,20,24,37,47,1.2,1.85,2.35
mar_1370,mar,True,17,21,27,39,1.2352941176470589,1.588235294117647,2.2941176470588234
mar_1371,mar,True,35,28,45,66,0.8,1.2857142857142858,1.8857142857142857
mar_1372,mar,True,20,25,33,51,1.25,1.65,2.55
mar_1373,mar,True,21,24,32,43,1.1428571428571428,1.5238095238095237,2.0476190476190474
mar_1374,mar,True,43,46,66,102,1.069767441860465,1.5348837209302326,2.372093023255814
mar_1375,mar,True,20,20,28,41,1.0,1.4,2.05
mar_1376,mar,True,33,44,63,98,1.3333333333333333,1.9090909090909092,2.9696969696969697
mar_1377,mar,True,45,60,78,111,1.3333333333333333,1.7333333333333334,2.466666666666667
mar_1378,mar,True,35,37,53,71,1.0571428571428572,1.5142857142857142,2.0285714285714285
mar_1379,mar,True,14,21,26,43,1.5,1.8571428571428572,3.0714285714285716
mar_1380,mar,True,35,44,53,82,1.2571428571428571,1.5142857142857142,2.342857142857143
mar_1381,mar,True,38,37,57,80,0.9736842105263158,1.5,2.1052631578947367
mar_1382,mar,True,20,19,26,42,0.95,1.3,2.1
mar_1383,mar,True,42,59,70,102,1.4047619047619047,1.6666666666666667,2.4285714285714284
mar_1384,mar,True,37,41,59,91,1.1081081081081081,1.5945945945945945,2.4594594594594597
mar_1385,mar,True,34,47,58,100,1.3823529411764706,1.7058823529411764,2.9411764705882355
mar_1386,mar,True,43,26,49,67,0.6046511627906976,1.1395348837209303,1.558139534883721
mar_1387,mar,True,28,28,48,78,1.0,1.7142857142857142,2.7857142857142856
mar_1388,mar,True,30,38,57,83,1.2666666666666666,1.9,2.7666666666666666
mar_1389,mar,True,15,21,29,36,1.4,1.9333333333333333,2.4
mar_1390,mar,True,71,80,98,154,1.1267605633802817,1.380281690140845,2.1690140845070425
mar_1391,mar,True,38,42,76,107,1.105263157894737,2.0,2.8157894736842106
mar_1392,mar,True,37,19,26,37,0.5135135135135135,0.7027027027027027,1.0
mar_1393,mar,True,39,52,84,126,1.3333333333333333,2.1538461538461537,3.230769230769231
mar_1394,mar,True,20,29,39,64,1.45,1.95,3.2
mar_1395,mar,True,31,33,40,63,1.064516129032258,1.2903225806451613,2.032258064516129
mar_1396,mar,True,23,27,36,53,1.173913043478261,1.565217391304348,2.3043478260869565
mar_1397,mar,True,41,34,48,74,0.8292682926829268,1.170731707317073,1.8048780487804879
mar_1398,mar,True,25,33,43,64,1.32,1.72,2.56
mar_1399,mar,True,16,15,25,26,0.9375,1.5625,1.625
tam_0000,tam,True,20,25,48,55,1.25,2.4,2.75
tam_0001,tam,True,35,35,70,81,1.0,2.0,2.3142857142857145
tam_0002,tam,True,44,60,119,116,1.3636363636363635,2.7045454545454546,2.6363636363636362
tam_0003,tam,True,35,45,80,66,1.2857142857142858,2.2857142857142856,1.8857142857142857
tam_0004,tam,True,32,43,84,67,1.34375,2.625,2.09375
tam_0005,tam,True,32,54,85,93,1.6875,2.65625,2.90625
tam_0006,tam,True,57,40,72,73,0.7017543859649122,1.263157894736842,1.280701754385965
tam_0007,tam,True,25,48,91,90,1.92,3.64,3.6
tam_0008,tam,True,33,51,81,84,1.5454545454545454,2.4545454545454546,2.5454545454545454
tam_0009,tam,True,23,29,55,51,1.2608695652173914,2.391304347826087,2.217391304347826
tam_0010,tam,True,21,30,65,68,1.4285714285714286,3.0952380952380953,3.238095238095238
tam_0011,tam,True,27,32,55,54,1.1851851851851851,2.037037037037037,2.0
tam_0012,tam,True,37,42,92,98,1.135135135135135,2.4864864864864864,2.6486486486486487
tam_0013,tam,True,34,61,81,82,1.7941176470588236,2.3823529411764706,2.411764705882353
tam_0014,tam,True,36,48,67,74,1.3333333333333333,1.8611111111111112,2.0555555555555554
tam_0015,tam,True,18,31,49,49,1.7222222222222223,2.7222222222222223,2.7222222222222223
tam_0016,tam,True,33,29,55,50,0.8787878787878788,1.6666666666666667,1.5151515151515151
tam_0017,tam,True,23,32,62,61,1.391304347826087,2.6956521739130435,2.652173913043478
tam_0018,tam,True,30,40,70,67,1.3333333333333333,2.3333333333333335,2.2333333333333334
tam_0019,tam,True,29,37,58,63,1.2758620689655173,2.0,2.1724137931034484
tam_0020,tam,True,25,34,72,73,1.36,2.88,2.92
tam_0021,tam,True,30,47,78,75,1.5666666666666667,2.6,2.5
tam_0022,tam,True,34,33,50,53,0.9705882352941176,1.4705882352941178,1.5588235294117647
tam_0023,tam,True,88,120,208,208,1.3636363636363635,2.3636363636363638,2.3636363636363638
tam_0024,tam,True,75,81,128,134,1.08,1.7066666666666668,1.7866666666666666
tam_0025,tam,True,48,74,128,118,1.5416666666666667,2.6666666666666665,2.4583333333333335
tam_0026,tam,True,30,45,96,98,1.5,3.2,3.2666666666666666
tam_0027,tam,True,24,37,65,59,1.5416666666666667,2.7083333333333335,2.4583333333333335
tam_0028,tam,True,45,64,117,133,1.4222222222222223,2.6,2.9555555555555557
tam_0029,tam,True,18,21,37,42,1.1666666666666667,2.0555555555555554,2.3333333333333335
tam_0030,tam,True,36,43,70,76,1.1944444444444444,1.9444444444444444,2.111111111111111
tam_0031,tam,True,30,37,58,51,1.2333333333333334,1.9333333333333333,1.7
tam_0032,tam,True,26,33,57,63,1.2692307692307692,2.1923076923076925,2.423076923076923
tam_0033,tam,True,33,49,86,104,1.4848484848484849,2.606060606060606,3.1515151515151514
tam_0034,tam,True,25,35,79,78,1.4,3.16,3.12
tam_0035,tam,True,37,57,89,99,1.5405405405405406,2.4054054054054053,2.675675675675676
tam_0036,tam,True,45,55,121,110,1.2222222222222223,2.688888888888889,2.4444444444444446
tam_0037,tam,True,31,47,68,75,1.5161290322580645,2.193548387096774,2.4193548387096775
tam_0038,tam,True,19,32,52,51,1.6842105263157894,2.736842105263158,2.6842105263157894
tam_0039,tam,True,20,34,70,63,1.7,3.5,3.15
tam_0040,tam,True,27,42,65,57,1.5555555555555556,2.4074074074074074,2.111111111111111
tam_0041,tam,True,23,21,36,40,0.9130434782608695,1.565217391304348,1.7391304347826086
tam_0042,tam,True,23,23,38,42,1.0,1.6521739130434783,1.826086956521739
tam_0043,tam,True,42,28,44,48,0.6666666666666666,1.0476190476190477,1.1428571428571428
tam_0044,tam,True,28,41,68,61,1.4642857142857142,2.4285714285714284,2.1785714285714284
tam_0045,tam,True,25,27,65,64,1.08,2.6,2.56
tam_0046,tam,True,37,31,51,56,0.8378378378378378,1.3783783783783783,1.5135135135135136
tam_0047,tam,True,43,69,104,118,1.6046511627906976,2.4186046511627906,2.744186046511628
tam_0048,tam,True,17,42,77,73,2.4705882352941178,4.529411764705882,4.294117647058823
tam_0049,tam,True,24,42,75,66,1.75,3.125,2.75
tam_0050,tam,True,26,44,74,69,1.6923076923076923,2.8461538461538463,2.6538461538461537
tam_0051,tam,True,33,56,64,76,1.696969696969697,1.9393939393939394,2.303030303030303
tam_0052,tam,True,14,23,39,41,1.6428571428571428,2.7857142857142856,2.9285714285714284
tam_0053,tam,True,29,15,26,32,0.5172413793103449,0.896551724137931,1.103448275862069
tam_0054,tam,True,20,30,44,49,1.5,2.2,2.45
tam_0055,tam,True,28,37,70,71,1.3214285714285714,2.5,2.5357142857142856
tam_0056,tam,True,21,28,58,60,1.3333333333333333,2.761904761904762,2.857142857142857
tam_0057,tam,True,39,57,108,108,1.4615384615384615,2.769230769230769,2.769230769230769
tam_0058,tam,True,37,52,100,92,1.4054054054054055,2.7027027027027026,2.4864864864864864
tam_0059,tam,True,33,43,94,88,1.303030303030303,2.8484848484848486,2.6666666666666665
tam_0060,tam,True,44,75,114,115,1.7045454545454546,2.590909090909091,2.6136363636363638
tam_0061,tam,True,23,30,56,47,1.3043478260869565,2.4347826086956523,2.0434782608695654
tam_0062,tam,True,35,40,65,64,1.1428571428571428,1.8571428571428572,1.8285714285714285
tam_0063,tam,True,19,27,41,44,1.4210526315789473,2.1578947368421053,2.3157894736842106
tam_0064,tam,True,24,40,75,63,1.6666666666666667,3.125,2.625
tam_0065,tam,True,37,51,95,90,1.3783783783783783,2.5675675675675675,2.4324324324324325
tam_0066,tam,True,18,31,52,52,1.7222222222222223,2.888888888888889,2.888888888888889
tam_0067,tam,True,18,13,30,29,0.7222222222222222,1.6666666666666667,1.6111111111111112
tam_0068,tam,True,30,49,103,109,1.6333333333333333,3.433333333333333,3.6333333333333333
tam_0069,tam,True,41,52,92,90,1.2682926829268293,2.2439024390243905,2.1951219512195124
tam_0070,tam,True,16,21,35,34,1.3125,2.1875,2.125
tam_0071,tam,True,17,23,55,51,1.3529411764705883,3.235294117647059,3.0
tam_0072,tam,True,34,31,62,61,0.9117647058823529,1.8235294117647058,1.7941176470588236
tam_0073,tam,True,27,28,42,39,1.037037037037037,1.5555555555555556,1.4444444444444444
tam_0074,tam,True,24,33,66,74,1.375,2.75,3.0833333333333335
tam_0075,tam,True,32,34,63,60,1.0625,1.96875,1.875
tam_0076,tam,True,34,32,65,57,0.9411764705882353,1.911764705882353,1.6764705882352942
tam_0077,tam,True,15,25,66,64,1.6666666666666667,4.4,4.266666666666667
tam_0078,tam,True,34,33,68,67,0.9705882352941176,2.0,1.9705882352941178
tam_0079,tam,True,41,52,86,85,1.2682926829268293,2.097560975609756,2.073170731707317
tam_0080,tam,True,26,38,67,68,1.4615384615384615,2.576923076923077,2.6153846153846154
tam_0081,tam,True,36,37,63,70,1.0277777777777777,1.75,1.9444444444444444
tam_0082,tam,True,29,29,53,52,1.0,1.8275862068965518,1.793103448275862
tam_0083,tam,True,35,46,72,71,1.3142857142857143,2.057142857142857,2.0285714285714285
tam_0084,tam,True,36,55,92,102,1.5277777777777777,2.5555555555555554,2.8333333333333335
tam_0085,tam,True,53,70,100,102,1.320754716981132,1.8867924528301887,1.9245283018867925
tam_0086,tam,True,28,40,64,65,1.4285714285714286,2.2857142857142856,2.3214285714285716
tam_0087,tam,True,33,41,73,80,1.2424242424242424,2.212121212121212,2.4242424242424243
tam_0088,tam,True,40,52,93,90,1.3,2.325,2.25
tam_0089,tam,True,38,52,89,96,1.368421052631579,2.3421052631578947,2.526315789473684
tam_0090,tam,True,27,38,77,74,1.4074074074074074,2.8518518518518516,2.740740740740741
tam_0091,tam,True,29,40,60,57,1.3793103448275863,2.0689655172413794,1.9655172413793103
tam_0092,tam,True,41,45,76,80,1.0975609756097562,1.853658536585366,1.951219512195122
tam_0093,tam,True,16,27,53,47,1.6875,3.3125,2.9375
tam_0094,tam,True,14,18,34,36,1.2857142857142858,2.4285714285714284,2.5714285714285716
tam_0095,tam,True,41,47,88,77,1.146341463414634,2.1463414634146343,1.8780487804878048
tam_0096,tam,True,23,28,47,54,1.2173913043478262,2.0434782608695654,2.347826086956522
tam_0097,tam,True,36,56,85,90,1.5555555555555556,2.361111111111111,2.5
tam_0098,tam,True,24,22,42,44,0.9166666666666666,1.75,1.8333333333333333
tam_0099,tam,True,49,58,97,102,1.183673469387755,1.9795918367346939,2.0816326530612246
tam_0100,tam,True,36,50,92,83,1.3888888888888888,2.5555555555555554,2.3055555555555554
tam_0101,tam,True,34,51,95,98,1.5,2.7941176470588234,2.8823529411764706
tam_0102,tam,True,22,21,50,51,0.9545454545454546,2.272727272727273,2.3181818181818183
tam_0103,tam,True,53,82,147,128,1.5471698113207548,2.7735849056603774,2.4150943396226414
tam_0104,tam,True,20,33,55,59,1.65,2.75,2.95
tam_0105,tam,True,30,36,80,65,1.2,2.6666666666666665,2.1666666666666665
tam_0106,tam,True,31,37,73,74,1.1935483870967742,2.3548387096774195,2.3870967741935485
tam_0107,tam,True,29,43,71,76,1.4827586206896552,2.4482758620689653,2.6206896551724137
tam_0108,tam,True,39,48,101,106,1.2307692307692308,2.58974358974359,2.717948717948718
tam_0109,tam,True,62,16,23,23,0.25806451612903225,0.3709677419354839,0.3709677419354839
tam_0110,tam,True,21,24,48,49,1.1428571428571428,2.2857142857142856,2.3333333333333335
tam_0111,tam,True,36,47,79,88,1.3055555555555556,2.1944444444444446,2.4444444444444446
tam_0112,tam,True,42,57,85,81,1.3571428571428572,2.0238095238095237,1.9285714285714286
tam_0113,tam,True,24,29,63,62,1.2083333333333333,2.625,2.5833333333333335
tam_0114,tam,True,23,30,59,65,1.3043478260869565,2.5652173913043477,2.8260869565217392
tam_0115,tam,True,49,55,87,99,1.1224489795918366,1.7755102040816326,2.020408163265306
tam_0116,tam,True,27,40,70,72,1.4814814814814814,2.5925925925925926,2.6666666666666665
tam_0117,tam,True,33,60,108,109,1.8181818181818181,3.272727272727273,3.303030303030303
tam_0118,tam,True,36,56,92,101,1.5555555555555556,2.5555555555555554,2.8055555555555554
tam_0119,tam,True,24,42,64,57,1.75,2.6666666666666665,2.375
tam_0120,tam,True,23,32,64,54,1.391304347826087,2.782608695652174,2.347826086956522
tam_0121,tam,True,33,25,59,52,0.7575757575757576,1.7878787878787878,1.5757575757575757
tam_0122,tam,True,26,38,63,71,1.4615384615384615,2.423076923076923,2.730769230769231
tam_0123,tam,True,11,9,27,23,0.8181818181818182,2.4545454545454546,2.090909090909091
tam_0124,tam,True,45,57,108,100,1.2666666666666666,2.4,2.2222222222222223
tam_0125,tam,True,27,37,59,65,1.3703703703703705,2.185185185185185,2.4074074074074074
tam_0126,tam,True,18,23,34,37,1.2777777777777777,1.8888888888888888,2.0555555555555554
tam_0127,tam,True,29,39,67,68,1.3448275862068966,2.310344827586207,2.3448275862068964
tam_0128,tam,True,26,29,48,47,1.1153846153846154,1.8461538461538463,1.8076923076923077
tam_0129,tam,True,20,35,52,50,1.75,2.6,2.5
tam_0130,tam,True,39,53,92,99,1.358974358974359,2.358974358974359,2.5384615384615383
tam_0131,tam,True,28,39,69,70,1.3928571428571428,2.4642857142857144,2.5
tam_0132,tam,True,20,22,41,42,1.1,2.05,2.1
tam_0133,tam,True,32,37,65,65,1.15625,2.03125,2.03125
tam_0134,tam,True,40,51,89,91,1.275,2.225,2.275
tam_0135,tam,True,24,24,52,54,1.0,2.1666666666666665,2.25
tam_0136,tam,True,31,41,98,100,1.3225806451612903,3.161290322580645,3.225806451612903
tam_0137,tam,True,17,19,41,47,1.1176470588235294,2.411764705882353,2.764705882352941
tam_0138,tam,True,38,49,79,76,1.2894736842105263,2.0789473684210527,2.0
tam_0139,tam,True,16,20,27,31,1.25,1.6875,1.9375
tam_0140,tam,True,14,21,36,37,1.5,2.5714285714285716,2.642857142857143
tam_0141,tam,True,23,25,51,50,1.0869565217391304,2.217391304347826,2.1739130434782608
tam_0142,tam,True,20,26,40,44,1.3,2.0,2.2
tam_0143,tam,True,25,34,56,54,1.36,2.24,2.16
tam_0144,tam,True,20,34,66,61,1.7,3.3,3.05
tam_0145,tam,True,48,62,101,105,1.2916666666666667,2.1041666666666665,2.1875
tam_0146,tam,True,20,35,60,50,1.75,3.0,2.5
tam_0147,tam,True,34,40,68,64,1.1764705882352942,2.0,1.8823529411764706
tam_0148,tam,True,37,41,90,87,1.1081081081081081,2.4324324324324325,2.3513513513513513
tam_0149,tam,True,25,37,68,72,1.48,2.72,2.88
tam_0150,tam,True,41,69,103,106,1.6829268292682926,2.5121951219512195,2.5853658536585367
tam_0151,tam,True,26,32,62,64,1.2307692307692308,2.3846153846153846,2.4615384615384617
tam_0152,tam,True,28,34,61,65,1.2142857142857142,2.1785714285714284,2.3214285714285716
tam_0153,tam,True,35,42,73,65,1.2,2.085714285714286,1.8571428571428572
tam_0154,tam,True,26,40,61,64,1.5384615384615385,2.3461538461538463,2.4615384615384617
tam_0155,tam,True,38,46,75,77,1.2105263157894737,1.9736842105263157,2.026315789473684
tam_0156,tam,True,30,34,55,60,1.1333333333333333,1.8333333333333333,2.0
tam_0157,tam,True,36,15,34,38,0.4166666666666667,0.9444444444444444,1.0555555555555556
tam_0158,tam,True,29,45,86,89,1.5517241379310345,2.9655172413793105,3.0689655172413794
tam_0159,tam,True,36,52,87,76,1.4444444444444444,2.4166666666666665,2.111111111111111
tam_0160,tam,True,36,15,27,25,0.4166666666666667,0.75,0.6944444444444444
tam_0161,tam,True,56,57,84,90,1.0178571428571428,1.5,1.6071428571428572
tam_0162,tam,True,24,28,49,52,1.1666666666666667,2.0416666666666665,2.1666666666666665
tam_0163,tam,True,29,30,68,62,1.0344827586206897,2.3448275862068964,2.1379310344827585
tam_0164,tam,True,25,19,37,39,0.76,1.48,1.56
tam_0165,tam,True,25,29,68,59,1.16,2.72,2.36
tam_0166,tam,True,25,33,55,54,1.32,2.2,2.16
tam_0167,tam,True,14,23,51,48,1.6428571428571428,3.642857142857143,3.4285714285714284
tam_0168,tam,True,35,46,102,92,1.3142857142857143,2.914285714285714,2.6285714285714286
tam_0169,tam,True,20,27,52,52,1.35,2.6,2.6
tam_0170,tam,True,23,50,83,80,2.1739130434782608,3.608695652173913,3.4782608695652173
tam_0171,tam,True,22,31,54,54,1.4090909090909092,2.4545454545454546,2.4545454545454546
tam_0172,tam,True,39,41,70,65,1.0512820512820513,1.794871794871795,1.6666666666666667
tam_0173,tam,True,25,39,61,63,1.56,2.44,2.52
tam_0174,tam,True,21,27,56,59,1.2857142857142858,2.6666666666666665,2.8095238095238093
tam_0175,tam,True,34,34,54,53,1.0,1.588235294117647,1.5588235294117647
tam_0176,tam,True,26,38,67,68,1.4615384615384615,2.576923076923077,2.6153846153846154
tam_0177,tam,True,35,44,58,63,1.2571428571428571,1.6571428571428573,1.8
tam_0178,tam,True,39,31,44,49,0.7948717948717948,1.1282051282051282,1.2564102564102564
tam_0179,tam,True,44,55,75,80,1.25,1.7045454545454546,1.8181818181818181
tam_0180,tam,True,25,32,54,50,1.28,2.16,2.0
tam_0181,tam,True,23,19,36,30,0.8260869565217391,1.565217391304348,1.3043478260869565
tam_0182,tam,True,19,29,44,47,1.5263157894736843,2.3157894736842106,2.473684210526316
tam_0183,tam,True,17,23,31,31,1.3529411764705883,1.8235294117647058,1.8235294117647058
tam_0184,tam,True,56,59,86,93,1.0535714285714286,1.5357142857142858,1.6607142857142858
tam_0185,tam,True,44,59,107,111,1.3409090909090908,2.4318181818181817,2.522727272727273
tam_0186,tam,True,33,36,74,69,1.0909090909090908,2.242424242424242,2.090909090909091
tam_0187,tam,True,21,34,54,53,1.619047619047619,2.5714285714285716,2.5238095238095237
tam_0188,tam,True,24,36,60,61,1.5,2.5,2.5416666666666665
tam_0189,tam,True,23,25,55,46,1.0869565217391304,2.391304347826087,2.0
tam_0190,tam,True,31,38,77,78,1.2258064516129032,2.4838709677419355,2.5161290322580645
tam_0191,tam,True,35,44,81,79,1.2571428571428571,2.3142857142857145,2.257142857142857
tam_0192,tam,True,17,20,39,41,1.1764705882352942,2.2941176470588234,2.411764705882353
tam_0193,tam,True,36,53,105,112,1.4722222222222223,2.9166666666666665,3.111111111111111
tam_0194,tam,True,37,45,76,66,1.2162162162162162,2.054054054054054,1.7837837837837838
tam_0195,tam,True,18,19,39,34,1.0555555555555556,2.1666666666666665,1.8888888888888888
tam_0196,tam,True,22,27,65,62,1.2272727272727273,2.9545454545454546,2.8181818181818183
tam_0197,tam,True,26,30,51,50,1.1538461538461537,1.9615384615384615,1.9230769230769231
tam_0198,tam,True,24,36,66,74,1.5,2.75,3.0833333333333335
tam_0199,tam,True,14,23,44,42,1.6428571428571428,3.142857142857143,3.0
tam_0200,tam,True,32,43,72,73,1.34375,2.25,2.28125
tam_0201,tam,True,29,40,79,75,1.3793103448275863,2.7241379310344827,2.586206896551724
tam_0202,tam,True,29,4,6,4,0.13793103448275862,0.20689655172413793,0.13793103448275862
tam_0203,tam,True,34,25,50,52,0.7352941176470589,1.4705882352941178,1.5294117647058822
tam_0204,tam,True,19,24,39,44,1.263157894736842,2.0526315789473686,2.3157894736842106
tam_0205,tam,True,22,25,51,55,1.1363636363636365,2.3181818181818183,2.5
tam_0206,tam,True,43,38,73,76,0.8837209302325582,1.697674418604651,1.7674418604651163
tam_0207,tam,True,15,19,44,33,1.2666666666666666,2.933333333333333,2.2
tam_0208,tam,True,21,26,37,38,1.2380952380952381,1.7619047619047619,1.8095238095238095
tam_0209,tam,True,16,17,27,22,1.0625,1.6875,1.375
tam_0210,tam,True,20,23,45,45,1.15,2.25,2.25
tam_0211,tam,True,46,63,119,99,1.3695652173913044,2.5869565217391304,2.152173913043478
tam_0212,tam,True,29,52,84,80,1.793103448275862,2.896551724137931,2.7586206896551726
tam_0213,tam,True,16,20,48,48,1.25,3.0,3.0
tam_0214,tam,True,24,12,22,25,0.5,0.9166666666666666,1.0416666666666667
tam_0215,tam,True,33,41,50,51,1.2424242424242424,1.5151515151515151,1.5454545454545454
tam_0216,tam,True,15,19,39,31,1.2666666666666666,2.6,2.066666666666667
tam_0217,tam,True,31,35,57,51,1.1290322580645162,1.8387096774193548,1.6451612903225807
tam_0218,tam,True,37,56,110,109,1.5135135135135136,2.972972972972973,2.945945945945946
tam_0219,tam,True,34,44,85,87,1.2941176470588236,2.5,2.5588235294117645
tam_0220,tam,True,47,32,54,58,0.6808510638297872,1.148936170212766,1.2340425531914894
tam_0221,tam,True,32,44,89,82,1.375,2.78125,2.5625
tam_0222,tam,True,22,33,63,59,1.5,2.8636363636363638,2.6818181818181817
tam_0223,tam,True,26,32,56,56,1.2307692307692308,2.1538461538461537,2.1538461538461537
tam_0224,tam,True,28,38,72,70,1.3571428571428572,2.5714285714285716,2.5
tam_0225,tam,True,25,30,39,38,1.2,1.56,1.52
tam_0226,tam,True,27,49,82,80,1.8148148148148149,3.037037037037037,2.962962962962963
tam_0227,tam,True,44,56,96,93,1.2727272727272727,2.1818181818181817,2.1136363636363638
tam_0228,tam,True,49,59,98,102,1.2040816326530612,2.0,2.0816326530612246
tam_0229,tam,True,57,72,127,136,1.263157894736842,2.2280701754385963,2.3859649122807016
tam_0230,tam,True,20,27,50,44,1.35,2.5,2.2
tam_0231,tam,True,25,44,75,85,1.76,3.0,3.4
tam_0232,tam,True,34,43,78,81,1.2647058823529411,2.2941176470588234,2.3823529411764706
tam_0233,tam,True,34,35,80,76,1.0294117647058822,2.3529411764705883,2.235294117647059
tam_0234,tam,True,26,31,59,59,1.1923076923076923,2.269230769230769,2.269230769230769
tam_0235,tam,True,28,27,51,51,0.9642857142857143,1.8214285714285714,1.8214285714285714
tam_0236,tam,True,36,199,228,309,5.527777777777778,6.333333333333333,8.583333333333334
tam_0237,tam,True,29,41,75,66,1.4137931034482758,2.586206896551724,2.2758620689655173
tam_0238,tam,True,33,41,95,86,1.2424242424242424,2.878787878787879,2.606060606060606
tam_0239,tam,True,21,24,50,52,1.1428571428571428,2.380952380952381,2.4761904761904763
tam_0240,tam,True,28,30,67,60,1.0714285714285714,2.392857142857143,2.142857142857143
tam_0241,tam,True,33,59,72,80,1.7878787878787878,2.1818181818181817,2.4242424242424243
tam_0242,tam,True,37,47,86,83,1.2702702702702702,2.324324324324324,2.2432432432432434
tam_0243,tam,True,17,35,76,70,2.0588235294117645,4.470588235294118,4.117647058823529
tam_0244,tam,True,17,21,47,42,1.2352941176470589,2.764705882352941,2.4705882352941178
tam_0245,tam,True,39,49,75,81,1.2564102564102564,1.9230769230769231,2.076923076923077
tam_0246,tam,True,23,41,67,63,1.7826086956521738,2.9130434782608696,2.739130434782609
tam_0247,tam,True,20,25,55,43,1.25,2.75,2.15
tam_0248,tam,True,23,32,51,55,1.391304347826087,2.217391304347826,2.391304347826087
tam_0249,tam,True,25,33,60,56,1.32,2.4,2.24
tam_0250,tam,True,59,77,146,147,1.305084745762712,2.4745762711864407,2.4915254237288136
tam_0251,tam,True,29,33,61,58,1.1379310344827587,2.103448275862069,2.0
tam_0252,tam,True,41,58,91,90,1.4146341463414633,2.2195121951219514,2.1951219512195124
tam_0253,tam,True,28,20,32,33,0.7142857142857143,1.1428571428571428,1.1785714285714286
tam_0254,tam,True,30,40,71,73,1.3333333333333333,2.3666666666666667,2.433333333333333
tam_0255,tam,True,41,46,82,81,1.1219512195121952,2.0,1.975609756097561
tam_0256,tam,True,24,31,57,59,1.2916666666666667,2.375,2.4583333333333335
tam_0257,tam,True,38,55,93,94,1.4473684210526316,2.4473684210526314,2.473684210526316
tam_0258,tam,True,29,32,63,54,1.103448275862069,2.1724137931034484,1.8620689655172413
tam_0259,tam,True,45,80,114,111,1.7777777777777777,2.533333333333333,2.466666666666667
tam_0260,tam,True,22,31,54,53,1.4090909090909092,2.4545454545454546,2.409090909090909
tam_0261,tam,True,43,41,88,89,0.9534883720930233,2.046511627906977,2.0697674418604652
tam_0262,tam,True,24,35,50,56,1.4583333333333333,2.0833333333333335,2.3333333333333335
tam_0263,tam,True,30,40,73,72,1.3333333333333333,2.433333333333333,2.4
tam_0264,tam,True,44,63,93,93,1.4318181818181819,2.1136363636363638,2.1136363636363638
tam_0265,tam,True,35,9,20,19,0.2571428571428571,0.5714285714285714,0.5428571428571428
tam_0266,tam,True,27,27,54,57,1.0,2.0,2.111111111111111
tam_0267,tam,True,22,25,35,39,1.1363636363636365,1.5909090909090908,1.7727272727272727
tam_0268,tam,True,27,29,47,39,1.0740740740740742,1.7407407407407407,1.4444444444444444
tam_0269,tam,True,30,17,31,26,0.5666666666666667,1.0333333333333334,0.8666666666666667
tam_0270,tam,True,44,45,71,74,1.0227272727272727,1.6136363636363635,1.6818181818181819
tam_0271,tam,True,34,41,84,89,1.2058823529411764,2.4705882352941178,2.6176470588235294
tam_0272,tam,True,18,21,35,36,1.1666666666666667,1.9444444444444444,2.0
tam_0273,tam,True,42,23,36,32,0.5476190476190477,0.8571428571428571,0.7619047619047619
tam_0274,tam,True,29,42,79,85,1.4482758620689655,2.7241379310344827,2.9310344827586206
tam_0275,tam,True,18,29,56,53,1.6111111111111112,3.111111111111111,2.9444444444444446
tam_0276,tam,True,45,73,130,152,1.6222222222222222,2.888888888888889,3.3777777777777778
tam_0277,tam,True,41,55,95,94,1.3414634146341464,2.317073170731707,2.292682926829268
tam_0278,tam,True,22,34,59,58,1.5454545454545454,2.6818181818181817,2.6363636363636362
tam_0279,tam,True,24,39,57,56,1.625,2.375,2.3333333333333335
tam_0280,tam,True,39,68,96,112,1.7435897435897436,2.4615384615384617,2.871794871794872
tam_0281,tam,True,41,33,67,66,0.8048780487804879,1.6341463414634145,1.6097560975609757
tam_0282,tam,True,44,59,99,99,1.3409090909090908,2.25,2.25
tam_0283,tam,True,19,23,47,45,1.2105263157894737,2.473684210526316,2.3684210526315788
tam_0284,tam,True,25,32,57,56,1.28,2.28,2.24
tam_0285,tam,True,33,62,101,108,1.878787878787879,3.0606060606060606,3.272727272727273
tam_0286,tam,True,27,31,63,64,1.1481481481481481,2.3333333333333335,2.3703703703703702
tam_0287,tam,True,28,36,68,66,1.2857142857142858,2.4285714285714284,2.357142857142857
tam_0288,tam,True,24,33,70,68,1.375,2.9166666666666665,2.8333333333333335
tam_0289,tam,True,41,66,124,117,1.6097560975609757,3.024390243902439,2.8536585365853657
tam_0290,tam,True,29,39,65,79,1.3448275862068966,2.2413793103448274,2.7241379310344827
tam_0291,tam,True,15,26,44,41,1.7333333333333334,2.933333333333333,2.7333333333333334
tam_0292,tam,True,47,59,98,103,1.2553191489361701,2.0851063829787235,2.1914893617021276
tam_0293,tam,True,38,51,80,83,1.3421052631578947,2.1052631578947367,2.1842105263157894
tam_0294,tam,True,26,34,50,54,1.3076923076923077,1.9230769230769231,2.076923076923077
tam_0295,tam,True,21,34,63,62,1.619047619047619,3.0,2.9523809523809526
tam_0296,tam,True,27,40,86,76,1.4814814814814814,3.185185185185185,2.814814814814815
tam_0297,tam,True,21,35,48,54,1.6666666666666667,2.2857142857142856,2.5714285714285716
tam_0298,tam,True,26,42,66,68,1.6153846153846154,2.5384615384615383,2.6153846153846154
tam_0299,tam,True,24,34,64,70,1.4166666666666667,2.6666666666666665,2.9166666666666665
tam_0300,tam,True,15,30,43,44,2.0,2.8666666666666667,2.933333333333333
tam_0301,tam,True,21,25,54,52,1.1904761904761905,2.5714285714285716,2.4761904761904763
tam_0302,tam,True,34,54,97,100,1.588235294117647,2.8529411764705883,2.9411764705882355
tam_0303,tam,True,23,21,42,44,0.9130434782608695,1.826086956521739,1.9130434782608696
tam_0304,tam,True,35,42,72,66,1.2,2.057142857142857,1.8857142857142857
tam_0305,tam,True,34,47,76,72,1.3823529411764706,2.235294117647059,2.1176470588235294
tam_0306,tam,True,23,27,60,57,1.173913043478261,2.608695652173913,2.4782608695652173
tam_0307,tam,True,25,35,58,57,1.4,2.32,2.28
tam_0308,tam,True,17,14,38,30,0.8235294117647058,2.235294117647059,1.7647058823529411
tam_0309,tam,True,35,44,80,69,1.2571428571428571,2.2857142857142856,1.9714285714285715
tam_0310,tam,True,30,41,85,84,1.3666666666666667,2.8333333333333335,2.8
tam_0311,tam,True,31,46,81,93,1.4838709677419355,2.6129032258064515,3.0
tam_0312,tam,True,42,51,89,91,1.2142857142857142,2.119047619047619,2.1666666666666665
tam_0313,tam,True,33,40,70,70,1.2121212121212122,2.121212121212121,2.121212121212121
tam_0314,tam,True,41,48,102,104,1.170731707317073,2.4878048780487805,2.5365853658536586
tam_0315,tam,True,41,46,85,81,1.1219512195121952,2.073170731707317,1.975609756097561
tam_0316,tam,True,23,31,59,64,1.3478260869565217,2.5652173913043477,2.782608695652174
tam_0317,tam,True,27,32,55,65,1.1851851851851851,2.037037037037037,2.4074074074074074
tam_0318,tam,True,44,60,104,98,1.3636363636363635,2.3636363636363638,2.227272727272727
tam_0319,tam,True,21,33,61,65,1.5714285714285714,2.9047619047619047,3.0952380952380953
tam_0320,tam,True,26,24,59,56,0.9230769230769231,2.269230769230769,2.1538461538461537
tam_0321,tam,True,21,30,47,49,1.4285714285714286,2.238095238095238,2.3333333333333335
tam_0322,tam,True,25,32,48,42,1.28,1.92,1.68
tam_0323,tam,True,47,106,128,126,2.25531914893617,2.723404255319149,2.6808510638297873
tam_0324,tam,True,29,32,68,58,1.103448275862069,2.3448275862068964,2.0
tam_0325,tam,True,44,57,91,91,1.2954545454545454,2.0681818181818183,2.0681818181818183
tam_0326,tam,True,30,45,79,70,1.5,2.6333333333333333,2.3333333333333335
tam_0327,tam,True,14,21,45,45,1.5,3.2142857142857144,3.2142857142857144
tam_0328,tam,True,31,42,60,63,1.3548387096774193,1.935483870967742,2.032258064516129
tam_0329,tam,True,21,17,45,47,0.8095238095238095,2.142857142857143,2.238095238095238
tam_0330,tam,True,22,30,52,56,1.3636363636363635,2.3636363636363638,2.5454545454545454
tam_0331,tam,True,39,50,85,80,1.2820512820512822,2.1794871794871793,2.051282051282051
tam_0332,tam,True,25,46,79,83,1.84,3.16,3.32
tam_0333,tam,True,17,18,36,34,1.0588235294117647,2.1176470588235294,2.0
tam_0334,tam,True,22,28,57,51,1.2727272727272727,2.590909090909091,2.3181818181818183
tam_0335,tam,True,23,33,58,70,1.434782608695652,2.5217391304347827,3.0434782608695654
tam_0336,tam,True,22,30,47,53,1.3636363636363635,2.1363636363636362,2.409090909090909
tam_0337,tam,True,31,31,58,60,1.0,1.8709677419354838,1.935483870967742
tam_0338,tam,True,20,26,51,53,1.3,2.55,2.65
tam_0339,tam,True,29,34,77,71,1.1724137931034482,2.6551724137931036,2.4482758620689653
tam_0340,tam,True,35,33,58,61,0.9428571428571428,1.6571428571428573,1.7428571428571429
tam_0341,tam,True,40,64,92,94,1.6,2.3,2.35
tam_0342,tam,True,20,30,54,58,1.5,2.7,2.9
tam_0343,tam,True,25,33,47,46,1.32,1.88,1.84
tam_0344,tam,True,34,53,93,93,1.5588235294117647,2.735294117647059,2.735294117647059
tam_0345,tam,True,38,48,74,72,1.263157894736842,1.9473684210526316,1.894736842105263
tam_0346,tam,True,25,30,46,42,1.2,1.84,1.68
tam_0347,tam,True,33,32,65,64,0.9696969696969697,1.9696969696969697,1.9393939393939394
tam_0348,tam,True,30,40,78,72,1.3333333333333333,2.6,2.4
tam_0349,tam,True,36,37,71,63,1.0277777777777777,1.9722222222222223,1.75
tam_0350,tam,True,19,28,46,45,1.4736842105263157,2.4210526315789473,2.3684210526315788
tam_0351,tam,True,24,27,47,58,1.125,1.9583333333333333,2.4166666666666665
tam_0352,tam,True,42,51,89,82,1.2142857142857142,2.119047619047619,1.9523809523809523
tam_0353,tam,True,41,48,67,81,1.170731707317073,1.6341463414634145,1.975609756097561
tam_0354,tam,True,43,27,49,60,0.627906976744186,1.1395348837209303,1.3953488372093024
tam_0355,tam,True,29,42,63,72,1.4482758620689655,2.1724137931034484,2.4827586206896552
tam_0356,tam,True,26,26,48,44,1.0,1.8461538461538463,1.6923076923076923
tam_0357,tam,True,19,25,53,54,1.3157894736842106,2.789473684210526,2.8421052631578947
tam_0358,tam,True,45,63,107,111,1.4,2.3777777777777778,2.466666666666667
tam_0359,tam,True,16,26,53,55,1.625,3.3125,3.4375
tam_0360,tam,True,45,60,103,115,1.3333333333333333,2.2888888888888888,2.5555555555555554
tam_0361,tam,True,40,52,85,81,1.3,2.125,2.025
tam_0362,tam,True,24,39,59,55,1.625,2.4583333333333335,2.2916666666666665
tam_0363,tam,True,28,43,62,58,1.5357142857142858,2.2142857142857144,2.0714285714285716
tam_0364,tam,True,34,40,80,87,1.1764705882352942,2.3529411764705883,2.5588235294117645
tam_0365,tam,True,26,33,64,65,1.2692307692307692,2.4615384615384617,2.5
tam_0366,tam,True,46,74,136,146,1.608695652173913,2.9565217391304346,3.1739130434782608
tam_0367,tam,True,35,43,73,77,1.2285714285714286,2.085714285714286,2.2
tam_0368,tam,True,28,41,66,70,1.4642857142857142,2.357142857142857,2.5
tam_0369,tam,True,35,45,73,73,1.2857142857142858,2.085714285714286,2.085714285714286
tam_0370,tam,True,25,33,60,54,1.32,2.4,2.16
tam_0371,tam,True,23,30,52,56,1.3043478260869565,2.260869565217391,2.4347826086956523
tam_0372,tam,True,16,23,37,38,1.4375,2.3125,2.375
tam_0373,tam,True,25,43,78,73,1.72,3.12,2.92
tam_0374,tam,True,25,36,72,74,1.44,2.88,2.96
tam_0375,tam,True,24,34,62,53,1.4166666666666667,2.5833333333333335,2.2083333333333335
tam_0376,tam,True,17,22,39,41,1.2941176470588236,2.2941176470588234,2.411764705882353
tam_0377,tam,True,24,35,51,64,1.4583333333333333,2.125,2.6666666666666665
tam_0378,tam,True,17,28,45,46,1.6470588235294117,2.6470588235294117,2.7058823529411766
tam_0379,tam,True,23,34,64,61,1.4782608695652173,2.782608695652174,2.652173913043478
tam_0380,tam,True,23,29,44,34,1.2608695652173914,1.9130434782608696,1.4782608695652173
tam_0381,tam,True,40,56,110,116,1.4,2.75,2.9
tam_0382,tam,True,37,67,102,101,1.8108108108108107,2.7567567567567566,2.72972972972973
tam_0383,tam,True,26,33,56,66,1.2692307692307692,2.1538461538461537,2.5384615384615383
tam_0384,tam,True,30,43,65,70,1.4333333333333333,2.1666666666666665,2.3333333333333335
tam_0385,tam,True,24,23,33,30,0.9583333333333334,1.375,1.25
tam_0386,tam,True,27,36,66,59,1.3333333333333333,2.4444444444444446,2.185185185185185
tam_0387,tam,True,22,26,55,51,1.1818181818181819,2.5,2.3181818181818183
tam_0388,tam,True,29,28,55,48,0.9655172413793104,1.896551724137931,1.6551724137931034
tam_0389,tam,True,41,60,106,113,1.4634146341463414,2.5853658536585367,2.7560975609756095
tam_0390,tam,True,33,56,100,95,1.696969696969697,3.0303030303030303,2.878787878787879
tam_0391,tam,True,27,35,58,64,1.2962962962962963,2.1481481481481484,2.3703703703703702
tam_0392,tam,True,26,30,49,44,1.1538461538461537,1.8846153846153846,1.6923076923076923
tam_0393,tam,True,43,35,63,64,0.813953488372093,1.4651162790697674,1.4883720930232558
tam_0394,tam,True,20,24,40,39,1.2,2.0,1.95
tam_0395,tam,True,54,67,126,122,1.2407407407407407,2.3333333333333335,2.259259259259259
tam_0396,tam,True,75,92,143,140,1.2266666666666666,1.9066666666666667,1.8666666666666667
tam_0397,tam,True,40,60,95,93,1.5,2.375,2.325
tam_0398,tam,True,29,52,87,82,1.793103448275862,3.0,2.8275862068965516
tam_0399,tam,True,27,40,61,63,1.4814814814814814,2.259259259259259,2.3333333333333335
tam_0400,tam,True,36,40,76,73,1.1111111111111112,2.111111111111111,2.0277777777777777
tam_0401,tam,True,36,53,76,87,1.4722222222222223,2.111111111111111,2.4166666666666665
tam_0402,tam,True,20,29,58,57,1.45,2.9,2.85
tam_0403,tam,True,40,58,101,100,1.45,2.525,2.5
tam_0404,tam,True,35,39,72,69,1.1142857142857143,2.057142857142857,1.9714285714285715
tam_0405,tam,True,20,26,43,51,1.3,2.15,2.55
tam_0406,tam,True,17,22,25,25,1.2941176470588236,1.4705882352941178,1.4705882352941178
tam_0407,tam,True,25,37,55,52,1.48,2.2,2.08
tam_0408,tam,True,39,54,95,95,1.3846153846153846,2.4358974358974357,2.4358974358974357
tam_0409,tam,True,51,50,75,86,0.9803921568627451,1.4705882352941178,1.6862745098039216
tam_0410,tam,True,16,27,42,47,1.6875,2.625,2.9375
tam_0411,tam,True,24,13,39,43,0.5416666666666666,1.625,1.7916666666666667
tam_0412,tam,True,30,37,71,72,1.2333333333333334,2.3666666666666667,2.4
tam_0413,tam,True,30,35,66,67,1.1666666666666667,2.2,2.2333333333333334
tam_0414,tam,True,24,27,52,49,1.125,2.1666666666666665,2.0416666666666665
tam_0415,tam,True,17,16,29,30,0.9411764705882353,1.7058823529411764,1.7647058823529411
tam_0416,tam,True,18,26,36,36,1.4444444444444444,2.0,2.0
tam_0417,tam,True,30,32,66,65,1.0666666666666667,2.2,2.1666666666666665
tam_0418,tam,True,23,29,57,47,1.2608695652173914,2.4782608695652173,2.0434782608695654
tam_0419,tam,True,25,36,81,83,1.44,3.24,3.32
tam_0420,tam,True,20,31,58,55,1.55,2.9,2.75
tam_0421,tam,True,32,36,87,75,1.125,2.71875,2.34375
tam_0422,tam,True,22,33,53,52,1.5,2.409090909090909,2.3636363636363638
tam_0423,tam,True,43,70,107,120,1.627906976744186,2.488372093023256,2.7906976744186047
tam_0424,tam,True,22,30,60,53,1.3636363636363635,2.727272727272727,2.409090909090909
tam_0425,tam,True,28,46,65,68,1.6428571428571428,2.3214285714285716,2.4285714285714284
tam_0426,tam,True,29,39,59,61,1.3448275862068966,2.0344827586206895,2.103448275862069
tam_0427,tam,True,41,62,110,88,1.5121951219512195,2.682926829268293,2.1463414634146343
tam_0428,tam,True,32,36,64,66,1.125,2.0,2.0625
tam_0429,tam,True,40,62,117,116,1.55,2.925,2.9
tam_0430,tam,True,21,27,42,41,1.2857142857142858,2.0,1.9523809523809523
tam_0431,tam,True,29,36,73,70,1.2413793103448276,2.5172413793103448,2.413793103448276
tam_0432,tam,True,37,42,63,72,1.135135135135135,1.7027027027027026,1.945945945945946
tam_0433,tam,True,47,63,100,93,1.3404255319148937,2.127659574468085,1.9787234042553192
tam_0434,tam,True,30,40,79,72,1.3333333333333333,2.6333333333333333,2.4
tam_0435,tam,True,26,41,64,63,1.5769230769230769,2.4615384615384617,2.423076923076923
tam_0436,tam,True,37,49,90,82,1.3243243243243243,2.4324324324324325,2.2162162162162162
tam_0437,tam,True,13,19,32,24,1.4615384615384615,2.4615384615384617,1.8461538461538463
tam_0438,tam,True,29,36,64,74,1.2413793103448276,2.206896551724138,2.5517241379310347
tam_0439,tam,True,30,38,87,85,1.2666666666666666,2.9,2.8333333333333335
tam_0440,tam,True,34,48,76,68,1.411764705882353,2.235294117647059,2.0
tam_0441,tam,True,28,23,50,45,0.8214285714285714,1.7857142857142858,1.6071428571428572
tam_0442,tam,True,41,46,76,71,1.1219512195121952,1.853658536585366,1.7317073170731707
tam_0443,tam,True,50,28,39,46,0.56,0.78,0.92
tam_0444,tam,True,35,41,77,90,1.1714285714285715,2.2,2.5714285714285716
tam_0445,tam,True,15,23,41,34,1.5333333333333334,2.7333333333333334,2.2666666666666666
tam_0446,tam,True,25,35,80,84,1.4,3.2,3.36
tam_0447,tam,True,14,25,35,38,1.7857142857142858,2.5,2.7142857142857144
tam_0448,tam,True,28,55,71,75,1.9642857142857142,2.5357142857142856,2.6785714285714284
tam_0449,tam,True,22,32,66,63,1.4545454545454546,3.0,2.8636363636363638
tam_0450,tam,True,21,26,58,51,1.2380952380952381,2.761904761904762,2.4285714285714284
tam_0451,tam,True,36,44,80,88,1.2222222222222223,2.2222222222222223,2.4444444444444446
tam_0452,tam,True,44,56,81,90,1.2727272727272727,1.8409090909090908,2.0454545454545454
tam_0453,tam,True,30,36,63,53,1.2,2.1,1.7666666666666666
tam_0454,tam,True,15,17,42,34,1.1333333333333333,2.8,2.2666666666666666
tam_0455,tam,True,15,22,44,35,1.4666666666666666,2.933333333333333,2.3333333333333335
tam_0456,tam,True,16,30,44,48,1.875,2.75,3.0
tam_0457,tam,True,29,45,83,94,1.5517241379310345,2.8620689655172415,3.2413793103448274
tam_0458,tam,True,40,49,91,83,1.225,2.275,2.075
tam_0459,tam,True,36,53,94,93,1.4722222222222223,2.611111111111111,2.5833333333333335
tam_0460,tam,True,26,36,66,65,1.3846153846153846,2.5384615384615383,2.5
tam_0461,tam,True,31,35,68,68,1.1290322580645162,2.193548387096774,2.193548387096774
tam_0462,tam,True,21,34,46,52,1.619047619047619,2.1904761904761907,2.4761904761904763
tam_0463,tam,True,36,22,37,31,0.6111111111111112,1.0277777777777777,0.8611111111111112
tam_0464,tam,True,29,30,58,51,1.0344827586206897,2.0,1.7586206896551724
tam_0465,tam,True,35,50,108,96,1.4285714285714286,3.085714285714286,2.742857142857143
tam_0466,tam,True,21,25,52,48,1.1904761904761905,2.4761904761904763,2.2857142857142856
tam_0467,tam,True,25,23,34,35,0.92,1.36,1.4
tam_0468,tam,True,39,47,76,83,1.205128205128205,1.9487179487179487,2.128205128205128
tam_0469,tam,True,21,29,55,57,1.380952380952381,2.619047619047619,2.7142857142857144
tam_0470,tam,True,17,27,53,50,1.588235294117647,3.1176470588235294,2.9411764705882355
tam_0471,tam,True,24,33,59,51,1.375,2.4583333333333335,2.125
tam_0472,tam,True,28,34,64,59,1.2142857142857142,2.2857142857142856,2.107142857142857
tam_0473,tam,True,15,31,46,46,2.066666666666667,3.066666666666667,3.066666666666667
tam_0474,tam,True,35,21,36,32,0.6,1.0285714285714285,0.9142857142857143
tam_0475,tam,True,42,46,75,82,1.0952380952380953,1.7857142857142858,1.9523809523809523
tam_0476,tam,True,19,24,40,42,1.263157894736842,2.1052631578947367,2.210526315789474
tam_0477,tam,True,40,57,83,84,1.425,2.075,2.1
tam_0478,tam,True,17,26,50,49,1.5294117647058822,2.9411764705882355,2.8823529411764706
tam_0479,tam,True,34,42,70,73,1.2352941176470589,2.0588235294117645,2.1470588235294117
tam_0480,tam,True,30,42,65,64,1.4,2.1666666666666665,2.1333333333333333
tam_0481,tam,True,32,38,69,71,1.1875,2.15625,2.21875
tam_0482,tam,True,19,31,51,50,1.631578947368421,2.6842105263157894,2.6315789473684212
tam_0483,tam,True,20,22,39,35,1.1,1.95,1.75
tam_0484,tam,True,40,50,75,82,1.25,1.875,2.05
tam_0485,tam,True,17,24,45,51,1.411764705882353,2.6470588235294117,3.0
tam_0486,tam,True,21,21,29,28,1.0,1.380952380952381,1.3333333333333333
tam_0487,tam,True,14,23,51,48,1.6428571428571428,3.642857142857143,3.4285714285714284
tam_0488,tam,True,43,53,91,98,1.2325581395348837,2.116279069767442,2.2790697674418605
tam_0489,tam,True,45,67,96,97,1.488888888888889,2.1333333333333333,2.1555555555555554
tam_0490,tam,True,43,54,116,116,1.255813953488372,2.697674418604651,2.697674418604651
tam_0491,tam,True,21,24,37,44,1.1428571428571428,1.7619047619047619,2.0952380952380953
tam_0492,tam,True,35,43,74,72,1.2285714285714286,2.1142857142857143,2.057142857142857
tam_0493,tam,True,45,62,112,114,1.3777777777777778,2.488888888888889,2.533333333333333
tam_0494,tam,True,21,27,41,39,1.2857142857142858,1.9523809523809523,1.8571428571428572
tam_0495,tam,True,42,54,84,85,1.2857142857142858,2.0,2.0238095238095237
tam_0496,tam,True,27,39,81,68,1.4444444444444444,3.0,2.5185185185185186
tam_0497,tam,True,28,41,53,64,1.4642857142857142,1.8928571428571428,2.2857142857142856
tam_0498,tam,True,27,35,63,64,1.2962962962962963,2.3333333333333335,2.3703703703703702
tam_0499,tam,True,20,43,68,61,2.15,3.4,3.05
tam_0500,tam,True,26,28,46,51,1.0769230769230769,1.7692307692307692,1.9615384615384615
tam_0501,tam,True,42,63,106,111,1.5,2.5238095238095237,2.642857142857143
tam_0502,tam,True,34,44,75,73,1.2941176470588236,2.2058823529411766,2.1470588235294117
tam_0503,tam,True,31,39,81,71,1.2580645161290323,2.6129032258064515,2.2903225806451615
tam_0504,tam,True,24,20,36,24,0.8333333333333334,1.5,1.0
tam_0505,tam,True,23,32,53,57,1.391304347826087,2.3043478260869565,2.4782608695652173
tam_0506,tam,True,44,55,95,101,1.25,2.159090909090909,2.2954545454545454
tam_0507,tam,True,36,20,33,27,0.5555555555555556,0.9166666666666666,0.75
tam_0508,tam,True,32,52,114,105,1.625,3.5625,3.28125
tam_0509,tam,True,29,29,51,50,1.0,1.7586206896551724,1.7241379310344827
tam_0510,tam,True,31,38,79,80,1.2258064516129032,2.5483870967741935,2.5806451612903225
tam_0511,tam,True,44,62,98,98,1.4090909090909092,2.227272727272727,2.227272727272727
tam_0512,tam,True,71,83,167,165,1.1690140845070423,2.352112676056338,2.323943661971831
tam_0513,tam,True,40,45,73,79,1.125,1.825,1.975
tam_0514,tam,True,38,44,84,79,1.1578947368421053,2.210526315789474,2.0789473684210527
tam_0515,tam,True,20,20,37,33,1.0,1.85,1.65
tam_0516,tam,True,45,61,107,116,1.3555555555555556,2.3777777777777778,2.577777777777778
tam_0517,tam,True,48,54,118,114,1.125,2.4583333333333335,2.375
tam_0518,tam,True,36,42,78,79,1.1666666666666667,2.1666666666666665,2.1944444444444446
tam_0519,tam,True,41,60,124,125,1.4634146341463414,3.024390243902439,3.048780487804878
tam_0520,tam,True,35,42,60,58,1.2,1.7142857142857142,1.6571428571428573
tam_0521,tam,True,38,41,80,69,1.0789473684210527,2.1052631578947367,1.8157894736842106
tam_0522,tam,True,39,67,131,131,1.7179487179487178,3.358974358974359,3.358974358974359
tam_0523,tam,True,39,65,116,110,1.6666666666666667,2.9743589743589745,2.8205128205128207
tam_0524,tam,True,37,44,61,70,1.1891891891891893,1.6486486486486487,1.8918918918918919
tam_0525,tam,True,48,61,111,105,1.2708333333333333,2.3125,2.1875
tam_0526,tam,True,29,25,46,50,0.8620689655172413,1.5862068965517242,1.7241379310344827
tam_0527,tam,True,30,43,81,87,1.4333333333333333,2.7,2.9
tam_0528,tam,True,43,61,95,109,1.4186046511627908,2.2093023255813953,2.5348837209302326
tam_0529,tam,True,33,43,81,90,1.303030303030303,2.4545454545454546,2.727272727272727
tam_0530,tam,True,29,36,59,58,1.2413793103448276,2.0344827586206895,2.0
tam_0531,tam,True,75,90,170,162,1.2,2.2666666666666666,2.16
tam_0532,tam,True,38,45,69,68,1.1842105263157894,1.8157894736842106,1.7894736842105263
tam_0533,tam,True,54,74,141,137,1.3703703703703705,2.611111111111111,2.537037037037037
tam_0534,tam,True,25,34,69,60,1.36,2.76,2.4
tam_0535,tam,True,22,40,71,70,1.8181818181818181,3.227272727272727,3.1818181818181817
tam_0536,tam,True,16,21,44,36,1.3125,2.75,2.25
tam_0537,tam,True,36,48,75,87,1.3333333333333333,2.0833333333333335,2.4166666666666665
tam_0538,tam,True,25,43,79,78,1.72,3.16,3.12
tam_0539,tam,True,21,26,47,44,1.2380952380952381,2.238095238095238,2.0952380952380953
tam_0540,tam,True,41,71,115,106,1.7317073170731707,2.8048780487804876,2.5853658536585367
tam_0541,tam,True,31,39,61,62,1.2580645161290323,1.967741935483871,2.0
tam_0542,tam,True,17,20,51,48,1.1764705882352942,3.0,2.823529411764706
tam_0543,tam,True,35,38,79,66,1.0857142857142856,2.257142857142857,1.8857142857142857
tam_0544,tam,True,29,28,43,49,0.9655172413793104,1.4827586206896552,1.6896551724137931
tam_0545,tam,True,26,40,68,68,1.5384615384615385,2.6153846153846154,2.6153846153846154
tam_0546,tam,True,21,33,60,68,1.5714285714285714,2.857142857142857,3.238095238095238
tam_0547,tam,True,28,34,57,64,1.2142857142857142,2.0357142857142856,2.2857142857142856
tam_0548,tam,True,40,55,80,89,1.375,2.0,2.225
tam_0549,tam,True,54,77,140,135,1.4259259259259258,2.5925925925925926,2.5
tam_0550,tam,True,19,29,46,49,1.5263157894736843,2.4210526315789473,2.5789473684210527
tam_0551,tam,True,38,64,112,107,1.6842105263157894,2.9473684210526314,2.8157894736842106
tam_0552,tam,True,25,30,71,73,1.2,2.84,2.92
tam_0553,tam,True,26,43,60,71,1.6538461538461537,2.3076923076923075,2.730769230769231
tam_0554,tam,True,50,87,146,143,1.74,2.92,2.86
tam_0555,tam,True,20,30,60,52,1.5,3.0,2.6
tam_0556,tam,True,33,41,72,83,1.2424242424242424,2.1818181818181817,2.515151515151515
tam_0557,tam,True,14,17,32,34,1.2142857142857142,2.2857142857142856,2.4285714285714284
tam_0558,tam,True,39,56,113,114,1.435897435897436,2.8974358974358974,2.923076923076923
tam_0559,tam,True,21,31,64,58,1.4761904761904763,3.0476190476190474,2.761904761904762
tam_0560,tam,True,50,79,153,149,1.58,3.06,2.98
tam_0561,tam,True,34,42,66,57,1.2352941176470589,1.9411764705882353,1.6764705882352942
tam_0562,tam,True,25,30,63,53,1.2,2.52,2.12
tam_0563,tam,True,38,50,104,100,1.3157894736842106,2.736842105263158,2.6315789473684212
tam_0564,tam,True,29,46,80,97,1.5862068965517242,2.7586206896551726,3.3448275862068964
tam_0565,tam,True,22,38,71,70,1.7272727272727273,3.227272727272727,3.1818181818181817
tam_0566,tam,True,11,11,29,27,1.0,2.6363636363636362,2.4545454545454546
tam_0567,tam,True,41,50,111,118,1.2195121951219512,2.707317073170732,2.8780487804878048
tam_0568,tam,True,35,39,67,78,1.1142857142857143,1.9142857142857144,2.2285714285714286
tam_0569,tam,True,22,26,49,49,1.1818181818181819,2.227272727272727,2.227272727272727
tam_0570,tam,True,19,28,46,45,1.4736842105263157,2.4210526315789473,2.3684210526315788
tam_0571,tam,True,48,63,113,108,1.3125,2.3541666666666665,2.25
tam_0572,tam,True,54,76,144,136,1.4074074074074074,2.6666666666666665,2.5185185185185186
tam_0573,tam,True,13,13,25,19,1.0,1.9230769230769231,1.4615384615384615
tam_0574,tam,True,31,19,32,37,0.6129032258064516,1.032258064516129,1.1935483870967742
tam_0575,tam,True,29,54,97,95,1.8620689655172413,3.3448275862068964,3.2758620689655173
tam_0576,tam,True,22,26,47,45,1.1818181818181819,2.1363636363636362,2.0454545454545454
tam_0577,tam,True,24,38,64,63,1.5833333333333333,2.6666666666666665,2.625
tam_0578,tam,True,33,48,88,91,1.4545454545454546,2.6666666666666665,2.757575757575758
tam_0579,tam,True,13,19,32,24,1.4615384615384615,2.4615384615384617,1.8461538461538463
tam_0580,tam,True,29,38,75,68,1.3103448275862069,2.586206896551724,2.3448275862068964
tam_0581,tam,True,39,34,73,79,0.8717948717948718,1.8717948717948718,2.0256410256410255
tam_0582,tam,True,18,25,32,34,1.3888888888888888,1.7777777777777777,1.8888888888888888
tam_0583,tam,True,21,26,57,46,1.2380952380952381,2.7142857142857144,2.1904761904761907
tam_0584,tam,True,26,32,57,68,1.2307692307692308,2.1923076923076925,2.6153846153846154
tam_0585,tam,True,41,33,55,61,0.8048780487804879,1.3414634146341464,1.4878048780487805
tam_0586,tam,True,31,44,91,78,1.4193548387096775,2.935483870967742,2.5161290322580645
tam_0587,tam,True,29,36,74,66,1.2413793103448276,2.5517241379310347,2.2758620689655173
tam_0588,tam,True,26,42,67,82,1.6153846153846154,2.576923076923077,3.1538461538461537
tam_0589,tam,True,54,74,135,127,1.3703703703703705,2.5,2.3518518518518516
tam_0590,tam,True,44,59,92,118,1.3409090909090908,2.090909090909091,2.6818181818181817
tam_0591,tam,True,25,33,59,56,1.32,2.36,2.24
tam_0592,tam,True,16,24,39,33,1.5,2.4375,2.0625
tam_0593,tam,True,22,33,55,56,1.5,2.5,2.5454545454545454
tam_0594,tam,True,19,41,68,69,2.1578947368421053,3.5789473684210527,3.6315789473684212
tam_0595,tam,True,34,42,73,73,1.2352941176470589,2.1470588235294117,2.1470588235294117
tam_0596,tam,True,40,42,70,63,1.05,1.75,1.575
tam_0597,tam,True,26,40,67,69,1.5384615384615385,2.576923076923077,2.6538461538461537
tam_0598,tam,True,27,32,60,68,1.1851851851851851,2.2222222222222223,2.5185185185185186
tam_0599,tam,True,26,37,61,54,1.4230769230769231,2.3461538461538463,2.076923076923077
tam_0600,tam,True,15,28,45,44,1.8666666666666667,3.0,2.933333333333333
tam_0601,tam,True,28,31,58,62,1.1071428571428572,2.0714285714285716,2.2142857142857144
tam_0602,tam,True,34,50,87,81,1.4705882352941178,2.5588235294117645,2.3823529411764706
tam_0603,tam,True,25,29,69,63,1.16,2.76,2.52
tam_0604,tam,True,47,58,109,116,1.2340425531914894,2.3191489361702127,2.4680851063829787
tam_0605,tam,True,44,66,105,108,1.5,2.3863636363636362,2.4545454545454546
tam_0606,tam,True,28,4,4,6,0.14285714285714285,0.14285714285714285,0.21428571428571427
tam_0607,tam,True,16,19,28,30,1.1875,1.75,1.875
tam_0608,tam,True,38,64,112,114,1.6842105263157894,2.9473684210526314,3.0
tam_0609,tam,True,14,24,37,38,1.7142857142857142,2.642857142857143,2.7142857142857144
tam_0610,tam,True,36,40,64,71,1.1111111111111112,1.7777777777777777,1.9722222222222223
tam_0611,tam,True,20,31,45,40,1.55,2.25,2.0
tam_0612,tam,True,30,42,81,80,1.4,2.7,2.6666666666666665
tam_0613,tam,True,25,35,76,66,1.4,3.04,2.64
tam_0614,tam,True,23,41,57,60,1.7826086956521738,2.4782608695652173,2.608695652173913
tam_0615,tam,True,32,44,71,68,1.375,2.21875,2.125
tam_0616,tam,True,15,16,43,34,1.0666666666666667,2.8666666666666667,2.2666666666666666
tam_0617,tam,True,27,33,53,56,1.2222222222222223,1.962962962962963,2.074074074074074
tam_0618,tam,True,42,55,90,96,1.3095238095238095,2.142857142857143,2.2857142857142856
tam_0619,tam,False,25,27,56,53,1.08,2.24,2.12
tam_0620,tam,True,27,32,71,61,1.1851851851851851,2.6296296296296298,2.259259259259259
tam_0621,tam,True,20,23,46,51,1.15,2.3,2.55
tam_0622,tam,True,14,18,32,33,1.2857142857142858,2.2857142857142856,2.357142857142857
tam_0623,tam,True,36,42,72,69,1.1666666666666667,2.0,1.9166666666666667
tam_0624,tam,True,50,64,90,110,1.28,1.8,2.2
tam_0625,tam,True,25,35,73,64,1.4,2.92,2.56
tam_0626,tam,True,26,33,52,54,1.2692307692307692,2.0,2.076923076923077
tam_0627,tam,True,23,40,60,66,1.7391304347826086,2.608695652173913,2.869565217391304
tam_0628,tam,True,35,45,82,89,1.2857142857142858,2.342857142857143,2.5428571428571427
tam_0629,tam,True,16,19,36,29,1.1875,2.25,1.8125
tam_0630,tam,True,36,41,85,90,1.1388888888888888,2.361111111111111,2.5
tam_0631,tam,True,22,30,50,46,1.3636363636363635,2.272727272727273,2.090909090909091
tam_0632,tam,True,21,35,64,62,1.6666666666666667,3.0476190476190474,2.9523809523809526
tam_0633,tam,True,35,43,76,80,1.2285714285714286,2.1714285714285713,2.2857142857142856
tam_0634,tam,True,20,28,51,60,1.4,2.55,3.0
tam_0635,tam,True,45,68,103,103,1.511111111111111,2.2888888888888888,2.2888888888888888
tam_0636,tam,True,29,35,44,57,1.206896551724138,1.5172413793103448,1.9655172413793103
tam_0637,tam,True,29,37,70,72,1.2758620689655173,2.413793103448276,2.4827586206896552
tam_0638,tam,True,45,61,103,111,1.3555555555555556,2.2888888888888888,2.466666666666667
tam_0639,tam,True,50,91,161,161,1.82,3.22,3.22
tam_0640,tam,True,23,35,56,59,1.5217391304347827,2.4347826086956523,2.5652173913043477
tam_0641,tam,True,49,67,127,129,1.3673469387755102,2.5918367346938775,2.63265306122449
tam_0642,tam,True,40,26,55,58,0.65,1.375,1.45
tam_0643,tam,True,21,33,55,60,1.5714285714285714,2.619047619047619,2.857142857142857
tam_0644,tam,True,25,44,67,67,1.76,2.68,2.68
tam_0645,tam,True,33,28,65,62,0.8484848484848485,1.9696969696969697,1.878787878787879
tam_0646,tam,True,26,27,55,52,1.0384615384615385,2.1153846153846154,2.0
tam_0647,tam,True,13,18,29,29,1.3846153846153846,2.230769230769231,2.230769230769231
tam_0648,tam,True,38,60,106,103,1.5789473684210527,2.789473684210526,2.710526315789474
tam_0649,tam,True,35,45,79,69,1.2857142857142858,2.257142857142857,1.9714285714285715
tam_0650,tam,True,32,47,74,79,1.46875,2.3125,2.46875
tam_0651,tam,True,21,31,50,54,1.4761904761904763,2.380952380952381,2.5714285714285716
tam_0652,tam,True,30,44,77,70,1.4666666666666666,2.566666666666667,2.3333333333333335
tam_0653,tam,True,16,19,36,34,1.1875,2.25,2.125
tam_0654,tam,True,33,46,80,78,1.393939393939394,2.4242424242424243,2.3636363636363638
tam_0655,tam,True,35,42,80,69,1.2,2.2857142857142856,1.9714285714285715
tam_0656,tam,True,24,38,56,55,1.5833333333333333,2.3333333333333335,2.2916666666666665
tam_0657,tam,True,30,44,93,101,1.4666666666666666,3.1,3.3666666666666667
tam_0658,tam,True,40,38,62,68,0.95,1.55,1.7
tam_0659,tam,True,27,27,54,58,1.0,2.0,2.1481481481481484
tam_0660,tam,True,39,57,93,93,1.4615384615384615,2.3846153846153846,2.3846153846153846
tam_0661,tam,True,41,58,84,87,1.4146341463414633,2.048780487804878,2.1219512195121952
tam_0662,tam,True,25,24,55,48,0.96,2.2,1.92
tam_0663,tam,True,19,30,57,58,1.5789473684210527,3.0,3.0526315789473686
tam_0664,tam,True,28,36,67,71,1.2857142857142858,2.392857142857143,2.5357142857142856
tam_0665,tam,True,15,28,41,42,1.8666666666666667,2.7333333333333334,2.8
tam_0666,tam,True,47,65,129,125,1.3829787234042554,2.74468085106383,2.6595744680851063
tam_0667,tam,True,43,50,109,109,1.1627906976744187,2.5348837209302326,2.5348837209302326
tam_0668,tam,True,22,25,45,41,1.1363636363636365,2.0454545454545454,1.8636363636363635
tam_0669,tam,True,29,45,72,74,1.5517241379310345,2.4827586206896552,2.5517241379310347
tam_0670,tam,True,21,23,40,45,1.0952380952380953,1.9047619047619047,2.142857142857143
tam_0671,tam,True,36,40,76,76,1.1111111111111112,2.111111111111111,2.111111111111111
tam_0672,tam,True,33,38,72,76,1.1515151515151516,2.1818181818181817,2.303030303030303
tam_0673,tam,True,33,26,63,59,0.7878787878787878,1.9090909090909092,1.7878787878787878
tam_0674,tam,True,21,36,59,63,1.7142857142857142,2.8095238095238093,3.0
tam_0675,tam,True,22,27,42,46,1.2272727272727273,1.9090909090909092,2.090909090909091
tam_0676,tam,True,36,41,74,65,1.1388888888888888,2.0555555555555554,1.8055555555555556
tam_0677,tam,True,35,39,84,84,1.1142857142857143,2.4,2.4
tam_0678,tam,True,11,13,35,29,1.1818181818181819,3.1818181818181817,2.6363636363636362
tam_0679,tam,True,29,37,81,69,1.2758620689655173,2.793103448275862,2.3793103448275863
tam_0680,tam,True,41,19,37,37,0.4634146341463415,0.9024390243902439,0.9024390243902439
tam_0681,tam,True,39,56,98,95,1.435897435897436,2.5128205128205128,2.4358974358974357
tam_0682,tam,True,20,29,56,49,1.45,2.8,2.45
tam_0683,tam,True,35,42,64,63,1.2,1.8285714285714285,1.8
tam_0684,tam,True,20,31,53,41,1.55,2.65,2.05
tam_0685,tam,True,18,32,52,59,1.7777777777777777,2.888888888888889,3.2777777777777777
tam_0686,tam,True,45,26,137,43,0.5777777777777777,3.0444444444444443,0.9555555555555556
tam_0687,tam,True,14,24,52,48,1.7142857142857142,3.7142857142857144,3.4285714285714284
tam_0688,tam,True,20,25,59,49,1.25,2.95,2.45
tam_0689,tam,True,26,27,45,47,1.0384615384615385,1.7307692307692308,1.8076923076923077
tam_0690,tam,True,33,44,73,67,1.3333333333333333,2.212121212121212,2.0303030303030303
tam_0691,tam,True,26,36,63,63,1.3846153846153846,2.423076923076923,2.423076923076923
tam_0692,tam,True,40,52,86,88,1.3,2.15,2.2
tam_0693,tam,True,21,31,54,56,1.4761904761904763,2.5714285714285716,2.6666666666666665
tam_0694,tam,True,20,27,47,49,1.35,2.35,2.45
tam_0695,tam,True,26,35,67,65,1.3461538461538463,2.576923076923077,2.5
tam_0696,tam,True,41,50,77,77,1.2195121951219512,1.8780487804878048,1.8780487804878048
tam_0697,tam,True,25,27,56,58,1.08,2.24,2.32
tam_0698,tam,True,36,56,88,97,1.5555555555555556,2.4444444444444446,2.6944444444444446
tam_0699,tam,True,25,49,76,78,1.96,3.04,3.12
tam_0700,tam,True,28,49,65,67,1.75,2.3214285714285716,2.392857142857143
tam_0701,tam,True,25,34,73,66,1.36,2.92,2.64
tam_0702,tam,True,36,53,91,91,1.4722222222222223,2.5277777777777777,2.5277777777777777
tam_0703,tam,True,29,34,65,57,1.1724137931034482,2.2413793103448274,1.9655172413793103
tam_0704,tam,True,31,31,52,47,1.0,1.6774193548387097,1.5161290322580645
tam_0705,tam,True,23,33,45,37,1.434782608695652,1.9565217391304348,1.608695652173913
tam_0706,tam,True,22,29,53,52,1.3181818181818181,2.409090909090909,2.3636363636363638
tam_0707,tam,True,48,67,127,121,1.3958333333333333,2.6458333333333335,2.5208333333333335
tam_0708,tam,True,36,43,80,75,1.1944444444444444,2.2222222222222223,2.0833333333333335
tam_0709,tam,True,35,46,73,75,1.3142857142857143,2.085714285714286,2.142857142857143
tam_0710,tam,True,23,37,55,50,1.608695652173913,2.391304347826087,2.1739130434782608
tam_0711,tam,True,35,43,75,78,1.2285714285714286,2.142857142857143,2.2285714285714286
tam_0712,tam,True,40,57,104,99,1.425,2.6,2.475
tam_0713,tam,True,36,40,75,75,1.1111111111111112,2.0833333333333335,2.0833333333333335
tam_0714,tam,True,17,25,50,48,1.4705882352941178,2.9411764705882355,2.823529411764706
tam_0715,tam,True,28,37,78,78,1.3214285714285714,2.7857142857142856,2.7857142857142856
tam_0716,tam,True,32,54,85,83,1.6875,2.65625,2.59375
tam_0717,tam,True,16,26,54,57,1.625,3.375,3.5625
tam_0718,tam,True,20,24,43,43,1.2,2.15,2.15
tam_0719,tam,True,23,36,57,51,1.565217391304348,2.4782608695652173,2.217391304347826
tam_0720,tam,True,71,59,131,111,0.8309859154929577,1.8450704225352113,1.5633802816901408
tam_0721,tam,True,26,42,69,57,1.6153846153846154,2.6538461538461537,2.1923076923076925
tam_0722,tam,True,33,40,68,64,1.2121212121212122,2.0606060606060606,1.9393939393939394
tam_0723,tam,True,21,32,51,54,1.5238095238095237,2.4285714285714284,2.5714285714285716
tam_0724,tam,True,44,64,99,103,1.4545454545454546,2.25,2.340909090909091
tam_0725,tam,True,29,40,58,73,1.3793103448275863,2.0,2.5172413793103448
tam_0726,tam,True,35,46,76,78,1.3142857142857143,2.1714285714285713,2.2285714285714286
tam_0727,tam,True,21,27,55,58,1.2857142857142858,2.619047619047619,2.761904761904762
tam_0728,tam,True,20,28,47,50,1.4,2.35,2.5
tam_0729,tam,True,38,125,222,195,3.289473684210526,5.842105263157895,5.131578947368421
tam_0730,tam,True,29,40,66,59,1.3793103448275863,2.2758620689655173,2.0344827586206895
tam_0731,tam,True,27,34,62,64,1.2592592592592593,2.2962962962962963,2.3703703703703702
tam_0732,tam,True,21,25,39,45,1.1904761904761905,1.8571428571428572,2.142857142857143
tam_0733,tam,True,11,19,25,23,1.7272727272727273,2.272727272727273,2.090909090909091
tam_0734,tam,True,35,31,52,48,0.8857142857142857,1.4857142857142858,1.3714285714285714
tam_0735,tam,True,16,19,26,28,1.1875,1.625,1.75
tam_0736,tam,True,40,51,91,98,1.275,2.275,2.45
tam_0737,tam,True,29,35,74,78,1.206896551724138,2.5517241379310347,2.689655172413793
tam_0738,tam,True,27,28,57,62,1.037037037037037,2.111111111111111,2.2962962962962963
tam_0739,tam,True,71,92,175,162,1.295774647887324,2.464788732394366,2.2816901408450705
tam_0740,tam,True,32,50,79,80,1.5625,2.46875,2.5
tam_0741,tam,True,32,53,106,101,1.65625,3.3125,3.15625
tam_0742,tam,True,36,49,101,113,1.3611111111111112,2.8055555555555554,3.138888888888889
tam_0743,tam,True,38,49,97,94,1.2894736842105263,2.5526315789473686,2.473684210526316
tam_0744,tam,True,16,23,38,37,1.4375,2.375,2.3125
tam_0745,tam,True,38,60,91,108,1.5789473684210527,2.3947368421052633,2.8421052631578947
tam_0746,tam,True,29,27,47,39,0.9310344827586207,1.6206896551724137,1.3448275862068966
tam_0747,tam,True,29,25,55,52,0.8620689655172413,1.896551724137931,1.793103448275862
tam_0748,tam,True,29,41,65,79,1.4137931034482758,2.2413793103448274,2.7241379310344827
tam_0749,tam,True,35,41,79,77,1.1714285714285715,2.257142857142857,2.2
tam_0750,tam,True,14,17,39,33,1.2142857142857142,2.7857142857142856,2.357142857142857
tam_0751,tam,True,47,37,74,74,0.7872340425531915,1.574468085106383,1.574468085106383
tam_0752,tam,True,11,18,22,19,1.6363636363636365,2.0,1.7272727272727273
tam_0753,tam,True,20,23,36,35,1.15,1.8,1.75
tam_0754,tam,True,29,39,60,54,1.3448275862068966,2.0689655172413794,1.8620689655172413
tam_0755,tam,True,16,16,33,30,1.0,2.0625,1.875
tam_0756,tam,True,36,51,78,86,1.4166666666666667,2.1666666666666665,2.388888888888889
tam_0757,tam,True,35,42,71,68,1.2,2.0285714285714285,1.9428571428571428
tam_0758,tam,True,40,57,108,110,1.425,2.7,2.75
tam_0759,tam,True,29,38,50,69,1.3103448275862069,1.7241379310344827,2.3793103448275863
tam_0760,tam,True,35,57,95,108,1.6285714285714286,2.7142857142857144,3.085714285714286
tam_0761,tam,True,42,46,83,86,1.0952380952380953,1.9761904761904763,2.0476190476190474
tam_0762,tam,True,32,45,86,90,1.40625,2.6875,2.8125
tam_0763,tam,True,22,26,37,36,1.1818181818181819,1.6818181818181819,1.6363636363636365
tam_0764,tam,True,25,45,79,72,1.8,3.16,2.88
tam_0765,tam,True,28,30,66,62,1.0714285714285714,2.357142857142857,2.2142857142857144
tam_0766,tam,True,23,38,58,54,1.6521739130434783,2.5217391304347827,2.347826086956522
tam_0767,tam,True,54,69,141,135,1.2777777777777777,2.611111111111111,2.5
tam_0768,tam,True,35,47,109,97,1.3428571428571427,3.1142857142857143,2.7714285714285714
tam_0769,tam,True,36,55,92,97,1.5277777777777777,2.5555555555555554,2.6944444444444446
tam_0770,tam,True,38,44,93,85,1.1578947368421053,2.4473684210526314,2.236842105263158
tam_0771,tam,True,29,34,66,63,1.1724137931034482,2.2758620689655173,2.1724137931034484
tam_0772,tam,True,34,38,74,75,1.1176470588235294,2.176470588235294,2.2058823529411766
tam_0773,tam,True,45,74,110,105,1.6444444444444444,2.4444444444444446,2.3333333333333335
tam_0774,tam,True,36,50,76,74,1.3888888888888888,2.111111111111111,2.0555555555555554
tam_0775,tam,True,20,27,59,44,1.35,2.95,2.2
tam_0776,tam,True,28,29,56,56,1.0357142857142858,2.0,2.0
tam_0777,tam,True,22,26,53,58,1.1818181818181819,2.409090909090909,2.6363636363636362
tam_0778,tam,True,23,39,63,56,1.6956521739130435,2.739130434782609,2.4347826086956523
tam_0779,tam,True,34,43,69,68,1.2647058823529411,2.0294117647058822,2.0
tam_0780,tam,True,29,30,59,50,1.0344827586206897,2.0344827586206895,1.7241379310344827
tam_0781,tam,True,14,25,37,37,1.7857142857142858,2.642857142857143,2.642857142857143
tam_0782,tam,True,23,36,54,51,1.565217391304348,2.347826086956522,2.217391304347826
tam_0783,tam,True,24,34,61,66,1.4166666666666667,2.5416666666666665,2.75
tam_0784,tam,True,36,33,66,64,0.9166666666666666,1.8333333333333333,1.7777777777777777
tam_0785,tam,True,44,59,93,94,1.3409090909090908,2.1136363636363638,2.1363636363636362
tam_0786,tam,True,42,68,127,128,1.619047619047619,3.0238095238095237,3.0476190476190474
tam_0787,tam,True,22,43,66,71,1.9545454545454546,3.0,3.227272727272727
tam_0788,tam,True,22,24,44,48,1.0909090909090908,2.0,2.1818181818181817
tam_0789,tam,True,28,34,70,60,1.2142857142857142,2.5,2.142857142857143
tam_0790,tam,True,43,62,117,122,1.441860465116279,2.7209302325581395,2.8372093023255816
tam_0791,tam,True,42,56,84,96,1.3333333333333333,2.0,2.2857142857142856
tam_0792,tam,True,16,17,32,32,1.0625,2.0,2.0
tam_0793,tam,True,16,20,34,34,1.25,2.125,2.125
tam_0794,tam,True,20,29,46,42,1.45,2.3,2.1
tam_0795,tam,True,18,25,44,49,1.3888888888888888,2.4444444444444446,2.7222222222222223
tam_0796,tam,True,27,24,46,41,0.8888888888888888,1.7037037037037037,1.5185185185185186
tam_0797,tam,True,42,25,40,41,0.5952380952380952,0.9523809523809523,0.9761904761904762
tam_0798,tam,True,25,46,79,81,1.84,3.16,3.24
tam_0799,tam,True,32,44,72,76,1.375,2.25,2.375
tam_0800,tam,True,23,35,51,54,1.5217391304347827,2.217391304347826,2.347826086956522
tam_0801,tam,True,20,21,40,36,1.05,2.0,1.8
tam_0802,tam,True,41,55,98,100,1.3414634146341464,2.3902439024390243,2.4390243902439024
tam_0803,tam,True,16,24,35,34,1.5,2.1875,2.125
tam_0804,tam,True,50,64,91,107,1.28,1.82,2.14
tam_0805,tam,True,28,201,413,289,7.178571428571429,14.75,10.321428571428571
tam_0806,tam,True,25,29,64,69,1.16,2.56,2.76
tam_0807,tam,True,32,43,74,76,1.34375,2.3125,2.375
tam_0808,tam,True,33,48,99,91,1.4545454545454546,3.0,2.757575757575758
tam_0809,tam,True,45,64,115,112,1.4222222222222223,2.5555555555555554,2.488888888888889
tam_0810,tam,True,49,69,120,128,1.4081632653061225,2.4489795918367347,2.6122448979591835
tam_0811,tam,True,44,52,86,103,1.1818181818181819,1.9545454545454546,2.340909090909091
tam_0812,tam,True,38,50,101,102,1.3157894736842106,2.6578947368421053,2.6842105263157894
tam_0813,tam,True,35,42,75,70,1.2,2.142857142857143,2.0
tam_0814,tam,True,21,29,55,63,1.380952380952381,2.619047619047619,3.0
tam_0815,tam,True,15,18,33,26,1.2,2.2,1.7333333333333334
tam_0816,tam,True,16,20,29,31,1.25,1.8125,1.9375
tam_0817,tam,True,38,47,84,78,1.236842105263158,2.210526315789474,2.0526315789473686
tam_0818,tam,True,28,48,62,67,1.7142857142857142,2.2142857142857144,2.392857142857143
tam_0819,tam,True,30,38,77,81,1.2666666666666666,2.566666666666667,2.7
tam_0820,tam,True,24,32,49,59,1.3333333333333333,2.0416666666666665,2.4583333333333335
tam_0821,tam,True,45,16,37,37,0.35555555555555557,0.8222222222222222,0.8222222222222222
tam_0822,tam,True,29,33,76,68,1.1379310344827587,2.6206896551724137,2.3448275862068964
tam_0823,tam,True,35,49,81,71,1.4,2.3142857142857145,2.0285714285714285
tam_0824,tam,True,42,53,87,95,1.2619047619047619,2.0714285714285716,2.261904761904762
tam_0825,tam,True,14,24,50,49,1.7142857142857142,3.5714285714285716,3.5
tam_0826,tam,True,13,19,32,24,1.4615384615384615,2.4615384615384617,1.8461538461538463
tam_0827,tam,True,27,34,67,67,1.2592592592592593,2.4814814814814814,2.4814814814814814
tam_0828,tam,True,35,17,41,37,0.4857142857142857,1.1714285714285715,1.0571428571428572
tam_0829,tam,True,48,33,72,74,0.6875,1.5,1.5416666666666667
tam_0830,tam,True,25,31,45,44,1.24,1.8,1.76
tam_0831,tam,True,26,36,47,52,1.3846153846153846,1.8076923076923077,2.0
tam_0832,tam,True,38,54,77,91,1.4210526315789473,2.026315789473684,2.3947368421052633
tam_0833,tam,True,23,35,57,63,1.5217391304347827,2.4782608695652173,2.739130434782609
tam_0834,tam,True,24,21,35,33,0.875,1.4583333333333333,1.375
tam_0835,tam,True,21,13,22,22,0.6190476190476191,1.0476190476190477,1.0476190476190477
tam_0836,tam,True,36,47,74,90,1.3055555555555556,2.0555555555555554,2.5
tam_0837,tam,True,39,57,101,102,1.4615384615384615,2.58974358974359,2.6153846153846154
tam_0838,tam,True,41,51,110,91,1.2439024390243902,2.682926829268293,2.2195121951219514
tam_0839,tam,True,22,19,40,29,0.8636363636363636,1.8181818181818181,1.3181818181818181
tam_0840,tam,True,32,47,78,80,1.46875,2.4375,2.5
tam_0841,tam,True,24,36,55,59,1.5,2.2916666666666665,2.4583333333333335
tam_0842,tam,True,37,38,68,64,1.027027027027027,1.837837837837838,1.7297297297297298
tam_0843,tam,True,20,33,62,57,1.65,3.1,2.85
tam_0844,tam,True,33,46,100,96,1.393939393939394,3.0303030303030303,2.909090909090909
tam_0845,tam,True,40,40,74,71,1.0,1.85,1.775
tam_0846,tam,True,45,56,90,87,1.2444444444444445,2.0,1.9333333333333333
tam_0847,tam,True,41,50,93,86,1.2195121951219512,2.268292682926829,2.097560975609756
tam_0848,tam,True,26,36,76,74,1.3846153846153846,2.923076923076923,2.8461538461538463
tam_0849,tam,True,35,38,66,61,1.0857142857142856,1.8857142857142857,1.7428571428571429
tam_0850,tam,True,39,55,107,100,1.4102564102564104,2.7435897435897436,2.5641025641025643
tam_0851,tam,True,31,16,23,24,0.5161290322580645,0.7419354838709677,0.7741935483870968
tam_0852,tam,True,17,22,43,49,1.2941176470588236,2.5294117647058822,2.8823529411764706
tam_0853,tam,True,20,17,32,30,0.85,1.6,1.5
tam_0854,tam,True,41,59,114,120,1.4390243902439024,2.7804878048780486,2.926829268292683
tam_0855,tam,True,38,53,119,111,1.394736842105263,3.1315789473684212,2.9210526315789473
tam_0856,tam,True,14,25,34,39,1.7857142857142858,2.4285714285714284,2.7857142857142856
tam_0857,tam,True,29,37,74,76,1.2758620689655173,2.5517241379310347,2.6206896551724137
tam_0858,tam,True,33,56,67,74,1.696969696969697,2.0303030303030303,2.242424242424242
tam_0859,tam,True,44,56,94,96,1.2727272727272727,2.1363636363636362,2.1818181818181817
tam_0860,tam,True,29,43,78,75,1.4827586206896552,2.689655172413793,2.586206896551724
tam_0861,tam,True,21,32,58,52,1.5238095238095237,2.761904761904762,2.4761904761904763
tam_0862,tam,True,17,23,52,48,1.3529411764705883,3.0588235294117645,2.823529411764706
tam_0863,tam,True,36,46,91,94,1.2777777777777777,2.5277777777777777,2.611111111111111
tam_0864,tam,True,16,28,44,44,1.75,2.75,2.75
tam_0865,tam,True,34,47,85,87,1.3823529411764706,2.5,2.5588235294117645
tam_0866,tam,True,36,35,61,68,0.9722222222222222,1.6944444444444444,1.8888888888888888
tam_0867,tam,True,21,30,51,50,1.4285714285714286,2.4285714285714284,2.380952380952381
tam_0868,tam,True,44,60,92,91,1.3636363636363635,2.090909090909091,2.0681818181818183
tam_0869,tam,True,25,31,61,55,1.24,2.44,2.2
tam_0870,tam,True,22,17,39,26,0.7727272727272727,1.7727272727272727,1.1818181818181819
tam_0871,tam,True,36,37,65,58,1.0277777777777777,1.8055555555555556,1.6111111111111112
tam_0872,tam,True,48,51,107,109,1.0625,2.2291666666666665,2.2708333333333335
tam_0873,tam,True,39,68,125,123,1.7435897435897436,3.2051282051282053,3.1538461538461537
tam_0874,tam,True,27,33,60,57,1.2222222222222223,2.2222222222222223,2.111111111111111
tam_0875,tam,True,45,59,110,110,1.3111111111111111,2.4444444444444446,2.4444444444444446
tam_0876,tam,True,24,46,78,71,1.9166666666666667,3.25,2.9583333333333335
tam_0877,tam,True,26,36,70,72,1.3846153846153846,2.6923076923076925,2.769230769230769
tam_0878,tam,True,23,43,59,67,1.8695652173913044,2.5652173913043477,2.9130434782608696
tam_0879,tam,True,29,39,71,84,1.3448275862068966,2.4482758620689653,2.896551724137931
tam_0880,tam,True,25,33,53,48,1.32,2.12,1.92
tam_0881,tam,True,26,34,47,46,1.3076923076923077,1.8076923076923077,1.7692307692307692
tam_0882,tam,True,31,35,64,66,1.1290322580645162,2.064516129032258,2.129032258064516
tam_0883,tam,True,44,38,60,71,0.8636363636363636,1.3636363636363635,1.6136363636363635
tam_0884,tam,True,27,14,24,26,0.5185185185185185,0.8888888888888888,0.9629629629629629
tam_0885,tam,True,35,40,75,78,1.1428571428571428,2.142857142857143,2.2285714285714286
tam_0886,tam,True,18,27,49,50,1.5,2.7222222222222223,2.7777777777777777
tam_0887,tam,True,40,50,70,71,1.25,1.75,1.775
tam_0888,tam,True,36,51,73,71,1.4166666666666667,2.0277777777777777,1.9722222222222223
tam_0889,tam,True,30,27,52,52,0.9,1.7333333333333334,1.7333333333333334
tam_0890,tam,True,23,32,55,49,1.391304347826087,2.391304347826087,2.130434782608696
tam_0891,tam,True,25,20,44,42,0.8,1.76,1.68
tam_0892,tam,True,26,37,85,78,1.4230769230769231,3.269230769230769,3.0
tam_0893,tam,True,25,22,38,41,0.88,1.52,1.64
tam_0894,tam,True,20,12,20,17,0.6,1.0,0.85
tam_0895,tam,True,19,28,45,42,1.4736842105263157,2.3684210526315788,2.210526315789474
tam_0896,tam,True,40,43,82,77,1.075,2.05,1.925
tam_0897,tam,True,16,22,38,35,1.375,2.375,2.1875
tam_0898,tam,True,31,49,85,81,1.5806451612903225,2.7419354838709675,2.6129032258064515
tam_0899,tam,True,17,10,23,20,0.5882352941176471,1.3529411764705883,1.1764705882352942
tam_0900,tam,True,13,22,35,41,1.6923076923076923,2.6923076923076925,3.1538461538461537
tam_0901,tam,True,13,27,39,43,2.076923076923077,3.0,3.3076923076923075
tam_0902,tam,True,36,43,80,79,1.1944444444444444,2.2222222222222223,2.1944444444444446
tam_0903,tam,True,13,28,40,46,2.1538461538461537,3.076923076923077,3.5384615384615383
tam_0904,tam,True,26,38,94,78,1.4615384615384615,3.6153846153846154,3.0
tam_0905,tam,True,26,35,72,74,1.3461538461538463,2.769230769230769,2.8461538461538463
tam_0906,tam,True,16,18,30,30,1.125,1.875,1.875
tam_0907,tam,True,24,26,49,45,1.0833333333333333,2.0416666666666665,1.875
tam_0908,tam,True,13,19,30,27,1.4615384615384615,2.3076923076923075,2.076923076923077
tam_0909,tam,True,22,60,93,60,2.727272727272727,4.2272727272727275,2.727272727272727
tam_0910,tam,True,29,40,74,73,1.3793103448275863,2.5517241379310347,2.5172413793103448
tam_0911,tam,True,25,38,59,52,1.52,2.36,2.08
tam_0912,tam,True,27,18,38,35,0.6666666666666666,1.4074074074074074,1.2962962962962963
tam_0913,tam,True,18,25,42,38,1.3888888888888888,2.3333333333333335,2.111111111111111
tam_0914,tam,True,22,16,26,25,0.7272727272727273,1.1818181818181819,1.1363636363636365
tam_0915,tam,True,30,30,46,42,1.0,1.5333333333333334,1.4
tam_0916,tam,True,44,59,91,118,1.3409090909090908,2.0681818181818183,2.6818181818181817
tam_0917,tam,True,27,45,87,96,1.6666666666666667,3.2222222222222223,3.5555555555555554
tam_0918,tam,True,38,55,108,103,1.4473684210526316,2.8421052631578947,2.710526315789474
tam_0919,tam,True,17,25,48,49,1.4705882352941178,2.823529411764706,2.8823529411764706
tam_0920,tam,True,24,34,52,57,1.4166666666666667,2.1666666666666665,2.375
tam_0921,tam,True,26,14,28,28,0.5384615384615384,1.0769230769230769,1.0769230769230769
tam_0922,tam,True,34,28,48,40,0.8235294117647058,1.411764705882353,1.1764705882352942
tam_0923,tam,True,50,56,83,95,1.12,1.66,1.9
tam_0924,tam,True,20,20,40,35,1.0,2.0,1.75
tam_0925,tam,True,36,54,96,107,1.5,2.6666666666666665,2.9722222222222223
tam_0926,tam,True,54,75,134,121,1.3888888888888888,2.4814814814814814,2.240740740740741
tam_0927,tam,True,37,53,99,98,1.4324324324324325,2.675675675675676,2.6486486486486487
tam_0928,tam,True,43,59,124,124,1.372093023255814,2.883720930232558,2.883720930232558
tam_0929,tam,True,31,40,81,74,1.2903225806451613,2.6129032258064515,2.3870967741935485
tam_0930,tam,True,33,32,63,69,0.9696969696969697,1.9090909090909092,2.090909090909091
tam_0931,tam,True,25,31,49,51,1.24,1.96,2.04
tam_0932,tam,True,30,38,60,57,1.2666666666666666,2.0,1.9
tam_0933,tam,True,49,62,123,120,1.2653061224489797,2.510204081632653,2.4489795918367347
tam_0934,tam,True,39,57,114,115,1.4615384615384615,2.923076923076923,2.948717948717949
tam_0935,tam,True,31,46,87,75,1.4838709677419355,2.806451612903226,2.4193548387096775
tam_0936,tam,True,27,35,71,68,1.2962962962962963,2.6296296296296298,2.5185185185185186
tam_0937,tam,True,41,39,76,65,0.9512195121951219,1.853658536585366,1.5853658536585367
tam_0938,tam,True,19,13,19,19,0.6842105263157895,1.0,1.0
tam_0939,tam,True,41,51,85,95,1.2439024390243902,2.073170731707317,2.317073170731707
tam_0940,tam,True,26,33,51,48,1.2692307692307692,1.9615384615384615,1.8461538461538463
tam_0941,tam,True,42,54,80,97,1.2857142857142858,1.9047619047619047,2.3095238095238093
tam_0942,tam,True,31,42,80,72,1.3548387096774193,2.5806451612903225,2.3225806451612905
tam_0943,tam,True,23,40,55,46,1.7391304347826086,2.391304347826087,2.0
tam_0944,tam,True,17,23,42,50,1.3529411764705883,2.4705882352941178,2.9411764705882355
tam_0945,tam,True,18,23,31,33,1.2777777777777777,1.7222222222222223,1.8333333333333333
tam_0946,tam,True,45,65,117,124,1.4444444444444444,2.6,2.7555555555555555
tam_0947,tam,True,50,96,162,155,1.92,3.24,3.1
tam_0948,tam,True,25,28,53,51,1.12,2.12,2.04
tam_0949,tam,True,29,38,71,65,1.3103448275862069,2.4482758620689653,2.2413793103448274
tam_0950,tam,True,26,37,79,69,1.4230769230769231,3.0384615384615383,2.6538461538461537
tam_0951,tam,True,16,18,42,39,1.125,2.625,2.4375
tam_0952,tam,True,38,44,97,95,1.1578947368421053,2.5526315789473686,2.5
tam_0953,tam,True,21,32,59,64,1.5238095238095237,2.8095238095238093,3.0476190476190474
tam_0954,tam,True,50,63,94,106,1.26,1.88,2.12
tam_0955,tam,True,27,46,93,93,1.7037037037037037,3.4444444444444446,3.4444444444444446
tam_0956,tam,True,38,36,55,58,0.9473684210526315,1.4473684210526316,1.5263157894736843
tam_0957,tam,True,17,19,40,44,1.1176470588235294,2.3529411764705883,2.588235294117647
tam_0958,tam,True,18,21,35,34,1.1666666666666667,1.9444444444444444,1.8888888888888888
tam_0959,tam,True,29,35,76,68,1.206896551724138,2.6206896551724137,2.3448275862068964
tam_0960,tam,True,17,26,47,50,1.5294117647058822,2.764705882352941,2.9411764705882355
tam_0961,tam,True,25,29,60,63,1.16,2.4,2.52
tam_0962,tam,True,24,43,76,66,1.7916666666666667,3.1666666666666665,2.75
tam_0963,tam,True,25,43,64,59,1.72,2.56,2.36
tam_0964,tam,True,17,25,48,50,1.4705882352941178,2.823529411764706,2.9411764705882355
tam_0965,tam,True,29,37,70,66,1.2758620689655173,2.413793103448276,2.2758620689655173
tam_0966,tam,True,36,42,77,74,1.1666666666666667,2.138888888888889,2.0555555555555554
tam_0967,tam,True,43,54,86,96,1.255813953488372,2.0,2.2325581395348837
tam_0968,tam,True,20,25,49,45,1.25,2.45,2.25
tam_0969,tam,True,18,26,48,50,1.4444444444444444,2.6666666666666665,2.7777777777777777
tam_0970,tam,True,34,51,83,91,1.5,2.4411764705882355,2.676470588235294
tam_0971,tam,True,29,36,64,59,1.2413793103448276,2.206896551724138,2.0344827586206895
tam_0972,tam,True,39,55,115,105,1.4102564102564104,2.948717948717949,2.6923076923076925
tam_0973,tam,True,20,29,54,46,1.45,2.7,2.3
tam_0974,tam,True,24,37,59,69,1.5416666666666667,2.4583333333333335,2.875
tam_0975,tam,True,36,27,44,47,0.75,1.2222222222222223,1.3055555555555556
tam_0976,tam,True,11,10,29,27,0.9090909090909091,2.6363636363636362,2.4545454545454546
tam_0977,tam,True,36,57,111,103,1.5833333333333333,3.0833333333333335,2.861111111111111
tam_0978,tam,True,26,37,66,73,1.4230769230769231,2.5384615384615383,2.8076923076923075
tam_0979,tam,True,43,50,80,89,1.1627906976744187,1.8604651162790697,2.0697674418604652
tam_0980,tam,True,17,27,57,62,1.588235294117647,3.3529411764705883,3.6470588235294117
tam_0981,tam,True,34,43,77,81,1.2647058823529411,2.264705882352941,2.3823529411764706
tam_0982,tam,True,29,31,54,51,1.0689655172413792,1.8620689655172413,1.7586206896551724
tam_0983,tam,True,24,28,61,72,1.1666666666666667,2.5416666666666665,3.0
tam_0984,tam,True,25,42,73,70,1.68,2.92,2.8
tam_0985,tam,True,41,50,78,89,1.2195121951219512,1.9024390243902438,2.1707317073170733
tam_0986,tam,True,21,28,47,52,1.3333333333333333,2.238095238095238,2.4761904761904763
tam_0987,tam,True,25,42,76,84,1.68,3.04,3.36
tam_0988,tam,True,16,23,38,38,1.4375,2.375,2.375
tam_0989,tam,True,22,30,55,56,1.3636363636363635,2.5,2.5454545454545454
tam_0990,tam,True,36,59,96,97,1.6388888888888888,2.6666666666666665,2.6944444444444446
tam_0991,tam,True,54,68,127,117,1.2592592592592593,2.3518518518518516,2.1666666666666665
tam_0992,tam,True,40,31,68,61,0.775,1.7,1.525
tam_0993,tam,True,35,38,65,63,1.0857142857142856,1.8571428571428572,1.8
tam_0994,tam,True,26,39,60,54,1.5,2.3076923076923075,2.076923076923077
tam_0995,tam,True,42,56,91,94,1.3333333333333333,2.1666666666666665,2.238095238095238
tam_0996,tam,True,17,22,44,47,1.2941176470588236,2.588235294117647,2.764705882352941
tam_0997,tam,True,21,28,51,49,1.3333333333333333,2.4285714285714284,2.3333333333333335
tam_0998,tam,True,32,29,69,70,0.90625,2.15625,2.1875
tam_0999,tam,True,45,31,58,53,0.6888888888888889,1.288888888888889,1.1777777777777778
tam_1000,tam,True,42,48,74,71,1.1428571428571428,1.7619047619047619,1.6904761904761905
tam_1001,tam,True,32,61,127,120,1.90625,3.96875,3.75
tam_1002,tam,True,18,23,37,38,1.2777777777777777,2.0555555555555554,2.111111111111111
tam_1003,tam,True,71,28,50,48,0.39436619718309857,0.704225352112676,0.676056338028169
tam_1004,tam,True,48,46,93,102,0.9583333333333334,1.9375,2.125
tam_1005,tam,True,19,20,23,26,1.0526315789473684,1.2105263157894737,1.368421052631579
tam_1006,tam,True,18,17,32,30,0.9444444444444444,1.7777777777777777,1.6666666666666667
tam_1007,tam,True,18,20,39,39,1.1111111111111112,2.1666666666666665,2.1666666666666665
tam_1008,tam,True,30,39,75,74,1.3,2.5,2.466666666666667
tam_1009,tam,True,13,18,32,26,1.3846153846153846,2.4615384615384617,2.0
tam_1010,tam,True,29,39,66,70,1.3448275862068966,2.2758620689655173,2.413793103448276
tam_1011,tam,True,13,19,28,27,1.4615384615384615,2.1538461538461537,2.076923076923077
tam_1012,tam,True,26,46,80,81,1.7692307692307692,3.076923076923077,3.1153846153846154
tam_1013,tam,True,26,38,74,75,1.4615384615384615,2.8461538461538463,2.8846153846153846
tam_1014,tam,True,25,34,64,70,1.36,2.56,2.8
tam_1015,tam,True,29,30,53,57,1.0344827586206897,1.8275862068965518,1.9655172413793103
tam_1016,tam,True,35,49,63,66,1.4,1.8,1.8857142857142857
tam_1017,tam,True,18,20,34,37,1.1111111111111112,1.8888888888888888,2.0555555555555554
tam_1018,tam,True,17,25,49,50,1.4705882352941178,2.8823529411764706,2.9411764705882355
tam_1019,tam,True,50,75,122,115,1.5,2.44,2.3
tam_1020,tam,True,23,31,46,42,1.3478260869565217,2.0,1.826086956521739
tam_1021,tam,True,21,27,49,47,1.2857142857142858,2.3333333333333335,2.238095238095238
tam_1022,tam,True,34,21,41,40,0.6176470588235294,1.2058823529411764,1.1764705882352942
tam_1023,tam,True,24,27,51,60,1.125,2.125,2.5
tam_1024,tam,True,28,34,76,59,1.2142857142857142,2.7142857142857144,2.107142857142857
tam_1025,tam,True,31,48,90,80,1.5483870967741935,2.903225806451613,2.5806451612903225
tam_1026,tam,True,25,27,46,49,1.08,1.84,1.96
tam_1027,tam,True,39,55,102,98,1.4102564102564104,2.6153846153846154,2.5128205128205128
tam_1028,tam,True,18,16,32,32,0.8888888888888888,1.7777777777777777,1.7777777777777777
tam_1029,tam,True,13,13,24,24,1.0,1.8461538461538463,1.8461538461538463
tam_1030,tam,True,49,63,116,121,1.2857142857142858,2.36734693877551,2.4693877551020407
tam_1031,tam,True,22,30,59,59,1.3636363636363635,2.6818181818181817,2.6818181818181817
tam_1032,tam,True,41,59,113,112,1.4390243902439024,2.7560975609756095,2.731707317073171
tam_1033,tam,True,43,58,116,112,1.3488372093023255,2.697674418604651,2.604651162790698
tam_1034,tam,True,14,25,52,47,1.7857142857142858,3.7142857142857144,3.357142857142857
tam_1035,tam,True,38,30,51,47,0.7894736842105263,1.3421052631578947,1.236842105263158
tam_1036,tam,True,24,26,46,54,1.0833333333333333,1.9166666666666667,2.25
tam_1037,tam,True,41,32,46,54,0.7804878048780488,1.1219512195121952,1.3170731707317074
tam_1038,tam,True,20,22,41,42,1.1,2.05,2.1
tam_1039,tam,True,23,39,60,58,1.6956521739130435,2.608695652173913,2.5217391304347827
tam_1040,tam,True,31,31,48,46,1.0,1.5483870967741935,1.4838709677419355
tam_1041,tam,True,42,67,123,117,1.5952380952380953,2.9285714285714284,2.7857142857142856
tam_1042,tam,True,35,45,98,91,1.2857142857142858,2.8,2.6
tam_1043,tam,True,35,40,75,63,1.1428571428571428,2.142857142857143,1.8
tam_1044,tam,True,24,35,58,61,1.4583333333333333,2.4166666666666665,2.5416666666666665
tam_1045,tam,True,19,31,52,56,1.631578947368421,2.736842105263158,2.9473684210526314
tam_1046,tam,True,43,55,85,98,1.2790697674418605,1.9767441860465116,2.2790697674418605
tam_1047,tam,True,34,50,69,79,1.4705882352941178,2.0294117647058822,2.323529411764706
tam_1048,tam,True,14,19,33,29,1.3571428571428572,2.357142857142857,2.0714285714285716
tam_1049,tam,True,33,41,72,78,1.2424242424242424,2.1818181818181817,2.3636363636363638
tam_1050,tam,True,24,38,69,83,1.5833333333333333,2.875,3.4583333333333335
tam_1051,tam,True,13,26,36,41,2.0,2.769230769230769,3.1538461538461537
tam_1052,tam,True,28,41,66,65,1.4642857142857142,2.357142857142857,2.3214285714285716
tam_1053,tam,True,29,19,38,48,0.6551724137931034,1.3103448275862069,1.6551724137931034
tam_1054,tam,True,23,32,55,53,1.391304347826087,2.391304347826087,2.3043478260869565
tam_1055,tam,True,29,43,87,101,1.4827586206896552,3.0,3.4827586206896552
tam_1056,tam,True,27,37,61,65,1.3703703703703705,2.259259259259259,2.4074074074074074
tam_1057,tam,True,24,32,61,67,1.3333333333333333,2.5416666666666665,2.7916666666666665
tam_1058,tam,True,26,35,63,57,1.3461538461538463,2.423076923076923,2.1923076923076925
tam_1059,tam,True,40,54,98,93,1.35,2.45,2.325
tam_1060,tam,True,29,38,73,74,1.3103448275862069,2.5172413793103448,2.5517241379310347
tam_1061,tam,True,28,37,65,74,1.3214285714285714,2.3214285714285716,2.642857142857143
tam_1062,tam,True,27,32,62,52,1.1851851851851851,2.2962962962962963,1.9259259259259258
tam_1063,tam,True,17,26,48,54,1.5294117647058822,2.823529411764706,3.176470588235294
tam_1064,tam,True,26,19,42,42,0.7307692307692307,1.6153846153846154,1.6153846153846154
tam_1065,tam,True,41,58,105,96,1.4146341463414633,2.5609756097560976,2.341463414634146
tam_1066,tam,True,54,22,30,31,0.4074074074074074,0.5555555555555556,0.5740740740740741
tam_1067,tam,True,38,42,97,89,1.105263157894737,2.5526315789473686,2.3421052631578947
tam_1068,tam,True,33,50,94,88,1.5151515151515151,2.8484848484848486,2.6666666666666665
tam_1069,tam,True,16,19,31,35,1.1875,1.9375,2.1875
tam_1070,tam,True,20,25,44,47,1.25,2.2,2.35
tam_1071,tam,True,37,53,104,109,1.4324324324324325,2.810810810810811,2.945945945945946
tam_1072,tam,True,47,59,116,110,1.2553191489361701,2.4680851063829787,2.3404255319148937
tam_1073,tam,True,37,65,101,107,1.7567567567567568,2.72972972972973,2.891891891891892
tam_1074,tam,True,28,37,75,79,1.3214285714285714,2.6785714285714284,2.8214285714285716
tam_1075,tam,True,37,66,102,106,1.7837837837837838,2.7567567567567566,2.864864864864865
tam_1076,tam,True,23,29,56,52,1.2608695652173914,2.4347826086956523,2.260869565217391
tam_1077,tam,True,22,30,52,53,1.3636363636363635,2.3636363636363638,2.409090909090909
tam_1078,tam,True,16,19,37,37,1.1875,2.3125,2.3125
tam_1079,tam,True,29,38,77,79,1.3103448275862069,2.6551724137931036,2.7241379310344827
tam_1080,tam,True,22,21,37,30,0.9545454545454546,1.6818181818181819,1.3636363636363635
tam_1081,tam,True,20,28,58,54,1.4,2.9,2.7
tam_1082,tam,True,31,32,49,46,1.032258064516129,1.5806451612903225,1.4838709677419355
tam_1083,tam,True,21,25,35,41,1.1904761904761905,1.6666666666666667,1.9523809523809523
tam_1084,tam,True,34,43,68,71,1.2647058823529411,2.0,2.088235294117647
tam_1085,tam,True,36,44,81,91,1.2222222222222223,2.25,2.5277777777777777
tam_1086,tam,True,17,22,43,47,1.2941176470588236,2.5294117647058822,2.764705882352941
tam_1087,tam,True,27,33,61,64,1.2222222222222223,2.259259259259259,2.3703703703703702
tam_1088,tam,True,33,51,94,88,1.5454545454545454,2.8484848484848486,2.6666666666666665
tam_1089,tam,True,31,34,71,61,1.096774193548387,2.2903225806451615,1.967741935483871
tam_1090,tam,True,31,46,82,72,1.4838709677419355,2.6451612903225805,2.3225806451612905
tam_1091,tam,True,35,47,102,96,1.3428571428571427,2.914285714285714,2.742857142857143
tam_1092,tam,True,38,47,97,90,1.236842105263158,2.5526315789473686,2.3684210526315788
tam_1093,tam,True,23,34,56,55,1.4782608695652173,2.4347826086956523,2.391304347826087
tam_1094,tam,True,41,45,77,81,1.0975609756097562,1.8780487804878048,1.975609756097561
tam_1095,tam,True,21,24,40,38,1.1428571428571428,1.9047619047619047,1.8095238095238095
tam_1096,tam,True,26,38,69,69,1.4615384615384615,2.6538461538461537,2.6538461538461537
tam_1097,tam,True,33,37,65,61,1.121212121212121,1.9696969696969697,1.8484848484848484
tam_1098,tam,True,38,68,99,104,1.7894736842105263,2.6052631578947367,2.736842105263158
tam_1099,tam,True,16,20,38,38,1.25,2.375,2.375
tam_1100,tam,True,15,20,39,29,1.3333333333333333,2.6,1.9333333333333333
tam_1101,tam,True,43,71,102,118,1.6511627906976745,2.372093023255814,2.744186046511628
tam_1102,tam,True,40,53,73,82,1.325,1.825,2.05
tam_1103,tam,True,18,16,28,25,0.8888888888888888,1.5555555555555556,1.3888888888888888
tam_1104,tam,True,33,41,74,76,1.2424242424242424,2.242424242424242,2.303030303030303
tam_1105,tam,True,36,55,98,109,1.5277777777777777,2.7222222222222223,3.0277777777777777
tam_1106,tam,True,17,24,46,52,1.411764705882353,2.7058823529411766,3.0588235294117645
tam_1107,tam,True,37,50,100,105,1.3513513513513513,2.7027027027027026,2.8378378378378377
tam_1108,tam,True,18,30,48,53,1.6666666666666667,2.6666666666666665,2.9444444444444446
tam_1109,tam,True,40,52,83,85,1.3,2.075,2.125
tam_1110,tam,True,49,54,114,112,1.1020408163265305,2.326530612244898,2.2857142857142856
tam_1111,tam,True,13,19,30,27,1.4615384615384615,2.3076923076923075,2.076923076923077
tam_1112,tam,True,27,36,78,80,1.3333333333333333,2.888888888888889,2.962962962962963
tam_1113,tam,True,41,60,105,96,1.4634146341463414,2.5609756097560976,2.341463414634146
tam_1114,tam,True,32,48,93,87,1.5,2.90625,2.71875
tam_1115,tam,True,28,36,64,70,1.2857142857142858,2.2857142857142856,2.5
tam_1116,tam,True,36,17,26,25,0.4722222222222222,0.7222222222222222,0.6944444444444444
tam_1117,tam,True,24,25,46,51,1.0416666666666667,1.9166666666666667,2.125
tam_1118,tam,True,26,39,91,81,1.5,3.5,3.1153846153846154
tam_1119,tam,True,25,29,64,58,1.16,2.56,2.32
tam_1120,tam,True,29,44,69,76,1.5172413793103448,2.3793103448275863,2.6206896551724137
tam_1121,tam,True,19,30,48,49,1.5789473684210527,2.526315789473684,2.5789473684210527
tam_1122,tam,True,32,49,88,96,1.53125,2.75,3.0
tam_1123,tam,True,75,95,155,144,1.2666666666666666,2.066666666666667,1.92
tam_1124,tam,True,28,37,65,60,1.3214285714285714,2.3214285714285716,2.142857142857143
tam_1125,tam,True,38,39,75,68,1.0263157894736843,1.9736842105263157,1.7894736842105263
tam_1126,tam,True,38,39,88,89,1.0263157894736843,2.3157894736842106,2.3421052631578947
tam_1127,tam,True,20,28,52,44,1.4,2.6,2.2
tam_1128,tam,True,20,24,41,40,1.2,2.05,2.0
tam_1129,tam,True,21,24,39,43,1.1428571428571428,1.8571428571428572,2.0476190476190474
tam_1130,tam,True,40,47,73,78,1.175,1.825,1.95
tam_1131,tam,True,23,34,59,55,1.4782608695652173,2.5652173913043477,2.391304347826087
tam_1132,tam,True,21,35,64,66,1.6666666666666667,3.0476190476190474,3.142857142857143
tam_1133,tam,True,26,46,81,79,1.7692307692307692,3.1153846153846154,3.0384615384615383
tam_1134,tam,True,27,37,85,79,1.3703703703703705,3.1481481481481484,2.925925925925926
tam_1135,tam,True,38,51,113,105,1.3421052631578947,2.973684210526316,2.763157894736842
tam_1136,tam,True,75,92,152,145,1.2266666666666666,2.026666666666667,1.9333333333333333
tam_1137,tam,True,24,29,46,44,1.2083333333333333,1.9166666666666667,1.8333333333333333
tam_1138,tam,True,71,33,72,63,0.4647887323943662,1.0140845070422535,0.8873239436619719
tam_1139,tam,True,33,55,109,97,1.6666666666666667,3.303030303030303,2.9393939393939394
tam_1140,tam,True,20,20,38,38,1.0,1.9,1.9
tam_1141,tam,True,13,25,41,41,1.9230769230769231,3.1538461538461537,3.1538461538461537
tam_1142,tam,True,21,24,38,41,1.1428571428571428,1.8095238095238095,1.9523809523809523
tam_1143,tam,True,33,43,78,86,1.303030303030303,2.3636363636363638,2.606060606060606
tam_1144,tam,True,42,48,75,91,1.1428571428571428,1.7857142857142858,2.1666666666666665
tam_1145,tam,True,29,31,55,48,1.0689655172413792,1.896551724137931,1.6551724137931034
tam_1146,tam,True,15,35,49,54,2.3333333333333335,3.2666666666666666,3.6
tam_1147,tam,True,29,36,67,73,1.2413793103448276,2.310344827586207,2.5172413793103448
tam_1148,tam,True,11,20,26,26,1.8181818181818181,2.3636363636363638,2.3636363636363638
tam_1149,tam,True,32,49,79,91,1.53125,2.46875,2.84375
tam_1150,tam,True,21,23,37,43,1.0952380952380953,1.7619047619047619,2.0476190476190474
tam_1151,tam,True,23,37,59,62,1.608695652173913,2.5652173913043477,2.6956521739130435
tam_1152,tam,True,16,21,37,31,1.3125,2.3125,1.9375
tam_1153,tam,True,22,40,70,69,1.8181818181818181,3.1818181818181817,3.1363636363636362
tam_1154,tam,True,20,28,42,45,1.4,2.1,2.25
tam_1155,tam,True,34,43,71,65,1.2647058823529411,2.088235294117647,1.911764705882353
tam_1156,tam,True,35,41,76,77,1.1714285714285715,2.1714285714285713,2.2
tam_1157,tam,True,39,41,78,72,1.0512820512820513,2.0,1.8461538461538463
tam_1158,tam,True,45,64,110,104,1.4222222222222223,2.4444444444444446,2.311111111111111
tam_1159,tam,True,33,33,64,71,1.0,1.9393939393939394,2.1515151515151514
tam_1160,tam,True,28,29,50,50,1.0357142857142858,1.7857142857142858,1.7857142857142858
tam_1161,tam,True,48,71,126,111,1.4791666666666667,2.625,2.3125
tam_1162,tam,True,36,40,64,60,1.1111111111111112,1.7777777777777777,1.6666666666666667
tam_1163,tam,True,36,53,89,98,1.4722222222222223,2.4722222222222223,2.7222222222222223
tam_1164,tam,True,26,35,45,47,1.3461538461538463,1.7307692307692308,1.8076923076923077
tam_1165,tam,True,18,26,38,39,1.4444444444444444,2.111111111111111,2.1666666666666665
tam_1166,tam,True,21,30,55,57,1.4285714285714286,2.619047619047619,2.7142857142857144
tam_1167,tam,True,24,40,63,57,1.6666666666666667,2.625,2.375
tam_1168,tam,True,31,40,73,74,1.2903225806451613,2.3548387096774195,2.3870967741935485
tam_1169,tam,True,28,16,28,31,0.5714285714285714,1.0,1.1071428571428572
tam_1170,tam,True,25,45,77,83,1.8,3.08,3.32
tam_1171,tam,True,28,47,65,68,1.6785714285714286,2.3214285714285716,2.4285714285714284
tam_1172,tam,True,29,30,65,59,1.0344827586206897,2.2413793103448274,2.0344827586206895
tam_1173,tam,True,27,28,57,62,1.037037037037037,2.111111111111111,2.2962962962962963
tam_1174,tam,True,24,28,49,47,1.1666666666666667,2.0416666666666665,1.9583333333333333
tam_1175,tam,True,22,30,61,52,1.3636363636363635,2.772727272727273,2.3636363636363638
tam_1176,tam,True,45,58,110,111,1.288888888888889,2.4444444444444446,2.466666666666667
tam_1177,tam,True,30,43,93,100,1.4333333333333333,3.1,3.3333333333333335
tam_1178,tam,True,38,53,110,103,1.394736842105263,2.8947368421052633,2.710526315789474
tam_1179,tam,True,48,52,112,114,1.0833333333333333,2.3333333333333335,2.375
tam_1180,tam,True,38,58,98,94,1.5263157894736843,2.5789473684210527,2.473684210526316
tam_1181,tam,True,35,50,83,87,1.4285714285714286,2.3714285714285714,2.4857142857142858
tam_1182,tam,True,35,42,66,72,1.2,1.8857142857142857,2.057142857142857
tam_1183,tam,True,33,25,47,49,0.7575757575757576,1.4242424242424243,1.4848484848484849
tam_1184,tam,True,40,43,82,77,1.075,2.05,1.925
tam_1185,tam,True,23,27,42,36,1.173913043478261,1.826086956521739,1.565217391304348
tam_1186,tam,True,21,24,39,43,1.1428571428571428,1.8571428571428572,2.0476190476190474
tam_1187,tam,True,25,14,27,27,0.56,1.08,1.08
tam_1188,tam,True,11,20,22,24,1.8181818181818181,2.0,2.1818181818181817
tam_1189,tam,True,14,21,37,33,1.5,2.642857142857143,2.357142857142857
tam_1190,tam,True,22,25,40,34,1.1363636363636365,1.8181818181818181,1.5454545454545454
tam_1191,tam,True,25,47,93,86,1.88,3.72,3.44
tam_1192,tam,True,37,58,114,113,1.5675675675675675,3.081081081081081,3.054054054054054
tam_1193,tam,True,22,20,40,45,0.9090909090909091,1.8181818181818181,2.0454545454545454
tam_1194,tam,True,25,30,63,63,1.2,2.52,2.52
tam_1195,tam,True,37,39,76,66,1.054054054054054,2.054054054054054,1.7837837837837838
tam_1196,tam,True,33,59,75,76,1.7878787878787878,2.272727272727273,2.303030303030303
tam_1197,tam,True,11,12,32,27,1.0909090909090908,2.909090909090909,2.4545454545454546
tam_1198,tam,True,23,34,54,58,1.4782608695652173,2.347826086956522,2.5217391304347827
tam_1199,tam,True,25,37,77,79,1.48,3.08,3.16
tam_1200,tam,True,36,63,104,106,1.75,2.888888888888889,2.9444444444444446
tam_1201,tam,True,24,25,54,55,1.0416666666666667,2.25,2.2916666666666665
tam_1202,tam,True,42,54,80,72,1.2857142857142858,1.9047619047619047,1.7142857142857142
tam_1203,tam,True,54,75,146,130,1.3888888888888888,2.7037037037037037,2.4074074074074074
tam_1204,tam,True,40,54,104,111,1.35,2.6,2.775
tam_1205,tam,True,29,45,80,78,1.5517241379310345,2.7586206896551726,2.689655172413793
tam_1206,tam,True,20,32,58,53,1.6,2.9,2.65
tam_1207,tam,True,37,53,92,88,1.4324324324324325,2.4864864864864864,2.3783783783783785
tam_1208,tam,True,33,40,72,72,1.2121212121212122,2.1818181818181817,2.1818181818181817
tam_1209,tam,True,24,35,60,59,1.4583333333333333,2.5,2.4583333333333335
tam_1210,tam,True,21,29,53,47,1.380952380952381,2.5238095238095237,2.238095238095238
tam_1211,tam,True,54,76,144,139,1.4074074074074074,2.6666666666666665,2.574074074074074
tam_1212,tam,True,42,52,83,75,1.2380952380952381,1.9761904761904763,1.7857142857142858
tam_1213,tam,True,28,36,62,60,1.2857142857142858,2.2142857142857144,2.142857142857143
tam_1214,tam,True,21,22,38,42,1.0476190476190477,1.8095238095238095,2.0
tam_1215,tam,True,26,37,88,82,1.4230769230769231,3.3846153846153846,3.1538461538461537
tam_1216,tam,True,26,41,72,73,1.5769230769230769,2.769230769230769,2.8076923076923075
tam_1217,tam,True,54,73,139,124,1.3518518518518519,2.574074074074074,2.2962962962962963
tam_1218,tam,True,25,34,54,49,1.36,2.16,1.96
tam_1219,tam,True,21,33,56,51,1.5714285714285714,2.6666666666666665,2.4285714285714284
tam_1220,tam,True,11,10,29,27,0.9090909090909091,2.6363636363636362,2.4545454545454546
tam_1221,tam,True,13,19,32,24,1.4615384615384615,2.4615384615384617,1.8461538461538463
tam_1222,tam,True,18,25,35,36,1.3888888888888888,1.9444444444444444,2.0
tam_1223,tam,True,48,59,121,117,1.2291666666666667,2.5208333333333335,2.4375
tam_1224,tam,True,25,30,63,64,1.2,2.52,2.56
tam_1225,tam,True,13,28,44,49,2.1538461538461537,3.3846153846153846,3.769230769230769
tam_1226,tam,True,31,37,80,74,1.1935483870967742,2.5806451612903225,2.3870967741935485
tam_1227,tam,True,21,34,62,65,1.619047619047619,2.9523809523809526,3.0952380952380953
tam_1228,tam,True,36,52,79,81,1.4444444444444444,2.1944444444444446,2.25
tam_1229,tam,True,39,60,93,89,1.5384615384615385,2.3846153846153846,2.282051282051282
tam_1230,tam,True,29,36,71,67,1.2413793103448276,2.4482758620689653,2.310344827586207
tam_1231,tam,True,36,36,61,68,1.0,1.6944444444444444,1.8888888888888888
tam_1232,tam,True,16,19,35,31,1.1875,2.1875,1.9375
tam_1233,tam,True,36,42,72,75,1.1666666666666667,2.0,2.0833333333333335
tam_1234,tam,True,30,32,57,60,1.0666666666666667,1.9,2.0
tam_1235,tam,True,26,33,48,50,1.2692307692307692,1.8461538461538463,1.9230769230769231
tam_1236,tam,True,25,38,79,79,1.52,3.16,3.16
tam_1237,tam,True,29,44,67,76,1.5172413793103448,2.310344827586207,2.6206896551724137
tam_1238,tam,True,29,38,60,74,1.3103448275862069,2.0689655172413794,2.5517241379310347
tam_1239,tam,True,38,66,99,104,1.736842105263158,2.6052631578947367,2.736842105263158
tam_1240,tam,True,25,41,82,73,1.64,3.28,2.92
tam_1241,tam,True,28,31,54,55,1.1071428571428572,1.9285714285714286,1.9642857142857142
tam_1242,tam,True,29,41,75,92,1.4137931034482758,2.586206896551724,3.1724137931034484
tam_1243,tam,True,25,28,62,63,1.12,2.48,2.52
tam_1244,tam,True,33,52,92,86,1.5757575757575757,2.787878787878788,2.606060606060606
tam_1245,tam,True,26,30,57,51,1.1538461538461537,2.1923076923076925,1.9615384615384615
tam_1246,tam,True,22,30,50,53,1.3636363636363635,2.272727272727273,2.409090909090909
tam_1247,tam,True,33,43,79,86,1.303030303030303,2.393939393939394,2.606060606060606
tam_1248,tam,True,26,15,23,22,0.5769230769230769,0.8846153846153846,0.8461538461538461
tam_1249,tam,True,22,28,52,49,1.2727272727272727,2.3636363636363638,2.227272727272727
tam_1250,tam,True,14,19,33,34,1.3571428571428572,2.357142857142857,2.4285714285714284
tam_1251,tam,True,19,27,45,41,1.4210526315789473,2.3684210526315788,2.1578947368421053
tam_1252,tam,True,27,41,88,88,1.5185185185185186,3.259259259259259,3.259259259259259
tam_1253,tam,True,18,12,21,20,0.6666666666666666,1.1666666666666667,1.1111111111111112
tam_1254,tam,True,21,29,55,57,1.380952380952381,2.619047619047619,2.7142857142857144
tam_1255,tam,True,43,54,88,96,1.255813953488372,2.046511627906977,2.2325581395348837
tam_1256,tam,True,16,17,30,31,1.0625,1.875,1.9375
tam_1257,tam,True,45,56,116,111,1.2444444444444445,2.577777777777778,2.466666666666667
tam_1258,tam,True,29,46,87,82,1.5862068965517242,3.0,2.8275862068965516
tam_1259,tam,True,25,37,56,57,1.48,2.24,2.28
tam_1260,tam,True,25,36,64,52,1.44,2.56,2.08
tam_1261,tam,True,22,20,41,45,0.9090909090909091,1.8636363636363635,2.0454545454545454
tam_1262,tam,True,36,41,81,80,1.1388888888888888,2.25,2.2222222222222223
tam_1263,tam,True,24,41,74,63,1.7083333333333333,3.0833333333333335,2.625
tam_1264,tam,True,44,66,96,98,1.5,2.1818181818181817,2.227272727272727
tam_1265,tam,True,17,22,46,48,1.2941176470588236,2.7058823529411766,2.823529411764706
tam_1266,tam,True,29,51,96,94,1.7586206896551724,3.310344827586207,3.2413793103448274
tam_1267,tam,True,44,57,97,96,1.2954545454545454,2.2045454545454546,2.1818181818181817
tam_1268,tam,True,18,27,46,49,1.5,2.5555555555555554,2.7222222222222223
tam_1269,tam,True,32,50,77,79,1.5625,2.40625,2.46875
tam_1270,tam,True,34,44,75,80,1.2941176470588236,2.2058823529411766,2.3529411764705883
tam_1271,tam,True,41,51,109,114,1.2439024390243902,2.658536585365854,2.7804878048780486
tam_1272,tam,True,24,35,55,60,1.4583333333333333,2.2916666666666665,2.5
tam_1273,tam,True,25,32,60,56,1.28,2.4,2.24
tam_1274,tam,True,33,35,62,63,1.0606060606060606,1.878787878787879,1.9090909090909092
tam_1275,tam,True,39,59,113,119,1.5128205128205128,2.8974358974358974,3.051282051282051
tam_1276,tam,True,24,32,49,55,1.3333333333333333,2.0416666666666665,2.2916666666666665
tam_1277,tam,True,13,17,29,29,1.3076923076923077,2.230769230769231,2.230769230769231
tam_1278,tam,True,30,42,69,70,1.4,2.3,2.3333333333333335
tam_1279,tam,True,40,57,117,111,1.425,2.925,2.775
tam_1280,tam,True,18,25,37,39,1.3888888888888888,2.0555555555555554,2.1666666666666665
tam_1281,tam,True,27,27,57,56,1.0,2.111111111111111,2.074074074074074
tam_1282,tam,True,42,59,114,116,1.4047619047619047,2.7142857142857144,2.761904761904762
tam_1283,tam,True,29,47,74,81,1.6206896551724137,2.5517241379310347,2.793103448275862
tam_1284,tam,True,19,30,50,53,1.5789473684210527,2.6315789473684212,2.789473684210526
tam_1285,tam,True,27,31,56,60,1.1481481481481481,2.074074074074074,2.2222222222222223
tam_1286,tam,True,23,33,55,60,1.434782608695652,2.391304347826087,2.608695652173913
tam_1287,tam,True,35,49,86,81,1.4,2.4571428571428573,2.3142857142857145
tam_1288,tam,True,29,38,71,75,1.3103448275862069,2.4482758620689653,2.586206896551724
tam_1289,tam,True,45,67,103,102,1.488888888888889,2.2888888888888888,2.2666666666666666
tam_1290,tam,True,37,65,101,106,1.7567567567567568,2.72972972972973,2.864864864864865
tam_1291,tam,True,22,21,37,30,0.9545454545454546,1.6818181818181819,1.3636363636363635
tam_1292,tam,True,23,39,58,56,1.6956521739130435,2.5217391304347827,2.4347826086956523
tam_1293,tam,True,50,85,144,143,1.7,2.88,2.86
tam_1294,tam,True,31,42,68,66,1.3548387096774193,2.193548387096774,2.129032258064516
tam_1295,tam,True,22,36,63,63,1.6363636363636365,2.8636363636363638,2.8636363636363638
tam_1296,tam,True,41,47,68,80,1.146341463414634,1.6585365853658536,1.951219512195122
tam_1297,tam,True,25,36,67,64,1.44,2.68,2.56
tam_1298,tam,True,40,55,97,91,1.375,2.425,2.275
tam_1299,tam,True,11,17,22,21,1.5454545454545454,2.0,1.9090909090909092
tam_1300,tam,True,42,48,75,86,1.1428571428571428,1.7857142857142858,2.0476190476190474
tam_1301,tam,True,35,46,79,66,1.3142857142857143,2.257142857142857,1.8857142857142857
tam_1302,tam,True,28,33,67,67,1.1785714285714286,2.392857142857143,2.392857142857143
tam_1303,tam,True,32,41,67,66,1.28125,2.09375,2.0625
tam_1304,tam,True,35,40,77,78,1.1428571428571428,2.2,2.2285714285714286
tam_1305,tam,True,19,33,48,44,1.736842105263158,2.526315789473684,2.3157894736842106
tam_1306,tam,True,36,54,87,95,1.5,2.4166666666666665,2.638888888888889
tam_1307,tam,True,38,51,77,83,1.3421052631578947,2.026315789473684,2.1842105263157894
tam_1308,tam,True,26,19,34,36,0.7307692307692307,1.3076923076923077,1.3846153846153846
tam_1309,tam,True,36,46,77,82,1.2777777777777777,2.138888888888889,2.2777777777777777
tam_1310,tam,True,21,27,49,49,1.2857142857142858,2.3333333333333335,2.3333333333333335
tam_1311,tam,True,50,68,87,108,1.36,1.74,2.16
tam_1312,tam,True,17,27,49,56,1.588235294117647,2.8823529411764706,3.2941176470588234
tam_1313,tam,True,26,39,72,73,1.5,2.769230769230769,2.8076923076923075
tam_1314,tam,True,21,21,37,45,1.0,1.7619047619047619,2.142857142857143
tam_1315,tam,True,33,28,62,59,0.8484848484848485,1.878787878787879,1.7878787878787878
tam_1316,tam,True,22,31,65,55,1.4090909090909092,2.9545454545454546,2.5
tam_1317,tam,True,14,20,44,45,1.4285714285714286,3.142857142857143,3.2142857142857144
tam_1318,tam,True,17,23,46,49,1.3529411764705883,2.7058823529411766,2.8823529411764706
tam_1319,tam,True,34,44,73,65,1.2941176470588236,2.1470588235294117,1.911764705882353
tam_1320,tam,True,16,23,40,37,1.4375,2.5,2.3125
tam_1321,tam,True,38,45,89,86,1.1842105263157894,2.3421052631578947,2.263157894736842
tam_1322,tam,True,26,27,47,55,1.0384615384615385,1.8076923076923077,2.1153846153846154
tam_1323,tam,True,44,64,97,119,1.4545454545454546,2.2045454545454546,2.7045454545454546
tam_1324,tam,True,28,37,66,66,1.3214285714285714,2.357142857142857,2.357142857142857
tam_1325,tam,True,49,65,118,122,1.3265306122448979,2.4081632653061225,2.489795918367347
tam_1326,tam,True,48,52,112,110,1.0833333333333333,2.3333333333333335,2.2916666666666665
tam_1327,tam,True,16,20,29,31,1.25,1.8125,1.9375
tam_1328,tam,True,38,59,114,106,1.5526315789473684,3.0,2.789473684210526
tam_1329,tam,True,32,46,72,83,1.4375,2.25,2.59375
tam_1330,tam,True,36,41,62,62,1.1388888888888888,1.7222222222222223,1.7222222222222223
tam_1331,tam,True,75,95,154,156,1.2666666666666666,2.0533333333333332,2.08
tam_1332,tam,True,23,39,56,49,1.6956521739130435,2.4347826086956523,2.130434782608696
tam_1333,tam,True,26,34,64,61,1.3076923076923077,2.4615384615384617,2.3461538461538463
tam_1334,tam,True,30,48,103,105,1.6,3.433333333333333,3.5
tam_1335,tam,True,23,12,15,16,0.5217391304347826,0.6521739130434783,0.6956521739130435
tam_1336,tam,True,20,29,53,44,1.45,2.65,2.2
tam_1337,tam,True,15,8,12,10,0.5333333333333333,0.8,0.6666666666666666
tam_1338,tam,True,41,60,106,95,1.4634146341463414,2.5853658536585367,2.317073170731707
tam_1339,tam,True,29,37,65,63,1.2758620689655173,2.2413793103448274,2.1724137931034484
tam_1340,tam,True,27,39,69,76,1.4444444444444444,2.5555555555555554,2.814814814814815
tam_1341,tam,True,45,54,102,105,1.2,2.2666666666666666,2.3333333333333335
tam_1342,tam,True,36,35,72,82,0.9722222222222222,2.0,2.2777777777777777
tam_1343,tam,True,29,33,70,70,1.1379310344827587,2.413793103448276,2.413793103448276
tam_1344,tam,True,24,34,61,71,1.4166666666666667,2.5416666666666665,2.9583333333333335
tam_1345,tam,True,41,60,90,94,1.4634146341463414,2.1951219512195124,2.292682926829268
tam_1346,tam,True,41,51,90,78,1.2439024390243902,2.1951219512195124,1.9024390243902438
tam_1347,tam,True,20,32,56,52,1.6,2.8,2.6
tam_1348,tam,True,22,38,67,64,1.7272727272727273,3.0454545454545454,2.909090909090909
tam_1349,tam,True,20,30,53,55,1.5,2.65,2.75
tam_1350,tam,True,24,28,50,59,1.1666666666666667,2.0833333333333335,2.4583333333333335
tam_1351,tam,True,29,31,61,65,1.0689655172413792,2.103448275862069,2.2413793103448274
tam_1352,tam,True,35,44,76,81,1.2571428571428571,2.1714285714285713,2.3142857142857145
tam_1353,tam,True,33,43,87,78,1.303030303030303,2.6363636363636362,2.3636363636363638
tam_1354,tam,True,47,41,70,70,0.8723404255319149,1.4893617021276595,1.4893617021276595
tam_1355,tam,True,34,47,81,83,1.3823529411764706,2.3823529411764706,2.4411764705882355
tam_1356,tam,True,31,49,94,83,1.5806451612903225,3.032258064516129,2.6774193548387095
tam_1357,tam,True,24,29,52,48,1.2083333333333333,2.1666666666666665,2.0
tam_1358,tam,True,40,43,80,72,1.075,2.0,1.8
tam_1359,tam,True,40,50,80,90,1.25,2.0,2.25
tam_1360,tam,True,40,54,85,90,1.35,2.125,2.25
tam_1361,tam,True,28,47,65,68,1.6785714285714286,2.3214285714285716,2.4285714285714284
tam_1362,tam,True,20,20,37,33,1.0,1.85,1.65
tam_1363,tam,True,29,36,65,56,1.2413793103448276,2.2413793103448274,1.9310344827586208
tam_1364,tam,True,24,35,60,50,1.4583333333333333,2.5,2.0833333333333335
tam_1365,tam,True,35,44,94,89,1.2571428571428571,2.6857142857142855,2.5428571428571427
tam_1366,tam,True,32,51,104,99,1.59375,3.25,3.09375
tam_1367,tam,True,27,33,72,68,1.2222222222222223,2.6666666666666665,2.5185185185185186
tam_1368,tam,True,36,58,109,103,1.6111111111111112,3.0277777777777777,2.861111111111111
tam_1369,tam,True,20,29,60,49,1.45,3.0,2.45
tam_1370,tam,True,17,22,52,49,1.2941176470588236,3.0588235294117645,2.8823529411764706
tam_1371,tam,True,35,45,74,70,1.2857142857142858,2.1142857142857143,2.0
tam_1372,tam,True,20,30,46,42,1.5,2.3,2.1
tam_1373,tam,True,21,27,64,55,1.2857142857142858,3.0476190476190474,2.619047619047619
tam_1374,tam,True,43,56,114,111,1.302325581395349,2.6511627906976742,2.5813953488372094
tam_1375,tam,True,20,24,42,40,1.2,2.1,2.0
tam_1376,tam,True,33,54,65,72,1.6363636363636365,1.9696969696969697,2.1818181818181817
tam_1377,tam,True,45,63,111,118,1.4,2.466666666666667,2.6222222222222222
tam_1378,tam,True,35,33,62,54,0.9428571428571428,1.7714285714285714,1.542857142857143
tam_1379,tam,True,14,25,36,42,1.7857142857142858,2.5714285714285716,3.0
tam_1380,tam,True,35,52,74,77,1.4857142857142858,2.1142857142857143,2.2
tam_1381,tam,True,38,47,103,99,1.236842105263158,2.710526315789474,2.6052631578947367
tam_1382,tam,True,20,22,45,48,1.1,2.25,2.4
tam_1383,tam,True,42,39,67,73,0.9285714285714286,1.5952380952380953,1.7380952380952381
tam_1384,tam,True,37,57,99,99,1.5405405405405406,2.675675675675676,2.675675675675676
tam_1385,tam,True,34,46,76,76,1.3529411764705883,2.235294117647059,2.235294117647059
tam_1386,tam,True,43,73,116,124,1.697674418604651,2.697674418604651,2.883720930232558
tam_1387,tam,True,28,36,70,63,1.2857142857142858,2.5,2.25
tam_1388,tam,True,30,42,89,92,1.4,2.966666666666667,3.066666666666667
tam_1389,tam,True,15,29,44,45,1.9333333333333333,2.933333333333333,3.0
tam_1390,tam,True,71,97,184,163,1.3661971830985915,2.591549295774648,2.295774647887324
tam_1391,tam,True,38,56,98,98,1.4736842105263157,2.5789473684210527,2.5789473684210527
tam_1392,tam,True,37,43,84,87,1.162162162162162,2.27027027027027,2.3513513513513513
tam_1393,tam,True,39,64,118,114,1.641025641025641,3.0256410256410255,2.923076923076923
tam_1394,tam,True,20,30,56,49,1.5,2.8,2.45
tam_1395,tam,True,31,14,25,30,0.45161290322580644,0.8064516129032258,0.967741935483871
tam_1396,tam,True,23,29,56,55,1.2608695652173914,2.4347826086956523,2.391304347826087
tam_1397,tam,True,41,41,83,79,1.0,2.024390243902439,1.9268292682926829
tam_1398,tam,True,25,41,67,76,1.64,2.68,3.04
tam_1399,tam,True,16,18,30,30,1.125,1.875,1.875
