lang,segment_id,comet_22,status,n_zwj,n_zwnj,has_any_zwj_zwnj,n_words
guj,guj_0000,90.12122154,retained,0,0,False,14
guj,guj_0001,91.16540551,retained,0,0,False,19
guj,guj_0002,83.00208449,retained,0,0,False,32
guj,guj_0003,91.92604423,retained,0,0,False,22
guj,guj_0004,92.63142347,retained,0,0,False,23
guj,guj_0005,92.48010516,retained,0,0,False,25
guj,guj_0006,82.79958963,retained,0,0,False,25
guj,guj_0007,73.03704023,retained,0,0,False,21
guj,guj_0008,75.61631799,retained,0,0,False,31
guj,guj_0009,83.06398988,retained,0,0,False,12
guj,guj_0010,91.37800336,retained,0,0,False,14
guj,guj_0011,90.82838297,retained,0,0,False,16
guj,guj_0012,70.65398097,retained,0,0,False,23
guj,guj_0013,90.22476673,retained,0,0,False,24
guj,guj_0014,90.10080695,retained,0,0,False,18
guj,guj_0015,85.99341512,retained,0,0,False,12
guj,guj_0016,83.41328502,retained,0,0,False,20
guj,guj_0017,89.96579647,retained,0,0,False,13
guj,guj_0018,77.96021104,retained,0,0,False,22
guj,guj_0019,77.98317671,retained,0,0,False,17
guj,guj_0020,89.96866941,retained,0,0,False,17
guj,guj_0021,88.75954747,retained,0,0,False,18
guj,guj_0022,60.51632166,retained,0,0,False,7
guj,guj_0023,89.97300267,retained,0,0,False,56
guj,guj_0024,83.56364369,retained,0,0,False,40
guj,guj_0025,83.13230872,retained,0,0,False,29
guj,guj_0026,90.49619436,retained,0,0,False,20
guj,guj_0027,92.65197515,retained,0,0,False,14
guj,guj_0028,89.23119903,retained,0,0,False,27
guj,guj_0029,96.13643885,retained,0,0,False,12
guj,guj_0030,89.48018551,retained,0,0,False,17
guj,guj_0031,86.53904796,excluded_roundtrip_failure,0,0,False,13
guj,guj_0032,93.43473315,retained,0,0,False,15
guj,guj_0033,89.65398669,retained,0,0,False,23
guj,guj_0034,90.77214599,retained,0,0,False,21
guj,guj_0035,89.95234966,retained,0,0,False,23
guj,guj_0036,75.56301951,retained,0,0,False,32
guj,guj_0037,82.8527391,retained,0,0,False,16
guj,guj_0038,90.42261839,retained,0,0,False,10
guj,guj_0039,92.99044609,retained,0,0,False,14
guj,guj_0040,93.89688373,retained,0,0,False,20
guj,guj_0041,85.87919474,retained,0,0,False,10
guj,guj_0042,91.88429713,retained,0,0,False,14
guj,guj_0043,89.88488913,retained,0,0,False,25
guj,guj_0044,68.84381175,retained,0,0,False,17
guj,guj_0045,94.41233277,retained,0,0,False,19
guj,guj_0046,84.37201381,retained,0,0,False,13
guj,guj_0047,83.27564001,retained,0,0,False,25
guj,guj_0048,86.36196256,retained,0,0,False,17
guj,guj_0049,92.26054549,retained,0,0,False,22
guj,guj_0050,87.94463873,retained,0,0,False,22
guj,guj_0051,83.42089653,retained,0,0,False,19
guj,guj_0052,90.92337489,retained,0,0,False,12
guj,guj_0053,81.95266724,retained,0,0,False,18
guj,guj_0054,93.6201632,retained,0,0,False,12
guj,guj_0055,86.48509383,retained,0,0,False,17
guj,guj_0056,74.49419498,retained,0,0,False,16
guj,guj_0057,82.17083812,retained,0,0,False,29
guj,guj_0058,78.74664664,retained,0,0,False,23
guj,guj_0059,60.54342389,retained,0,0,False,29
guj,guj_0060,61.93372011,retained,0,0,False,17
guj,guj_0061,86.80098057,retained,0,0,False,16
guj,guj_0062,85.34795046,retained,0,0,False,20
guj,guj_0063,94.04666424,retained,0,0,False,10
guj,guj_0064,80.20817041,retained,0,0,False,13
guj,guj_0065,95.3496933,retained,0,0,False,28
guj,guj_0066,89.82257843,retained,0,0,False,14
guj,guj_0067,95.87347507,retained,0,0,False,9
guj,guj_0068,93.58298779,retained,0,0,False,22
guj,guj_0069,89.73254561,retained,0,0,False,23
guj,guj_0070,91.57469273,retained,0,0,False,13
guj,guj_0071,95.15868425,retained,0,0,False,14
guj,guj_0072,81.48065805,retained,0,0,False,14
guj,guj_0073,94.88015771,retained,0,0,False,11
guj,guj_0074,86.16600037,retained,0,0,False,21
guj,guj_0075,75.23710728,retained,0,0,False,27
guj,guj_0076,76.70064569,retained,0,0,False,21
guj,guj_0077,91.01362824,retained,0,0,False,22
guj,guj_0078,79.42614555,retained,0,0,False,22
guj,guj_0079,87.92838454,retained,0,0,False,22
guj,guj_0080,85.89728475,retained,0,0,False,15
guj,guj_0081,90.70548415,retained,0,0,False,23
guj,guj_0082,90.88647962,retained,0,0,False,18
guj,guj_0083,86.15222573,retained,0,0,False,19
guj,guj_0084,84.12591815,retained,0,0,False,26
guj,guj_0085,84.90489721,retained,0,0,False,27
guj,guj_0086,76.65928006,retained,0,0,False,19
guj,guj_0087,91.75807238,retained,0,0,False,22
guj,guj_0088,86.70130968,retained,0,0,False,30
guj,guj_0089,81.76868558,retained,0,0,False,24
guj,guj_0090,92.07217097,retained,0,0,False,16
guj,guj_0091,81.08385801,retained,0,0,False,18
guj,guj_0092,82.92580247,retained,0,0,False,22
guj,guj_0093,81.76751137,retained,0,0,False,11
guj,guj_0094,89.06882405,retained,0,0,False,8
guj,guj_0095,81.6247046,retained,0,0,False,26
guj,guj_0096,78.48853469,retained,0,0,False,12
guj,guj_0097,81.98420405,retained,0,0,False,28
guj,guj_0098,83.04564357,retained,0,0,False,17
guj,guj_0099,80.22308946,retained,0,0,False,30
guj,guj_0100,75.17768145,retained,0,0,False,28
guj,guj_0101,90.91674089,retained,0,0,False,27
guj,guj_0102,89.87365961,retained,0,0,False,16
guj,guj_0103,87.85093427,retained,0,0,False,33
guj,guj_0104,80.54640889,retained,0,0,False,14
guj,guj_0105,85.7021749,retained,0,0,False,16
guj,guj_0106,88.30815554,retained,0,0,False,18
guj,guj_0107,89.19744492,retained,0,0,False,22
guj,guj_0108,90.16879201,retained,0,0,False,34
guj,guj_0109,92.38180518,retained,0,0,False,6
guj,guj_0110,87.78021932,retained,0,0,False,13
guj,guj_0111,76.85675621,retained,0,0,False,24
guj,guj_0112,77.79406309,retained,0,0,False,22
guj,guj_0113,89.32994008,retained,0,0,False,19
guj,guj_0114,74.47767258,retained,0,0,False,15
guj,guj_0115,83.40663314,retained,0,0,False,20
guj,guj_0116,77.0326674,retained,0,0,False,12
guj,guj_0117,94.00886893,retained,0,0,False,29
guj,guj_0118,83.32612514,retained,0,0,False,24
guj,guj_0119,95.9907949,retained,0,0,False,16
guj,guj_0120,81.80836439,retained,0,0,False,14
guj,guj_0121,90.31414986,retained,0,0,False,23
guj,guj_0122,83.25527906,retained,0,0,False,24
guj,guj_0123,95.90488076,retained,0,0,False,10
guj,guj_0124,73.2555747,retained,0,0,False,30
guj,guj_0125,92.17525125,retained,0,0,False,15
guj,guj_0126,93.10779572,retained,0,0,False,8
guj,guj_0127,73.49560857,retained,0,0,False,18
guj,guj_0128,82.39422441,retained,0,0,False,12
guj,guj_0129,90.92742801,retained,0,0,False,15
guj,guj_0130,72.39832878,retained,0,0,False,21
guj,guj_0131,83.04620385,retained,0,0,False,17
guj,guj_0132,94.42702532,retained,0,0,False,9
guj,guj_0133,71.11759782,retained,0,0,False,21
guj,guj_0134,64.26432729,retained,0,0,False,17
guj,guj_0135,87.7479136,retained,0,0,False,17
guj,guj_0136,89.41285014,retained,0,0,False,28
guj,guj_0137,97.17567563,retained,0,0,False,11
guj,guj_0138,71.05152011,retained,0,0,False,20
guj,guj_0139,97.8248477,retained,0,0,False,9
guj,guj_0140,88.6402607,retained,0,0,False,9
guj,guj_0141,95.88041306,retained,0,0,False,12
guj,guj_0142,94.30114627,retained,0,0,False,12
guj,guj_0143,89.42466378,retained,0,0,False,13
guj,guj_0144,94.32049394,retained,0,0,False,22
guj,guj_0145,87.15731502,retained,0,0,False,32
guj,guj_0146,91.44003987,retained,0,0,False,12
guj,guj_0147,89.09577727,retained,0,0,False,18
guj,guj_0148,55.17401099,retained,0,0,False,19
guj,guj_0149,91.6382432,retained,0,0,False,14
guj,guj_0150,92.92476177,retained,0,0,False,23
guj,guj_0151,90.82036614,retained,0,0,False,20
guj,guj_0152,74.08333421,retained,0,0,False,16
guj,guj_0153,81.45875931,retained,0,0,False,24
guj,guj_0154,88.8674736,retained,0,0,False,20
guj,guj_0155,90.71574807,retained,0,0,False,18
guj,guj_0156,84.224087,retained,0,0,False,19
guj,guj_0157,80.6786716,retained,0,0,False,18
guj,guj_0158,88.88483644,retained,0,0,False,29
guj,guj_0159,84.45442319,retained,0,0,False,24
guj,guj_0160,76.87054276,retained,0,0,False,31
guj,guj_0161,69.25594211,retained,0,0,False,34
guj,guj_0162,63.8427794,retained,0,0,False,9
guj,guj_0163,89.83566165,retained,0,0,False,20
guj,guj_0164,77.82678604,retained,0,0,False,11
guj,guj_0165,86.50099635,retained,0,0,False,7
guj,guj_0166,86.18620634,retained,0,0,False,13
guj,guj_0167,84.69396234,retained,0,0,False,11
guj,guj_0168,71.98728323,retained,0,0,False,23
guj,guj_0169,61.19711399,retained,0,0,False,9
guj,guj_0170,93.180269,retained,0,0,False,17
guj,guj_0171,84.83896852,retained,0,0,False,17
guj,guj_0172,75.04243255,retained,0,0,False,35
guj,guj_0173,88.47884536,retained,0,0,False,13
guj,guj_0174,94.36596632,retained,0,0,False,15
guj,guj_0175,88.21021318,retained,0,0,False,15
guj,guj_0176,81.39827847,retained,0,0,False,16
guj,guj_0177,78.16178799,retained,0,0,False,18
guj,guj_0178,76.0740757,retained,0,0,False,19
guj,guj_0179,86.77085638,retained,0,0,False,23
guj,guj_0180,82.59156346,retained,0,0,False,22
guj,guj_0181,93.33490729,retained,0,0,False,17
guj,guj_0182,72.83827662,retained,0,0,False,10
guj,guj_0183,94.17877197,retained,0,0,False,11
guj,guj_0184,76.6086638,retained,0,0,False,30
guj,guj_0185,87.7602756,retained,0,0,False,29
guj,guj_0186,77.73109078,retained,0,0,False,23
guj,guj_0187,91.86080694,retained,0,0,False,15
guj,guj_0188,53.27848792,retained,0,0,False,14
guj,guj_0189,83.37503076,retained,0,0,False,15
guj,guj_0190,96.24321461,retained,0,0,False,24
guj,guj_0191,90.93618989,retained,0,0,False,17
guj,guj_0192,92.50055552,retained,0,0,False,10
guj,guj_0193,86.69826984,retained,0,0,False,29
guj,guj_0194,89.01382089,retained,0,0,False,24
guj,guj_0195,94.86432076,retained,0,0,False,7
guj,guj_0196,91.57350659,retained,0,0,False,23
guj,guj_0197,89.01554346,retained,0,0,False,13
guj,guj_0198,83.31523538,retained,0,0,False,21
guj,guj_0199,86.60947084,retained,0,0,False,12
guj,guj_0200,81.23195171,retained,0,0,False,20
guj,guj_0201,86.45242453,retained,0,0,False,17
guj,guj_0202,87.49109507,retained,0,0,False,19
guj,guj_0203,75.45177937,retained,0,0,False,20
guj,guj_0204,93.8203454,retained,0,0,False,11
guj,guj_0205,90.24475217,retained,0,0,False,13
guj,guj_0206,83.36461782,retained,0,0,False,25
guj,guj_0207,92.10015535,retained,0,0,False,13
guj,guj_0208,95.861727,retained,0,0,False,14
guj,guj_0209,86.68636084,retained,0,0,False,8
guj,guj_0210,80.7379365,retained,0,0,False,10
guj,guj_0211,75.01975894,retained,0,0,False,34
guj,guj_0212,85.86395979,retained,0,0,False,26
guj,guj_0213,89.16777968,retained,0,0,False,9
guj,guj_0214,87.89871931,retained,0,0,False,19
guj,guj_0215,85.13408899,retained,0,0,False,22
guj,guj_0216,92.25990772,retained,0,0,False,10
guj,guj_0217,91.5463388,retained,0,0,False,19
guj,guj_0218,75.97491145,retained,0,0,False,24
guj,guj_0219,93.90673041,retained,0,0,False,31
guj,guj_0220,85.2057755,retained,0,0,False,24
guj,guj_0221,94.2745924,retained,0,0,False,22
guj,guj_0222,89.79598284,retained,0,0,False,16
guj,guj_0223,84.74649787,retained,0,0,False,16
guj,guj_0224,89.09780383,retained,0,0,False,20
guj,guj_0225,90.32199979,retained,0,0,False,16
guj,guj_0226,91.78115129,retained,0,0,False,25
guj,guj_0227,85.42059064,retained,0,0,False,27
guj,guj_0228,67.18248725,retained,0,0,False,23
guj,guj_0229,83.87578726,retained,0,0,False,30
guj,guj_0230,91.83781147,retained,0,0,False,13
guj,guj_0231,95.2709794,retained,0,0,False,19
guj,guj_0232,91.35904908,retained,0,0,False,28
guj,guj_0233,86.3201201,retained,0,0,False,28
guj,guj_0234,88.47972751,retained,0,0,False,14
guj,guj_0235,81.85501695,retained,0,0,False,16
guj,guj_0236,87.23415732,retained,0,0,False,21
guj,guj_0237,91.73170924,retained,0,0,False,23
guj,guj_0238,88.34173083,retained,0,0,False,27
guj,guj_0239,84.0795517,retained,0,0,False,16
guj,guj_0240,96.45787477,retained,0,0,False,21
guj,guj_0241,85.56162715,retained,0,0,False,21
guj,guj_0242,83.77330303,retained,0,0,False,24
guj,guj_0243,90.60865045,retained,0,0,False,17
guj,guj_0244,93.35696697,retained,0,0,False,12
guj,guj_0245,86.50367856,retained,0,0,False,26
guj,guj_0246,87.66754866,retained,0,0,False,17
guj,guj_0247,95.30884027,retained,0,0,False,14
guj,guj_0248,90.81438184,retained,0,0,False,14
guj,guj_0249,74.75836277,retained,0,0,False,18
guj,guj_0250,77.38888264,retained,0,0,False,36
guj,guj_0251,87.3133719,retained,0,0,False,12
guj,guj_0252,90.53221345,retained,0,0,False,19
guj,guj_0253,69.84935403,retained,0,0,False,18
guj,guj_0254,75.24552941,retained,0,0,False,22
guj,guj_0255,88.23459744,retained,0,0,False,19
guj,guj_0256,79.62324023,retained,0,0,False,12
guj,guj_0257,87.45785952,retained,0,0,False,24
guj,guj_0258,84.46342349,retained,0,0,False,17
guj,guj_0259,82.61227608,retained,0,0,False,28
guj,guj_0260,82.55800009,retained,0,0,False,17
guj,guj_0261,85.55523753,retained,0,0,False,18
guj,guj_0262,91.8857038,retained,0,0,False,18
guj,guj_0263,95.35293579,retained,0,0,False,17
guj,guj_0264,86.07801199,retained,0,0,False,27
guj,guj_0265,45.67792118,retained,0,0,False,7
guj,guj_0266,88.71471882,retained,0,0,False,18
guj,guj_0267,75.94543695,retained,0,0,False,8
guj,guj_0268,94.29631829,retained,0,0,False,10
guj,guj_0269,89.83590603,retained,0,0,False,17
guj,guj_0270,85.74272394,retained,0,0,False,29
guj,guj_0271,91.18792415,retained,0,0,False,25
guj,guj_0272,94.47954893,retained,0,0,False,8
guj,guj_0273,83.85159373,retained,0,0,False,33
guj,guj_0274,94.20582652,retained,0,0,False,23
guj,guj_0275,47.05426693,retained,0,0,False,4
guj,guj_0276,83.42580199,retained,0,0,False,26
guj,guj_0277,80.26688099,retained,0,0,False,22
guj,guj_0278,93.10206771,retained,0,0,False,16
guj,guj_0279,86.24098301,retained,0,0,False,16
guj,guj_0280,92.33004451,retained,0,0,False,29
guj,guj_0281,77.7121067,retained,0,0,False,21
guj,guj_0282,83.32173228,retained,0,0,False,21
guj,guj_0283,85.48287153,retained,0,0,False,9
guj,guj_0284,82.60703087,retained,0,0,False,17
guj,guj_0285,86.41517758,retained,0,0,False,24
guj,guj_0286,82.66494274,retained,0,0,False,18
guj,guj_0287,66.05666876,retained,0,0,False,15
guj,guj_0288,91.61785841,retained,0,0,False,18
guj,guj_0289,89.27460909,retained,0,0,False,30
guj,guj_0290,86.78594828,retained,0,0,False,18
guj,guj_0291,89.32359815,retained,0,0,False,13
guj,guj_0292,78.94940972,retained,0,0,False,26
guj,guj_0293,81.02591038,retained,0,0,False,25
guj,guj_0294,82.87782669,retained,0,0,False,14
guj,guj_0295,93.89894605,retained,0,0,False,15
guj,guj_0296,88.76838088,retained,0,0,False,13
guj,guj_0297,81.90167546,retained,0,0,False,12
guj,guj_0298,92.3358202,retained,0,0,False,21
guj,guj_0299,88.39385509,retained,0,0,False,17
guj,guj_0300,53.49044204,retained,0,0,False,7
guj,guj_0301,85.4516387,retained,0,0,False,10
guj,guj_0302,89.67359662,retained,0,0,False,26
guj,guj_0303,66.70157313,retained,0,0,False,14
guj,guj_0304,87.17767,retained,0,0,False,16
guj,guj_0305,79.67861891,retained,0,0,False,21
guj,guj_0306,88.17025423,retained,0,0,False,12
guj,guj_0307,88.64484429,retained,0,0,False,11
guj,guj_0308,95.41137218,retained,0,0,False,11
guj,guj_0309,82.25086927,retained,0,0,False,18
guj,guj_0310,93.78048778,retained,0,0,False,21
guj,guj_0311,77.17337012,retained,0,0,False,15
guj,guj_0312,74.27101135,retained,0,0,False,31
guj,guj_0313,87.15159297,retained,0,0,False,21
guj,guj_0314,87.46093512,retained,0,0,False,30
guj,guj_0315,81.96576238,retained,0,0,False,20
guj,guj_0316,90.38622975,retained,0,0,False,14
guj,guj_0317,87.2361362,retained,0,0,False,20
guj,guj_0318,79.88438606,retained,0,0,False,30
guj,guj_0319,93.66655946,retained,0,0,False,15
guj,guj_0320,92.11551547,retained,0,0,False,23
guj,guj_0321,68.87782216,retained,0,0,False,8
guj,guj_0322,89.60855603,retained,0,0,False,14
guj,guj_0323,63.28103542,retained,0,0,False,27
guj,guj_0324,86.72999144,retained,0,0,False,18
guj,guj_0325,87.19577193,retained,0,0,False,26
guj,guj_0326,86.28152609,retained,0,0,False,19
guj,guj_0327,84.20500159,retained,0,0,False,11
guj,guj_0328,78.3859849,retained,0,0,False,18
guj,guj_0329,74.10495281,retained,0,0,False,13
guj,guj_0330,86.7779851,retained,0,0,False,13
guj,guj_0331,82.52778649,retained,0,0,False,35
guj,guj_0332,81.96898103,retained,0,0,False,15
guj,guj_0333,84.35804844,retained,0,0,False,9
guj,guj_0334,93.37425232,retained,0,0,False,16
guj,guj_0335,88.43091726,retained,0,0,False,13
guj,guj_0336,71.00549936,retained,0,0,False,15
guj,guj_0337,75.67501664,retained,0,0,False,18
guj,guj_0338,81.51151538,retained,0,0,False,16
guj,guj_0339,93.04190278,retained,0,0,False,20
guj,guj_0340,92.9439187,retained,0,0,False,22
guj,guj_0341,81.64483309,retained,0,0,False,21
guj,guj_0342,80.55324554,retained,0,0,False,11
guj,guj_0343,87.53025532,retained,0,0,False,24
guj,guj_0344,71.67021632,retained,0,0,False,25
guj,guj_0345,68.67362857,retained,0,0,False,16
guj,guj_0346,79.65609431,retained,0,0,False,20
guj,guj_0347,88.74114156,retained,0,0,False,14
guj,guj_0348,83.20840001,retained,0,0,False,23
guj,guj_0349,80.08940816,retained,0,0,False,31
guj,guj_0350,94.50513721,retained,0,0,False,10
guj,guj_0351,69.77724433,retained,0,0,False,16
guj,guj_0352,77.55058408,retained,0,0,False,23
guj,guj_0353,79.3743968,retained,0,0,False,24
guj,guj_0354,72.41100669,retained,0,0,False,22
guj,guj_0355,78.87029052,retained,0,0,False,18
guj,guj_0356,94.90963221,retained,0,0,False,24
guj,guj_0357,92.326653,retained,0,0,False,11
guj,guj_0358,89.9484992,retained,0,0,False,28
guj,guj_0359,87.71442175,retained,0,0,False,15
guj,guj_0360,84.39031243,retained,0,0,False,23
guj,guj_0361,76.45509839,retained,0,0,False,22
guj,guj_0362,95.1073885,retained,0,0,False,16
guj,guj_0363,92.14865565,retained,0,0,False,20
guj,guj_0364,85.68387628,retained,0,0,False,27
guj,guj_0365,94.28601265,retained,0,0,False,23
guj,guj_0366,86.28588319,retained,0,0,False,33
guj,guj_0367,81.35128021,retained,0,0,False,25
guj,guj_0368,87.24882007,retained,0,0,False,18
guj,guj_0369,81.07581139,retained,0,0,False,19
guj,guj_0370,96.55684829,retained,0,0,False,16
guj,guj_0371,86.43826842,retained,0,0,False,15
guj,guj_0372,59.446913,retained,0,0,False,8
guj,guj_0373,93.49232912,retained,0,0,False,17
guj,guj_0374,89.20131326,retained,0,0,False,19
guj,guj_0375,88.42717409,retained,0,0,False,14
guj,guj_0376,93.07038784,retained,0,0,False,12
guj,guj_0377,80.07921576,retained,0,0,False,15
guj,guj_0378,81.8626225,retained,0,0,False,7
guj,guj_0379,95.93196511,retained,0,0,False,13
guj,guj_0380,76.99365616,retained,0,0,False,14
guj,guj_0381,84.37185884,retained,0,0,False,30
guj,guj_0382,87.62974739,retained,0,0,False,25
guj,guj_0383,92.09510088,retained,0,0,False,15
guj,guj_0384,87.13617921,retained,0,0,False,13
guj,guj_0385,88.16463947,retained,0,0,False,13
guj,guj_0386,88.22222948,retained,0,0,False,18
guj,guj_0387,92.1061635,retained,0,0,False,14
guj,guj_0388,79.71052527,retained,0,0,False,21
guj,guj_0389,63.54282498,retained,0,0,False,8
guj,guj_0390,87.0651722,retained,0,0,False,20
guj,guj_0391,93.50522161,retained,0,0,False,14
guj,guj_0392,70.14024854,retained,0,0,False,16
guj,guj_0393,82.5901866,retained,0,0,False,18
guj,guj_0394,71.00028992,retained,0,0,False,13
guj,guj_0395,76.11860633,retained,0,0,False,32
guj,guj_0396,71.71189785,retained,0,0,False,32
guj,guj_0397,84.97308493,retained,0,0,False,24
guj,guj_0398,87.58162856,retained,0,0,False,21
guj,guj_0399,81.28217459,retained,0,0,False,20
guj,guj_0400,93.26645136,retained,0,0,False,26
guj,guj_0401,78.83027196,retained,0,0,False,25
guj,guj_0402,86.47093773,retained,0,0,False,15
guj,guj_0403,83.04914236,retained,0,0,False,28
guj,guj_0404,86.22857332,retained,0,0,False,10
guj,guj_0405,84.79520679,retained,0,0,False,15
guj,guj_0406,90.11439681,retained,0,0,False,13
guj,guj_0407,75.96660852,retained,0,0,False,13
guj,guj_0408,78.76226902,retained,0,0,False,27
guj,guj_0409,85.78091264,retained,0,0,False,22
guj,guj_0410,88.34486604,retained,0,0,False,11
guj,guj_0411,92.74885058,retained,0,0,False,18
guj,guj_0412,86.84871197,retained,0,0,False,15
guj,guj_0413,91.07402563,retained,0,0,False,18
guj,guj_0414,70.57228684,retained,0,0,False,16
guj,guj_0415,84.60609913,retained,0,0,False,7
guj,guj_0416,88.18213344,retained,0,0,False,10
guj,guj_0417,87.74120808,retained,0,0,False,17
guj,guj_0418,84.65220928,retained,0,0,False,13
guj,guj_0419,82.28232265,retained,0,0,False,19
guj,guj_0420,88.06813955,retained,0,0,False,16
guj,guj_0421,89.59825635,retained,0,0,False,19
guj,guj_0422,91.71506763,retained,0,0,False,18
guj,guj_0423,84.96748209,retained,0,0,False,25
guj,guj_0424,94.01646256,retained,0,0,False,16
guj,guj_0425,80.38109541,retained,0,0,False,12
guj,guj_0426,79.05601263,retained,0,0,False,16
guj,guj_0427,93.05406213,retained,0,0,False,22
guj,guj_0428,84.78848338,retained,0,0,False,23
guj,guj_0429,89.43303227,retained,0,0,False,32
guj,guj_0430,94.85421181,retained,0,0,False,12
guj,guj_0431,80.78274131,retained,0,0,False,22
guj,guj_0432,89.22000527,retained,0,0,False,25
guj,guj_0433,78.57253551,retained,0,0,False,29
guj,guj_0434,73.85035753,retained,0,0,False,25
guj,guj_0435,86.93475723,retained,0,0,False,19
guj,guj_0436,88.36331367,retained,0,0,False,21
guj,guj_0437,97.53650427,retained,0,0,False,7
guj,guj_0438,87.68920898,retained,0,0,False,13
guj,guj_0439,93.07619929,retained,0,0,False,23
guj,guj_0440,91.65684581,retained,0,0,False,21
guj,guj_0441,95.41577697,retained,0,0,False,20
guj,guj_0442,94.26183701,retained,0,0,False,26
guj,guj_0443,81.79162145,retained,0,0,False,9
guj,guj_0444,89.16835189,retained,0,0,False,19
guj,guj_0445,71.15221024,retained,0,0,False,8
guj,guj_0446,90.58172107,retained,0,0,False,18
guj,guj_0447,93.82045865,retained,0,0,False,10
guj,guj_0448,94.44391727,retained,0,0,False,20
guj,guj_0449,90.47358632,retained,0,0,False,20
guj,guj_0450,73.68863225,retained,0,0,False,12
guj,guj_0451,81.30264878,retained,0,0,False,26
guj,guj_0452,85.04541516,retained,0,0,False,22
guj,guj_0453,87.57790923,retained,0,0,False,14
guj,guj_0454,94.02914643,retained,0,0,False,13
guj,guj_0455,80.25420904,retained,0,0,False,10
guj,guj_0456,90.75782895,retained,0,0,False,9
guj,guj_0457,73.04813266,retained,0,0,False,18
guj,guj_0458,88.57262135,retained,0,0,False,31
guj,guj_0459,88.35706115,retained,0,0,False,26
guj,guj_0460,83.7548852,retained,0,0,False,19
guj,guj_0461,90.36655426,retained,0,0,False,19
guj,guj_0462,87.12646961,retained,0,0,False,14
guj,guj_0463,80.49271107,retained,0,0,False,29
guj,guj_0464,80.96081018,retained,0,0,False,25
guj,guj_0465,92.37985611,retained,0,0,False,27
guj,guj_0466,87.63076663,retained,0,0,False,15
guj,guj_0467,75.2630651,retained,0,0,False,9
guj,guj_0468,85.6320858,retained,0,0,False,24
guj,guj_0469,84.64021683,retained,0,0,False,12
guj,guj_0470,92.69974828,retained,0,0,False,16
guj,guj_0471,88.9585793,retained,0,0,False,17
guj,guj_0472,89.76170421,retained,0,0,False,21
guj,guj_0473,85.18519998,retained,0,0,False,9
guj,guj_0474,72.5693047,retained,0,0,False,12
guj,guj_0475,70.27238011,retained,0,0,False,30
guj,guj_0476,93.18292141,retained,0,0,False,12
guj,guj_0477,68.07871461,retained,0,0,False,11
guj,guj_0478,94.09778118,retained,0,0,False,12
guj,guj_0479,83.08383226,retained,0,0,False,24
guj,guj_0480,86.78408861,retained,0,0,False,20
guj,guj_0481,87.17541695,retained,0,0,False,21
guj,guj_0482,85.0879848,retained,0,0,False,15
guj,guj_0483,91.32665396,retained,0,0,False,11
guj,guj_0484,85.15541553,retained,0,0,False,22
guj,guj_0485,88.01001906,retained,0,0,False,11
guj,guj_0486,86.4125967,retained,0,0,False,17
guj,guj_0487,88.76157999,retained,0,0,False,14
guj,guj_0488,88.06521893,retained,0,0,False,24
guj,guj_0489,81.82997108,retained,0,0,False,29
guj,guj_0490,91.82187915,retained,0,0,False,29
guj,guj_0491,85.78133583,retained,0,0,False,9
guj,guj_0492,86.22856736,retained,0,0,False,14
guj,guj_0493,79.4603765,retained,0,0,False,27
guj,guj_0494,68.32363009,retained,0,0,False,20
guj,guj_0495,90.06021023,retained,0,0,False,22
guj,guj_0496,91.25188589,retained,0,0,False,25
guj,guj_0497,70.95215917,retained,0,0,False,15
guj,guj_0498,86.28922701,retained,0,0,False,17
guj,guj_0499,94.05053854,retained,0,0,False,12
guj,guj_0500,92.85420179,retained,0,0,False,12
guj,guj_0501,67.85438061,retained,0,0,False,25
guj,guj_0502,86.34325862,retained,0,0,False,24
guj,guj_0503,81.62311316,retained,0,0,False,18
guj,guj_0504,93.781811,retained,0,0,False,21
guj,guj_0505,94.35654283,retained,0,0,False,13
guj,guj_0506,84.63307023,retained,0,0,False,19
guj,guj_0507,70.95587254,retained,0,0,False,15
guj,guj_0508,82.37006068,retained,0,0,False,29
guj,guj_0509,88.92598152,retained,0,0,False,33
guj,guj_0510,84.92908478,retained,0,0,False,19
guj,guj_0511,85.4115963,retained,0,0,False,22
guj,guj_0512,86.01676822,retained,0,0,False,57
guj,guj_0513,85.76362729,retained,0,0,False,20
guj,guj_0514,87.20736504,retained,0,0,False,24
guj,guj_0515,94.48900819,retained,0,0,False,11
guj,guj_0516,79.61959243,retained,0,0,False,27
guj,guj_0517,89.22951818,retained,0,0,False,26
guj,guj_0518,84.44781899,retained,0,0,False,23
guj,guj_0519,87.65050173,retained,0,0,False,33
guj,guj_0520,75.19430518,retained,0,0,False,19
guj,guj_0521,84.01432633,retained,0,0,False,26
guj,guj_0522,81.47025704,retained,0,0,False,33
guj,guj_0523,85.78416705,retained,0,0,False,34
guj,guj_0524,86.06827855,retained,0,0,False,20
guj,guj_0525,67.38743782,retained,0,0,False,31
guj,guj_0526,92.22835302,retained,0,0,False,15
guj,guj_0527,91.38767123,retained,0,0,False,22
guj,guj_0528,67.75161028,retained,0,0,False,9
guj,guj_0529,82.97030926,retained,0,0,False,22
guj,guj_0530,61.95943356,retained,0,0,False,16
guj,guj_0531,80.8285594,retained,0,0,False,36
guj,guj_0532,92.25950837,retained,0,0,False,28
guj,guj_0533,85.18744707,retained,0,0,False,41
guj,guj_0534,90.45683146,retained,0,0,False,24
guj,guj_0535,85.43933034,retained,0,0,False,18
guj,guj_0536,66.44026637,retained,0,0,False,11
guj,guj_0537,73.20352197,retained,0,0,False,22
guj,guj_0538,90.42147398,retained,0,0,False,20
guj,guj_0539,80.96680045,retained,0,0,False,10
guj,guj_0540,91.01379514,retained,0,0,False,21
guj,guj_0541,88.46945763,retained,0,0,False,17
guj,guj_0542,94.39467788,retained,0,0,False,13
guj,guj_0543,79.36429977,retained,0,0,False,22
guj,guj_0544,87.76952028,retained,0,0,False,19
guj,guj_0545,82.08013773,retained,0,0,False,15
guj,guj_0546,94.677037,retained,0,0,False,15
guj,guj_0547,74.50134158,retained,0,0,False,17
guj,guj_0548,86.87213063,retained,0,0,False,22
guj,guj_0549,81.04736805,retained,0,0,False,31
guj,guj_0550,82.94470906,retained,0,0,False,12
guj,guj_0551,84.48818922,retained,0,0,False,30
guj,guj_0552,83.74296427,retained,0,0,False,24
guj,guj_0553,88.30202818,retained,0,0,False,15
guj,guj_0554,82.14994073,retained,0,0,False,45
guj,guj_0555,84.84876156,retained,0,0,False,15
guj,guj_0556,82.48499632,retained,0,0,False,26
guj,guj_0557,92.99403429,retained,0,0,False,10
guj,guj_0558,91.153723,retained,0,0,False,34
guj,guj_0559,78.33898067,retained,0,0,False,16
guj,guj_0560,80.10258079,retained,0,0,False,35
guj,guj_0561,85.71030498,retained,0,0,False,20
guj,guj_0562,77.95550823,retained,0,0,False,21
guj,guj_0563,86.3042295,retained,0,0,False,26
guj,guj_0564,81.9938004,retained,0,0,False,20
guj,guj_0565,95.04452348,retained,0,0,False,17
guj,guj_0566,93.5801208,retained,0,0,False,10
guj,guj_0567,89.49674368,retained,0,0,False,31
guj,guj_0568,93.30639839,retained,0,0,False,22
guj,guj_0569,88.84817958,retained,0,0,False,15
guj,guj_0570,93.84894967,retained,0,0,False,10
guj,guj_0571,84.68589187,retained,0,0,False,30
guj,guj_0572,82.98646212,retained,0,0,False,33
guj,guj_0573,87.69264817,retained,0,0,False,6
guj,guj_0574,89.46207762,retained,0,0,False,18
guj,guj_0575,82.82108307,retained,0,0,False,20
guj,guj_0576,88.25404644,retained,0,0,False,16
guj,guj_0577,92.72913933,retained,0,0,False,21
guj,guj_0578,90.0627017,retained,0,0,False,21
guj,guj_0579,92.37776399,retained,0,0,False,7
guj,guj_0580,93.56693625,retained,0,0,False,17
guj,guj_0581,87.33402491,retained,0,0,False,33
guj,guj_0582,93.66614223,retained,0,0,False,10
guj,guj_0583,80.42440414,retained,0,0,False,16
guj,guj_0584,91.70114994,retained,0,0,False,14
guj,guj_0585,74.74627495,retained,0,0,False,16
guj,guj_0586,92.11417437,retained,0,0,False,28
guj,guj_0587,90.25657177,retained,0,0,False,17
guj,guj_0588,94.15898323,retained,0,0,False,17
guj,guj_0589,85.1349473,retained,0,0,False,37
guj,guj_0590,82.05236793,retained,0,0,False,19
guj,guj_0591,97.5040257,retained,0,0,False,16
guj,guj_0592,66.37601852,retained,0,0,False,10
guj,guj_0593,89.59102035,retained,0,0,False,15
guj,guj_0594,81.14348054,retained,0,0,False,13
guj,guj_0595,73.73232245,retained,0,0,False,24
guj,guj_0596,89.39789534,retained,0,0,False,22
guj,guj_0597,76.03234649,retained,0,0,False,15
guj,guj_0598,90.5403316,retained,0,0,False,14
guj,guj_0599,80.76398969,retained,0,0,False,17
guj,guj_0600,69.15537715,retained,0,0,False,7
guj,guj_0601,70.59547901,retained,0,0,False,20
guj,guj_0602,78.22283506,retained,0,0,False,20
guj,guj_0603,94.6403563,retained,0,0,False,17
guj,guj_0604,84.50965285,retained,0,0,False,34
guj,guj_0605,77.51703262,retained,0,0,False,21
guj,guj_0606,70.55763006,retained,0,0,False,6
guj,guj_0607,93.80673766,retained,0,0,False,9
guj,guj_0608,88.12246919,retained,0,0,False,29
guj,guj_0609,92.4171567,retained,0,0,False,10
guj,guj_0610,96.34764791,retained,0,0,False,19
guj,guj_0611,76.51803493,retained,0,0,False,12
guj,guj_0612,94.1729486,retained,0,0,False,15
guj,guj_0613,83.1443131,retained,0,0,False,21
guj,guj_0614,90.17118216,retained,0,0,False,14
guj,guj_0615,65.8865273,retained,0,0,False,19
guj,guj_0616,92.10015535,retained,0,0,False,13
guj,guj_0617,92.65104532,retained,0,0,False,13
guj,guj_0618,75.88919997,retained,0,0,False,29
guj,guj_0619,78.77448201,retained,0,0,False,16
guj,guj_0620,84.65185761,retained,0,0,False,14
guj,guj_0621,83.3304584,retained,0,0,False,10
guj,guj_0622,94.17251945,retained,0,0,False,9
guj,guj_0623,92.73056388,retained,0,0,False,25
guj,guj_0624,92.46702194,retained,0,0,False,30
guj,guj_0625,76.93166137,retained,0,0,False,17
guj,guj_0626,83.47783685,retained,0,0,False,14
guj,guj_0627,81.90441728,retained,0,0,False,14
guj,guj_0628,90.56963921,retained,0,0,False,26
guj,guj_0629,87.84040213,retained,0,0,False,9
guj,guj_0630,83.44722986,retained,0,0,False,29
guj,guj_0631,88.69095445,retained,0,0,False,13
guj,guj_0632,80.80199957,retained,0,0,False,15
guj,guj_0633,86.68531179,retained,0,0,False,17
guj,guj_0634,85.44422984,retained,0,0,False,11
guj,guj_0635,75.69001913,retained,0,0,False,27
guj,guj_0636,83.41753483,retained,0,0,False,17
guj,guj_0637,89.02532458,retained,0,0,False,23
guj,guj_0638,75.27356148,retained,0,0,False,28
guj,guj_0639,77.63107419,retained,0,0,False,45
guj,guj_0640,94.58206296,retained,0,0,False,14
guj,guj_0641,79.05786037,retained,0,0,False,28
guj,guj_0642,83.63793492,retained,0,0,False,26
guj,guj_0643,85.54005623,retained,0,0,False,14
guj,guj_0644,91.14471078,retained,0,0,False,14
guj,guj_0645,91.20662808,retained,0,0,False,25
guj,guj_0646,91.63842797,retained,0,0,False,15
guj,guj_0647,96.30842805,retained,0,0,False,8
guj,guj_0648,90.86281061,retained,0,0,False,28
guj,guj_0649,92.93625951,retained,0,0,False,18
guj,guj_0650,85.65036058,retained,0,0,False,22
guj,guj_0651,85.6341958,retained,0,0,False,9
guj,guj_0652,89.90079165,retained,0,0,False,20
guj,guj_0653,95.17198205,retained,0,0,False,10
guj,guj_0654,91.1105752,retained,0,0,False,19
guj,guj_0655,92.61465073,retained,0,0,False,19
guj,guj_0656,80.82053065,retained,0,0,False,16
guj,guj_0657,94.56822276,retained,0,0,False,24
guj,guj_0658,79.36711311,retained,0,0,False,20
guj,guj_0659,93.41883659,retained,0,0,False,14
guj,guj_0660,89.37503695,retained,0,0,False,28
guj,guj_0661,92.82753468,retained,0,0,False,23
guj,guj_0662,93.83897781,retained,0,0,False,17
guj,guj_0663,90.21958709,retained,0,0,False,11
guj,guj_0664,87.08703518,retained,0,0,False,20
guj,guj_0665,88.24496269,retained,0,0,False,10
guj,guj_0666,87.96414733,retained,0,0,False,33
guj,guj_0667,94.03205514,retained,0,0,False,27
guj,guj_0668,93.25224757,retained,0,0,False,13
guj,guj_0669,82.61935711,retained,0,0,False,13
guj,guj_0670,71.46238089,retained,0,0,False,19
guj,guj_0671,93.48274469,retained,0,0,False,25
guj,guj_0672,80.6994915,retained,0,0,False,12
guj,guj_0673,81.86328411,retained,0,0,False,17
guj,guj_0674,93.70040894,retained,0,0,False,14
guj,guj_0675,70.65876126,retained,0,0,False,11
guj,guj_0676,89.46954608,retained,0,0,False,31
guj,guj_0677,78.65319252,retained,0,0,False,23
guj,guj_0678,89.83251452,retained,0,0,False,7
guj,guj_0679,93.40909123,retained,0,0,False,18
guj,guj_0680,83.94257426,retained,0,0,False,23
guj,guj_0681,72.67097235,retained,0,0,False,23
guj,guj_0682,91.99813604,retained,0,0,False,17
guj,guj_0683,47.20717669,retained,0,0,False,17
guj,guj_0684,88.28090429,retained,0,0,False,14
guj,guj_0685,86.14062071,retained,0,0,False,12
guj,guj_0686,67.68285036,retained,0,0,False,27
guj,guj_0687,95.15393972,retained,0,0,False,14
guj,guj_0688,93.53584647,retained,0,0,False,14
guj,guj_0689,88.85429502,retained,0,0,False,15
guj,guj_0690,92.56138802,retained,0,0,False,21
guj,guj_0691,86.06532812,retained,0,0,False,16
guj,guj_0692,73.38545322,retained,0,0,False,24
guj,guj_0693,92.49225259,retained,0,0,False,14
guj,guj_0694,87.98090816,retained,0,0,False,12
guj,guj_0695,92.14529395,retained,0,0,False,21
guj,guj_0696,75.17955303,retained,0,0,False,22
guj,guj_0697,89.71372247,retained,0,0,False,17
guj,guj_0698,93.42263937,retained,0,0,False,19
guj,guj_0699,82.51005411,retained,0,0,False,16
guj,guj_0700,83.37600827,retained,0,0,False,13
guj,guj_0701,91.93758965,retained,0,0,False,21
guj,guj_0702,90.62381983,retained,0,0,False,32
guj,guj_0703,84.48548317,retained,0,0,False,23
guj,guj_0704,92.0410037,retained,0,0,False,16
guj,guj_0705,92.71659851,retained,0,0,False,12
guj,guj_0706,90.50540924,retained,0,0,False,14
guj,guj_0707,86.81769967,retained,0,0,False,30
guj,guj_0708,80.45651317,retained,0,0,False,18
guj,guj_0709,74.8093605,retained,0,0,False,19
guj,guj_0710,84.52109098,retained,0,0,False,12
guj,guj_0711,88.76596689,retained,0,0,False,13
guj,guj_0712,85.08575559,retained,0,0,False,33
guj,guj_0713,92.80121326,retained,0,0,False,26
guj,guj_0714,88.84832859,retained,0,0,False,11
guj,guj_0715,84.59954858,retained,0,0,False,20
guj,guj_0716,86.53566241,retained,0,0,False,21
guj,guj_0717,83.63583684,retained,0,0,False,12
guj,guj_0718,92.83151031,retained,0,0,False,10
guj,guj_0719,92.14168787,retained,0,0,False,16
guj,guj_0720,22.79757857,retained,0,0,False,32
guj,guj_0721,75.22306442,retained,0,0,False,19
guj,guj_0722,91.23844504,retained,0,0,False,17
guj,guj_0723,88.20886016,retained,0,0,False,19
guj,guj_0724,76.34777427,retained,0,0,False,19
guj,guj_0725,87.73425817,retained,0,0,False,19
guj,guj_0726,88.67990375,retained,0,0,False,26
guj,guj_0727,88.63846064,retained,0,0,False,18
guj,guj_0728,95.7826674,retained,0,0,False,12
guj,guj_0729,77.93254852,retained,0,0,False,26
guj,guj_0730,88.91513348,retained,0,0,False,24
guj,guj_0731,89.6597147,retained,0,0,False,17
guj,guj_0732,93.29883456,retained,0,0,False,16
guj,guj_0733,96.17490172,retained,0,0,False,6
guj,guj_0734,75.15109777,retained,0,0,False,18
guj,guj_0735,97.8248477,retained,0,0,False,9
guj,guj_0736,72.44127989,retained,0,0,False,23
guj,guj_0737,87.12641001,retained,0,0,False,20
guj,guj_0738,90.66579938,retained,0,0,False,13
guj,guj_0739,79.88964319,retained,0,0,False,59
guj,guj_0740,88.81717324,retained,0,0,False,22
guj,guj_0741,92.06206203,retained,0,0,False,22
guj,guj_0742,85.40561795,retained,0,0,False,27
guj,guj_0743,92.92151332,retained,0,0,False,24
guj,guj_0744,83.98215175,retained,0,0,False,9
guj,guj_0745,79.69180942,retained,0,0,False,22
guj,guj_0746,89.22378421,retained,0,0,False,20
guj,guj_0747,86.76226139,retained,0,0,False,19
guj,guj_0748,62.92991042,retained,0,0,False,16
guj,guj_0749,72.49322534,retained,0,0,False,19
guj,guj_0750,92.68858433,retained,0,0,False,10
guj,guj_0751,80.89587688,retained,0,0,False,30
guj,guj_0752,94.52936053,retained,0,0,False,7
guj,guj_0753,90.5790329,retained,0,0,False,10
guj,guj_0754,84.58459973,retained,0,0,False,15
guj,guj_0755,83.49752426,retained,0,0,False,8
guj,guj_0756,94.05112267,retained,0,0,False,17
guj,guj_0757,79.10328507,retained,0,0,False,18
guj,guj_0758,85.03271341,retained,0,0,False,27
guj,guj_0759,89.76072669,retained,0,0,False,19
guj,guj_0760,80.91474175,retained,0,0,False,25
guj,guj_0761,80.52626848,retained,0,0,False,33
guj,guj_0762,92.78069139,retained,0,0,False,20
guj,guj_0763,88.3887291,retained,0,0,False,15
guj,guj_0764,88.42014074,retained,0,0,False,21
guj,guj_0765,83.57515335,retained,0,0,False,19
guj,guj_0766,92.3194766,retained,0,0,False,15
guj,guj_0767,82.580477,retained,0,0,False,42
guj,guj_0768,92.2441721,retained,0,0,False,25
guj,guj_0769,95.22945881,retained,0,0,False,19
guj,guj_0770,81.36375546,retained,0,0,False,29
guj,guj_0771,93.22211146,retained,0,0,False,19
guj,guj_0772,79.48523164,retained,0,0,False,25
guj,guj_0773,82.80549645,retained,0,0,False,26
guj,guj_0774,84.93263125,retained,0,0,False,25
guj,guj_0775,92.80875325,retained,0,0,False,13
guj,guj_0776,92.52532721,retained,0,0,False,17
guj,guj_0777,88.43154907,retained,0,0,False,14
guj,guj_0778,92.70849228,retained,0,0,False,16
guj,guj_0779,83.41545463,retained,0,0,False,28
guj,guj_0780,90.97795486,retained,0,0,False,18
guj,guj_0781,86.99014187,retained,0,0,False,10
guj,guj_0782,91.78277254,retained,0,0,False,10
guj,guj_0783,87.58075237,retained,0,0,False,21
guj,guj_0784,59.01606083,retained,0,0,False,16
guj,guj_0785,79.05536294,retained,0,0,False,25
guj,guj_0786,83.49960446,retained,0,0,False,30
guj,guj_0787,94.0420866,retained,0,0,False,18
guj,guj_0788,85.03995538,retained,0,0,False,14
guj,guj_0789,78.29998732,retained,0,0,False,19
guj,guj_0790,93.0551827,retained,0,0,False,28
guj,guj_0791,87.56706119,retained,0,0,False,26
guj,guj_0792,92.05870032,retained,0,0,False,12
guj,guj_0793,93.90063882,retained,0,0,False,12
guj,guj_0794,77.06659436,retained,0,0,False,12
guj,guj_0795,87.57243156,retained,0,0,False,11
guj,guj_0796,72.84555435,retained,0,0,False,15
guj,guj_0797,74.4451642,retained,0,0,False,30
guj,guj_0798,80.7294786,retained,0,0,False,15
guj,guj_0799,95.07071376,retained,0,0,False,21
guj,guj_0800,57.31421113,retained,0,0,False,15
guj,guj_0801,94.21584606,retained,0,0,False,12
guj,guj_0802,81.88529015,retained,0,0,False,29
guj,guj_0803,92.0214951,retained,0,0,False,11
guj,guj_0804,91.71683192,retained,0,0,False,28
guj,guj_0805,81.32066131,retained,0,0,False,19
guj,guj_0806,78.79088521,retained,0,0,False,20
guj,guj_0807,90.31095505,retained,0,0,False,22
guj,guj_0808,86.98397279,retained,0,0,False,29
guj,guj_0809,85.77181101,retained,0,0,False,28
guj,guj_0810,71.32621408,retained,0,0,False,33
guj,guj_0811,67.51954556,retained,0,0,False,19
guj,guj_0812,88.75155449,retained,0,0,False,25
guj,guj_0813,61.60153747,retained,0,0,False,9
guj,guj_0814,84.88643765,retained,0,0,False,10
guj,guj_0815,82.74157643,retained,0,0,False,11
guj,guj_0816,96.19739056,retained,0,0,False,10
guj,guj_0817,89.67856169,retained,0,0,False,24
guj,guj_0818,81.11644983,retained,0,0,False,14
guj,guj_0819,90.4596746,retained,0,0,False,20
guj,guj_0820,83.50918889,retained,0,0,False,18
guj,guj_0821,70.21967769,retained,0,0,False,36
guj,guj_0822,90.32031894,retained,0,0,False,15
guj,guj_0823,83.72696042,retained,0,0,False,14
guj,guj_0824,82.76534081,retained,0,0,False,26
guj,guj_0825,93.50864291,retained,0,0,False,15
guj,guj_0826,97.53650427,retained,0,0,False,7
guj,guj_0827,86.85753942,retained,0,0,False,17
guj,guj_0828,78.41330767,retained,0,0,False,19
guj,guj_0829,84.05606747,retained,0,0,False,20
guj,guj_0830,85.05488038,retained,0,0,False,18
guj,guj_0831,82.37001896,retained,0,0,False,14
guj,guj_0832,85.41837931,retained,0,0,False,24
guj,guj_0833,76.64030194,retained,0,0,False,13
guj,guj_0834,82.83939958,retained,0,0,False,12
guj,guj_0835,78.7519455,retained,0,0,False,17
guj,guj_0836,89.30495381,retained,0,0,False,24
guj,guj_0837,89.11571503,retained,0,0,False,24
guj,guj_0838,90.75289965,retained,0,0,False,23
guj,guj_0839,89.75252509,retained,0,0,False,10
guj,guj_0840,85.48946977,retained,0,0,False,20
guj,guj_0841,92.45043397,retained,0,0,False,23
guj,guj_0842,73.8515079,retained,0,0,False,21
guj,guj_0843,93.66164804,retained,0,0,False,16
guj,guj_0844,90.49348831,retained,0,0,False,31
guj,guj_0845,86.9532764,retained,0,0,False,22
guj,guj_0846,77.6207149,retained,0,0,False,27
guj,guj_0847,84.46614742,retained,0,0,False,25
guj,guj_0848,89.61029053,retained,0,0,False,17
guj,guj_0849,79.13999557,retained,0,0,False,22
guj,guj_0850,88.38126659,retained,0,0,False,32
guj,guj_0851,64.24623132,retained,0,0,False,7
guj,guj_0852,95.90252638,retained,0,0,False,12
guj,guj_0853,77.10793018,retained,0,0,False,10
guj,guj_0854,79.42737937,retained,0,0,False,34
guj,guj_0855,89.93501663,retained,0,0,False,31
guj,guj_0856,91.87545776,retained,0,0,False,9
guj,guj_0857,95.50711513,retained,0,0,False,24
guj,guj_0858,85.32979488,retained,0,0,False,21
guj,guj_0859,74.0342319,retained,0,0,False,22
guj,guj_0860,83.98377895,retained,0,0,False,23
guj,guj_0861,94.04182434,retained,0,0,False,17
guj,guj_0862,96.13674879,retained,0,0,False,14
guj,guj_0863,67.62549877,retained,0,0,False,20
guj,guj_0864,88.96690011,retained,0,0,False,10
guj,guj_0865,84.16242003,retained,0,0,False,24
guj,guj_0866,88.60948682,retained,0,0,False,20
guj,guj_0867,90.41410685,retained,0,0,False,13
guj,guj_0868,86.71073914,retained,0,0,False,28
guj,guj_0869,96.63051367,retained,0,0,False,16
guj,guj_0870,95.58244944,retained,0,0,False,12
guj,guj_0871,81.07699752,retained,0,0,False,18
guj,guj_0872,75.96629858,retained,0,0,False,17
guj,guj_0873,85.38199663,retained,0,0,False,24
guj,guj_0874,90.50953388,retained,0,0,False,25
guj,guj_0875,86.24230027,retained,0,0,False,25
guj,guj_0876,93.2892561,retained,0,0,False,23
guj,guj_0877,91.85128808,retained,0,0,False,19
guj,guj_0878,95.19106746,retained,0,0,False,12
guj,guj_0879,81.94212914,retained,0,0,False,19
guj,guj_0880,84.33739543,retained,0,0,False,18
guj,guj_0881,83.67611766,retained,0,0,False,15
guj,guj_0882,76.36772394,retained,0,0,False,18
guj,guj_0883,86.14370823,retained,0,0,False,24
guj,guj_0884,80.23388386,retained,0,0,False,16
guj,guj_0885,93.82770658,retained,0,0,False,19
guj,guj_0886,91.09122157,retained,0,0,False,12
guj,guj_0887,87.57727146,retained,0,0,False,30
guj,guj_0888,89.30742145,retained,0,0,False,23
guj,guj_0889,90.85040689,retained,0,0,False,26
guj,guj_0890,85.53340435,retained,0,0,False,13
guj,guj_0891,88.40643167,retained,0,0,False,20
guj,guj_0892,81.81233406,retained,0,0,False,24
guj,guj_0893,82.70887733,retained,0,0,False,23
guj,guj_0894,76.39864683,retained,0,0,False,6
guj,guj_0895,78.93348336,retained,0,0,False,11
guj,guj_0896,84.05213952,retained,0,0,False,24
guj,guj_0897,93.63244176,retained,0,0,False,10
guj,guj_0898,86.08019948,retained,0,0,False,16
guj,guj_0899,74.82798696,retained,0,0,False,13
guj,guj_0900,82.25758672,retained,0,0,False,8
guj,guj_0901,94.04069185,retained,0,0,False,10
guj,guj_0902,77.34922767,retained,0,0,False,21
guj,guj_0903,95.73498964,retained,0,0,False,10
guj,guj_0904,76.61896944,retained,0,0,False,20
guj,guj_0905,87.88831234,retained,0,0,False,19
guj,guj_0906,92.11105704,retained,0,0,False,9
guj,guj_0907,86.01878881,retained,0,0,False,12
guj,guj_0908,96.46630883,retained,0,0,False,9
guj,guj_0909,91.36862159,retained,0,0,False,11
guj,guj_0910,89.76082206,retained,0,0,False,19
guj,guj_0911,94.89178658,retained,0,0,False,16
guj,guj_0912,85.50049663,retained,0,0,False,17
guj,guj_0913,88.90028596,retained,0,0,False,7
guj,guj_0914,84.18110013,retained,0,0,False,13
guj,guj_0915,85.96556783,retained,0,0,False,9
guj,guj_0916,82.61232376,retained,0,0,False,21
guj,guj_0917,70.54284215,retained,0,0,False,20
guj,guj_0918,90.7394886,retained,0,0,False,26
guj,guj_0919,88.48560452,retained,0,0,False,13
guj,guj_0920,87.36934662,retained,0,0,False,19
guj,guj_0921,83.85815024,retained,0,0,False,25
guj,guj_0922,84.17793512,retained,0,0,False,20
guj,guj_0923,91.83374643,retained,0,0,False,26
guj,guj_0924,92.85501838,retained,0,0,False,12
guj,guj_0925,87.35515475,retained,0,0,False,27
guj,guj_0926,83.29018354,retained,0,0,False,35
guj,guj_0927,95.19163966,retained,0,0,False,30
guj,guj_0928,93.36426854,retained,0,0,False,26
guj,guj_0929,90.18410444,retained,0,0,False,20
guj,guj_0930,77.76247859,retained,0,0,False,22
guj,guj_0931,89.10627365,retained,0,0,False,11
guj,guj_0932,90.41548371,retained,0,0,False,21
guj,guj_0933,73.80645275,retained,0,0,False,33
guj,guj_0934,89.728266,retained,0,0,False,34
guj,guj_0935,93.32513213,retained,0,0,False,28
guj,guj_0936,85.38746238,retained,0,0,False,19
guj,guj_0937,82.66175389,retained,0,0,False,25
guj,guj_0938,94.63603497,retained,0,0,False,11
guj,guj_0939,78.00787687,retained,0,0,False,21
guj,guj_0940,70.53582072,retained,0,0,False,17
guj,guj_0941,87.17778325,retained,0,0,False,26
guj,guj_0942,81.54179454,retained,0,0,False,12
guj,guj_0943,93.41081977,retained,0,0,False,13
guj,guj_0944,94.11796331,retained,0,0,False,10
guj,guj_0945,93.11856627,retained,0,0,False,7
guj,guj_0946,82.62529373,retained,0,0,False,33
guj,guj_0947,75.67817569,retained,0,0,False,42
guj,guj_0948,96.00524306,retained,0,0,False,16
guj,guj_0949,91.71920419,retained,0,0,False,21
guj,guj_0950,83.49156976,retained,0,0,False,22
guj,guj_0951,86.44381166,retained,0,0,False,14
guj,guj_0952,79.57716584,retained,0,0,False,28
guj,guj_0953,90.80830812,retained,0,0,False,11
guj,guj_0954,93.59967709,retained,0,0,False,28
guj,guj_0955,79.38548923,retained,0,0,False,26
guj,guj_0956,86.1792028,retained,0,0,False,28
guj,guj_0957,95.61032653,retained,0,0,False,11
guj,guj_0958,90.81200361,retained,0,0,False,11
guj,guj_0959,92.69353151,retained,0,0,False,18
guj,guj_0960,93.48118901,retained,0,0,False,12
guj,guj_0961,90.35721421,retained,0,0,False,17
guj,guj_0962,92.54250526,retained,0,0,False,23
guj,guj_0963,84.87123847,retained,0,0,False,20
guj,guj_0964,92.85988808,retained,0,0,False,11
guj,guj_0965,89.29398656,retained,0,0,False,20
guj,guj_0966,89.26830888,retained,0,0,False,24
guj,guj_0967,87.40548491,retained,0,0,False,24
guj,guj_0968,92.59259105,retained,0,0,False,16
guj,guj_0969,86.40466332,retained,0,0,False,11
guj,guj_0970,73.37599993,retained,0,0,False,19
guj,guj_0971,92.44157076,retained,0,0,False,18
guj,guj_0972,84.05442238,retained,0,0,False,32
guj,guj_0973,91.57347083,retained,0,0,False,17
guj,guj_0974,89.56564665,retained,0,0,False,19
guj,guj_0975,86.90852523,retained,0,0,False,24
guj,guj_0976,92.71498322,retained,0,0,False,9
guj,guj_0977,88.29482794,retained,0,0,False,30
guj,guj_0978,88.96553516,retained,0,0,False,18
guj,guj_0979,90.46735168,retained,0,0,False,26
guj,guj_0980,90.05063772,retained,0,0,False,11
guj,guj_0981,82.95414448,retained,0,0,False,22
guj,guj_0982,91.37851596,retained,0,0,False,24
guj,guj_0983,90.16801715,retained,0,0,False,20
guj,guj_0984,83.22496414,retained,0,0,False,15
guj,guj_0985,92.06128716,retained,0,0,False,25
guj,guj_0986,93.0018127,retained,0,0,False,15
guj,guj_0987,87.72895932,retained,0,0,False,19
guj,guj_0988,93.16869378,retained,0,0,False,10
guj,guj_0989,91.93398356,retained,0,0,False,15
guj,guj_0990,88.6937201,retained,0,0,False,30
guj,guj_0991,83.31682086,retained,0,0,False,35
guj,guj_0992,80.25297523,retained,0,0,False,28
guj,guj_0993,56.7258358,retained,0,0,False,27
guj,guj_0994,83.39766264,retained,0,0,False,16
guj,guj_0995,66.41643047,retained,0,0,False,28
guj,guj_0996,94.16335225,retained,0,0,False,10
guj,guj_0997,91.57681465,retained,0,0,False,14
guj,guj_0998,91.46368504,retained,0,0,False,18
guj,guj_0999,77.08299756,retained,0,0,False,31
guj,guj_1000,89.45102692,retained,0,0,False,23
guj,guj_1001,86.67827249,retained,0,0,False,21
guj,guj_1002,93.97852421,retained,0,0,False,8
guj,guj_1003,84.79969501,retained,0,0,False,53
guj,guj_1004,80.59498072,retained,0,0,False,21
guj,guj_1005,88.78293633,retained,0,0,False,12
guj,guj_1006,90.83869457,retained,0,0,False,11
guj,guj_1007,88.73691559,retained,0,0,False,8
guj,guj_1008,95.29257417,retained,0,0,False,16
guj,guj_1009,90.21822214,retained,0,0,False,7
guj,guj_1010,72.49614596,retained,0,0,False,16
guj,guj_1011,96.46630883,retained,0,0,False,9
guj,guj_1012,83.91347528,retained,0,0,False,16
guj,guj_1013,86.1374259,retained,0,0,False,19
guj,guj_1014,86.89664602,retained,0,0,False,13
guj,guj_1015,82.95990825,retained,0,0,False,21
guj,guj_1016,63.6556685,retained,0,0,False,16
guj,guj_1017,89.48851824,retained,0,0,False,6
guj,guj_1018,86.33140326,retained,0,0,False,10
guj,guj_1019,81.96029663,retained,0,0,False,33
guj,guj_1020,92.85847545,retained,0,0,False,12
guj,guj_1021,89.47706223,retained,0,0,False,18
guj,guj_1022,69.01404262,retained,0,0,False,29
guj,guj_1023,93.06700826,retained,0,0,False,15
guj,guj_1024,91.31736159,retained,0,0,False,20
guj,guj_1025,91.89801812,retained,0,0,False,27
guj,guj_1026,89.33405876,retained,0,0,False,15
guj,guj_1027,74.5757103,retained,0,0,False,13
guj,guj_1028,71.99902534,retained,0,0,False,17
guj,guj_1029,94.86666322,retained,0,0,False,8
guj,guj_1030,71.10504508,retained,0,0,False,32
guj,guj_1031,74.70890284,retained,0,0,False,18
guj,guj_1032,88.43568563,retained,0,0,False,33
guj,guj_1033,92.97326803,retained,0,0,False,26
guj,guj_1034,87.2012794,retained,0,0,False,10
guj,guj_1035,81.8033278,retained,0,0,False,25
guj,guj_1036,88.36594224,retained,0,0,False,20
guj,guj_1037,70.58906555,retained,0,0,False,28
guj,guj_1038,92.32520461,retained,0,0,False,10
guj,guj_1039,89.96712565,retained,0,0,False,16
guj,guj_1040,75.31936765,retained,0,0,False,19
guj,guj_1041,83.1020534,retained,0,0,False,31
guj,guj_1042,89.0506506,retained,0,0,False,30
guj,guj_1043,81.5715909,retained,0,0,False,21
guj,guj_1044,87.06693649,retained,0,0,False,21
guj,guj_1045,81.91915751,retained,0,0,False,11
guj,guj_1046,90.50910473,retained,0,0,False,24
guj,guj_1047,90.13649225,retained,0,0,False,24
guj,guj_1048,87.44833469,retained,0,0,False,8
guj,guj_1049,89.62827921,retained,0,0,False,20
guj,guj_1050,89.74074125,retained,0,0,False,20
guj,guj_1051,94.54833269,retained,0,0,False,10
guj,guj_1052,85.47300696,retained,0,0,False,19
guj,guj_1053,65.86148143,retained,0,0,False,18
guj,guj_1054,89.45364356,retained,0,0,False,16
guj,guj_1055,75.605762,retained,0,0,False,19
guj,guj_1056,93.17929745,retained,0,0,False,17
guj,guj_1057,86.06560826,retained,0,0,False,19
guj,guj_1058,83.80063772,retained,0,0,False,17
guj,guj_1059,84.73519087,retained,0,0,False,29
guj,guj_1060,89.66197968,retained,0,0,False,21
guj,guj_1061,92.29812622,retained,0,0,False,20
guj,guj_1062,78.67097855,retained,0,0,False,20
guj,guj_1063,89.82899189,retained,0,0,False,13
guj,guj_1064,92.51681566,retained,0,0,False,23
guj,guj_1065,92.90018082,retained,0,0,False,21
guj,guj_1066,88.1039083,retained,0,0,False,34
guj,guj_1067,85.04071832,retained,0,0,False,23
guj,guj_1068,87.40187883,retained,0,0,False,27
guj,guj_1069,95.93403935,retained,0,0,False,8
guj,guj_1070,69.71331835,retained,0,0,False,10
guj,guj_1071,67.83095598,retained,0,0,False,22
guj,guj_1072,85.04880071,retained,0,0,False,34
guj,guj_1073,88.6407733,retained,0,0,False,23
guj,guj_1074,90.79592824,retained,0,0,False,18
guj,guj_1075,85.57674885,retained,0,0,False,22
guj,guj_1076,89.422369,retained,0,0,False,16
guj,guj_1077,85.52390933,retained,0,0,False,17
guj,guj_1078,93.28622818,retained,0,0,False,8
guj,guj_1079,87.62902021,retained,0,0,False,21
guj,guj_1080,87.20989227,retained,0,0,False,13
guj,guj_1081,95.14780641,retained,0,0,False,14
guj,guj_1082,91.23052359,retained,0,0,False,20
guj,guj_1083,88.92493844,retained,0,0,False,13
guj,guj_1084,83.20874572,retained,0,0,False,25
guj,guj_1085,91.88838005,retained,0,0,False,32
guj,guj_1086,92.95911789,retained,0,0,False,12
guj,guj_1087,83.27466249,retained,0,0,False,17
guj,guj_1088,89.22408223,retained,0,0,False,29
guj,guj_1089,89.71293569,retained,0,0,False,16
guj,guj_1090,91.68826342,retained,0,0,False,26
guj,guj_1091,91.17696881,retained,0,0,False,24
guj,guj_1092,79.70373034,retained,0,0,False,28
guj,guj_1093,92.97912121,retained,0,0,False,15
guj,guj_1094,70.05110383,retained,0,0,False,26
guj,guj_1095,73.2824862,retained,0,0,False,18
guj,guj_1096,80.23213148,retained,0,0,False,18
guj,guj_1097,92.0027256,retained,0,0,False,26
guj,guj_1098,88.21483254,retained,0,0,False,27
guj,guj_1099,89.5545423,retained,0,0,False,9
guj,guj_1100,90.66930413,retained,0,0,False,12
guj,guj_1101,83.83790255,retained,0,0,False,25
guj,guj_1102,69.80363131,retained,0,0,False,30
guj,guj_1103,90.24077654,retained,0,0,False,10
guj,guj_1104,89.08835053,retained,0,0,False,23
guj,guj_1105,88.81987333,retained,0,0,False,28
guj,guj_1106,96.14605308,retained,0,0,False,12
guj,guj_1107,80.90515733,retained,0,0,False,22
guj,guj_1108,88.18493485,retained,0,0,False,10
guj,guj_1109,90.2441442,retained,0,0,False,33
guj,guj_1110,63.36202025,retained,0,0,False,32
guj,guj_1111,95.75452805,retained,0,0,False,7
guj,guj_1112,83.34714174,retained,0,0,False,23
guj,guj_1113,93.29337478,retained,0,0,False,22
guj,guj_1114,79.87747192,retained,0,0,False,25
guj,guj_1115,79.39483523,retained,0,0,False,18
guj,guj_1116,77.92617083,retained,0,0,False,12
guj,guj_1117,87.34921813,retained,0,0,False,13
guj,guj_1118,82.85714984,retained,0,0,False,22
guj,guj_1119,85.20568609,retained,0,0,False,13
guj,guj_1120,86.83050871,retained,0,0,False,21
guj,guj_1121,89.01629448,retained,0,0,False,9
guj,guj_1122,93.30768585,retained,0,0,False,19
guj,guj_1123,78.40949297,retained,0,0,False,40
guj,guj_1124,92.37292409,retained,0,0,False,18
guj,guj_1125,88.31465244,retained,0,0,False,28
guj,guj_1126,86.80642843,retained,0,0,False,22
guj,guj_1127,88.68735433,retained,0,0,False,15
guj,guj_1128,94.58313584,retained,0,0,False,12
guj,guj_1129,63.60350251,retained,0,0,False,19
guj,guj_1130,87.07578182,retained,0,0,False,21
guj,guj_1131,80.47407866,retained,0,0,False,13
guj,guj_1132,89.70056772,retained,0,0,False,16
guj,guj_1133,87.90448904,retained,0,0,False,15
guj,guj_1134,91.77415371,retained,0,0,False,25
guj,guj_1135,78.39605808,retained,0,0,False,26
guj,guj_1136,64.50199485,retained,0,0,False,35
guj,guj_1137,88.83329034,retained,0,0,False,15
guj,guj_1138,74.0414381,retained,0,0,False,50
guj,guj_1139,73.34576249,retained,0,0,False,32
guj,guj_1140,76.8825531,retained,0,0,False,14
guj,guj_1141,78.11563015,retained,0,0,False,5
guj,guj_1142,66.0187304,retained,0,0,False,14
guj,guj_1143,73.0004549,retained,0,0,False,20
guj,guj_1144,83.62364769,retained,0,0,False,19
guj,guj_1145,91.44218564,retained,0,0,False,19
guj,guj_1146,88.99725676,retained,0,0,False,10
guj,guj_1147,90.63646197,retained,0,0,False,21
guj,guj_1148,97.49922752,retained,0,0,False,6
guj,guj_1149,95.6363976,retained,0,0,False,21
guj,guj_1150,90.79447389,retained,0,0,False,16
guj,guj_1151,88.78915906,retained,0,0,False,14
guj,guj_1152,88.45893145,retained,0,0,False,9
guj,guj_1153,94.38877106,retained,0,0,False,17
guj,guj_1154,95.8545208,retained,0,0,False,16
guj,guj_1155,83.89880061,retained,0,0,False,19
guj,guj_1156,95.0068891,retained,0,0,False,19
guj,guj_1157,77.72427201,retained,0,0,False,26
guj,guj_1158,79.54406738,retained,0,0,False,30
guj,guj_1159,78.76716852,retained,0,0,False,26
guj,guj_1160,96.14208341,retained,0,0,False,19
guj,guj_1161,60.27064323,retained,0,0,False,33
guj,guj_1162,85.36483049,retained,0,0,False,17
guj,guj_1163,97.61465788,retained,0,0,False,19
guj,guj_1164,89.64537382,retained,0,0,False,14
guj,guj_1165,69.22430396,retained,0,0,False,8
guj,guj_1166,87.41270304,retained,0,0,False,11
guj,guj_1167,93.2161212,retained,0,0,False,14
guj,guj_1168,83.02073479,retained,0,0,False,21
guj,guj_1169,88.36402297,retained,0,0,False,19
guj,guj_1170,84.72101688,retained,0,0,False,16
guj,guj_1171,82.44672418,retained,0,0,False,13
guj,guj_1172,92.43075848,retained,0,0,False,19
guj,guj_1173,92.97859073,retained,0,0,False,14
guj,guj_1174,85.03630161,retained,0,0,False,13
guj,guj_1175,94.36426163,retained,0,0,False,15
guj,guj_1176,83.38552117,retained,0,0,False,23
guj,guj_1177,94.21422482,retained,0,0,False,22
guj,guj_1178,86.20961308,retained,0,0,False,23
guj,guj_1179,84.85299945,retained,0,0,False,27
guj,guj_1180,89.3499136,retained,0,0,False,25
guj,guj_1181,88.22664618,retained,0,0,False,25
guj,guj_1182,71.51996493,retained,0,0,False,16
guj,guj_1183,86.33435965,retained,0,0,False,25
guj,guj_1184,85.25273204,retained,0,0,False,23
guj,guj_1185,86.72865629,retained,0,0,False,9
guj,guj_1186,93.30582023,retained,0,0,False,20
guj,guj_1187,69.89579797,retained,0,0,False,13
guj,guj_1188,93.57357025,retained,0,0,False,5
guj,guj_1189,93.77787709,retained,0,0,False,9
guj,guj_1190,60.79782844,retained,0,0,False,11
guj,guj_1191,77.09512711,retained,0,0,False,17
guj,guj_1192,79.88746762,retained,0,0,False,25
guj,guj_1193,87.93891072,retained,0,0,False,14
guj,guj_1194,89.40743804,retained,0,0,False,19
guj,guj_1195,88.75981569,retained,0,0,False,18
guj,guj_1196,82.83467293,retained,0,0,False,22
guj,guj_1197,85.52657962,retained,0,0,False,9
guj,guj_1198,87.60831952,retained,0,0,False,13
guj,guj_1199,92.73641706,retained,0,0,False,21
guj,guj_1200,89.6728158,retained,0,0,False,33
guj,guj_1201,66.67745113,retained,0,0,False,11
guj,guj_1202,89.09102678,retained,0,0,False,26
guj,guj_1203,85.23828983,retained,0,0,False,33
guj,guj_1204,75.45604706,retained,0,0,False,26
guj,guj_1205,80.75214028,retained,0,0,False,21
guj,guj_1206,95.28596401,retained,0,0,False,14
guj,guj_1207,94.04197931,retained,0,0,False,29
guj,guj_1208,85.50932407,retained,0,0,False,20
guj,guj_1209,91.97143912,retained,0,0,False,14
guj,guj_1210,90.4099226,retained,0,0,False,17
guj,guj_1211,87.30159998,retained,0,0,False,36
guj,guj_1212,84.24913287,retained,0,0,False,26
guj,guj_1213,85.46851277,retained,0,0,False,18
guj,guj_1214,65.14437795,retained,0,0,False,18
guj,guj_1215,84.78578329,retained,0,0,False,22
guj,guj_1216,85.83623171,retained,0,0,False,16
guj,guj_1217,90.73032141,retained,0,0,False,35
guj,guj_1218,88.6534512,retained,0,0,False,22
guj,guj_1219,94.2214489,retained,0,0,False,15
guj,guj_1220,92.13740826,retained,0,0,False,9
guj,guj_1221,97.53650427,retained,0,0,False,7
guj,guj_1222,94.22946572,retained,0,0,False,8
guj,guj_1223,78.0344367,retained,0,0,False,31
guj,guj_1224,89.4503355,retained,0,0,False,15
guj,guj_1225,93.31832528,retained,0,0,False,9
guj,guj_1226,78.50552797,retained,0,0,False,17
guj,guj_1227,94.61846352,retained,0,0,False,14
guj,guj_1228,83.72298479,retained,0,0,False,24
guj,guj_1229,82.91227818,retained,0,0,False,24
guj,guj_1230,90.87454081,retained,0,0,False,22
guj,guj_1231,89.63011503,retained,0,0,False,23
guj,guj_1232,94.55222487,retained,0,0,False,11
guj,guj_1233,92.67029762,retained,0,0,False,25
guj,guj_1234,90.46933055,retained,0,0,False,18
guj,guj_1235,80.31698465,retained,0,0,False,12
guj,guj_1236,93.49629283,retained,0,0,False,22
guj,guj_1237,87.04205751,retained,0,0,False,19
guj,guj_1238,75.99732876,retained,0,0,False,17
guj,guj_1239,83.96644592,retained,0,0,False,26
guj,guj_1240,90.69986343,retained,0,0,False,23
guj,guj_1241,90.91291428,retained,0,0,False,17
guj,guj_1242,77.85814404,retained,0,0,False,18
guj,guj_1243,82.77269006,retained,0,0,False,19
guj,guj_1244,82.75656104,retained,0,0,False,28
guj,guj_1245,90.99006653,retained,0,0,False,14
guj,guj_1246,85.21920443,retained,0,0,False,17
guj,guj_1247,74.68422651,retained,0,0,False,23
guj,guj_1248,77.71430612,retained,0,0,False,17
guj,guj_1249,92.37428904,retained,0,0,False,17
guj,guj_1250,94.47345138,retained,0,0,False,9
guj,guj_1251,94.1557765,retained,0,0,False,11
guj,guj_1252,91.26413465,retained,0,0,False,26
guj,guj_1253,90.74029326,retained,0,0,False,11
guj,guj_1254,87.56371737,retained,0,0,False,11
guj,guj_1255,93.04793477,retained,0,0,False,24
guj,guj_1256,85.39713621,retained,0,0,False,9
guj,guj_1257,79.98768091,retained,0,0,False,34
guj,guj_1258,82.00776577,retained,0,0,False,20
guj,guj_1259,91.15902185,retained,0,0,False,14
guj,guj_1260,77.07901001,retained,0,0,False,14
guj,guj_1261,90.07976055,retained,0,0,False,16
guj,guj_1262,85.89613438,retained,0,0,False,21
guj,guj_1263,93.61485839,retained,0,0,False,22
guj,guj_1264,87.46253252,retained,0,0,False,26
guj,guj_1265,92.85988808,retained,0,0,False,11
guj,guj_1266,95.14250755,retained,0,0,False,26
guj,guj_1267,88.77820969,retained,0,0,False,21
guj,guj_1268,89.77177143,retained,0,0,False,11
guj,guj_1269,89.59086537,retained,0,0,False,22
guj,guj_1270,74.88163114,retained,0,0,False,23
guj,guj_1271,90.52323699,retained,0,0,False,33
guj,guj_1272,90.00976682,retained,0,0,False,18
guj,guj_1273,95.7401216,retained,0,0,False,15
guj,guj_1274,91.06659293,retained,0,0,False,25
guj,guj_1275,90.26552439,retained,0,0,False,31
guj,guj_1276,91.95619822,retained,0,0,False,15
guj,guj_1277,92.55749583,retained,0,0,False,8
guj,guj_1278,86.8268311,retained,0,0,False,18
guj,guj_1279,82.0528388,retained,0,0,False,27
guj,guj_1280,95.92611194,retained,0,0,False,8
guj,guj_1281,83.39811563,retained,0,0,False,19
guj,guj_1282,79.47047949,retained,0,0,False,30
guj,guj_1283,86.34405136,retained,0,0,False,19
guj,guj_1284,83.22783113,retained,0,0,False,10
guj,guj_1285,92.56005883,retained,0,0,False,14
guj,guj_1286,88.05423975,retained,0,0,False,14
guj,guj_1287,89.14304972,retained,0,0,False,26
guj,guj_1288,87.48743534,retained,0,0,False,22
guj,guj_1289,85.04770994,retained,0,0,False,26
guj,guj_1290,87.26868033,retained,0,0,False,23
guj,guj_1291,89.60125446,retained,0,0,False,14
guj,guj_1292,89.8412466,retained,0,0,False,14
guj,guj_1293,83.57230425,retained,0,0,False,39
guj,guj_1294,85.05559564,retained,0,0,False,21
guj,guj_1295,95.25996447,retained,0,0,False,17
guj,guj_1296,63.84146214,retained,0,0,False,23
guj,guj_1297,83.54222178,retained,0,0,False,19
guj,guj_1298,81.39968514,retained,0,0,False,31
guj,guj_1299,94.7537601,retained,0,0,False,5
guj,guj_1300,87.29936481,retained,0,0,False,24
guj,guj_1301,92.7605629,retained,0,0,False,18
guj,guj_1302,70.78148723,retained,0,0,False,17
guj,guj_1303,80.50947785,retained,0,0,False,21
guj,guj_1304,94.27214265,retained,0,0,False,20
guj,guj_1305,90.91325402,retained,0,0,False,10
guj,guj_1306,97.61465788,retained,0,0,False,19
guj,guj_1307,85.7966423,retained,0,0,False,24
guj,guj_1308,93.74578595,retained,0,0,False,21
guj,guj_1309,75.56467056,retained,0,0,False,25
guj,guj_1310,88.69647384,retained,0,0,False,12
guj,guj_1311,92.63088703,retained,0,0,False,30
guj,guj_1312,92.92165637,retained,0,0,False,12
guj,guj_1313,91.73372388,retained,0,0,False,20
guj,guj_1314,94.54965591,retained,0,0,False,17
guj,guj_1315,88.81835938,retained,0,0,False,23
guj,guj_1316,93.93376708,retained,0,0,False,16
guj,guj_1317,91.8985486,retained,0,0,False,11
guj,guj_1318,94.83088851,retained,0,0,False,11
guj,guj_1319,88.65148425,retained,0,0,False,22
guj,guj_1320,89.72066045,retained,0,0,False,10
guj,guj_1321,77.88332105,retained,0,0,False,25
guj,guj_1322,92.71654487,retained,0,0,False,18
guj,guj_1323,86.15812063,retained,0,0,False,23
guj,guj_1324,90.61306119,retained,0,0,False,19
guj,guj_1325,73.9800632,retained,0,0,False,31
guj,guj_1326,85.55858731,retained,0,0,False,28
guj,guj_1327,93.53371263,retained,0,0,False,9
guj,guj_1328,90.77910781,retained,0,0,False,28
guj,guj_1329,95.92223763,retained,0,0,False,21
guj,guj_1330,69.86294389,retained,0,0,False,14
guj,guj_1331,84.19737816,retained,0,0,False,48
guj,guj_1332,90.6247437,retained,0,0,False,12
guj,guj_1333,68.82667542,retained,0,0,False,14
guj,guj_1334,93.3221817,retained,0,0,False,24
guj,guj_1335,76.48505569,retained,0,0,False,14
guj,guj_1336,94.75785494,retained,0,0,False,14
guj,guj_1337,92.10015535,retained,0,0,False,13
guj,guj_1338,93.36417317,retained,0,0,False,23
guj,guj_1339,90.19650221,retained,0,0,False,25
guj,guj_1340,76.05827451,retained,0,0,False,15
guj,guj_1341,84.90267396,retained,0,0,False,26
guj,guj_1342,86.84708476,retained,0,0,False,28
guj,guj_1343,92.79354215,retained,0,0,False,19
guj,guj_1344,87.30481863,retained,0,0,False,20
guj,guj_1345,91.04789495,retained,0,0,False,23
guj,guj_1346,88.00755143,retained,0,0,False,27
guj,guj_1347,93.78219247,retained,0,0,False,17
guj,guj_1348,87.37469912,retained,0,0,False,19
guj,guj_1349,95.77468038,retained,0,0,False,13
guj,guj_1350,92.17139482,retained,0,0,False,18
guj,guj_1351,92.85843968,retained,0,0,False,18
guj,guj_1352,86.9948864,retained,0,0,False,21
guj,guj_1353,91.79170132,retained,0,0,False,18
guj,guj_1354,86.07177138,retained,0,0,False,41
guj,guj_1355,86.49862409,retained,0,0,False,25
guj,guj_1356,93.31204295,retained,0,0,False,27
guj,guj_1357,83.69427323,retained,0,0,False,16
guj,guj_1358,87.31738329,retained,0,0,False,21
guj,guj_1359,87.46236563,retained,0,0,False,22
guj,guj_1360,87.46035099,retained,0,0,False,28
guj,guj_1361,83.10183287,retained,0,0,False,14
guj,guj_1362,95.46635747,retained,0,0,False,12
guj,guj_1363,91.22862816,retained,0,0,False,18
guj,guj_1364,91.53279662,retained,0,0,False,14
guj,guj_1365,93.10228229,retained,0,0,False,27
guj,guj_1366,93.38603616,retained,0,0,False,21
guj,guj_1367,85.47409177,retained,0,0,False,16
guj,guj_1368,89.74241018,retained,0,0,False,30
guj,guj_1369,95.13706565,retained,0,0,False,15
guj,guj_1370,94.66239214,retained,0,0,False,14
guj,guj_1371,87.42238283,retained,0,0,False,13
guj,guj_1372,78.02038789,retained,0,0,False,13
guj,guj_1373,78.63124609,retained,0,0,False,15
guj,guj_1374,90.43423533,retained,0,0,False,21
guj,guj_1375,94.34397817,retained,0,0,False,12
guj,guj_1376,85.81237793,retained,0,0,False,20
guj,guj_1377,83.58589411,retained,0,0,False,26
guj,guj_1378,76.48498416,retained,0,0,False,19
guj,guj_1379,90.72061777,retained,0,0,False,10
guj,guj_1380,76.58325434,retained,0,0,False,16
guj,guj_1381,88.94924521,retained,0,0,False,29
guj,guj_1382,88.8843596,retained,0,0,False,12
guj,guj_1383,76.41408443,retained,0,0,False,31
guj,guj_1384,94.40994859,retained,0,0,False,29
guj,guj_1385,88.19628954,retained,0,0,False,24
guj,guj_1386,85.64789891,retained,0,0,False,26
guj,guj_1387,91.79596901,retained,0,0,False,21
guj,guj_1388,93.06108952,retained,0,0,False,21
guj,guj_1389,83.94519091,retained,0,0,False,9
guj,guj_1390,68.86143684,retained,0,0,False,52
guj,guj_1391,91.51858091,retained,0,0,False,27
guj,guj_1392,83.91129971,retained,0,0,False,22
guj,guj_1393,90.91009498,retained,0,0,False,32
guj,guj_1394,91.92328453,retained,0,0,False,15
guj,guj_1395,82.71852732,retained,0,0,False,22
guj,guj_1396,89.06351924,retained,0,0,False,16
guj,guj_1397,83.82329345,retained,0,0,False,23
guj,guj_1398,86.36772633,retained,0,0,False,16
guj,guj_1399,95.7965672,retained,0,0,False,9
tam,tam_0000,89.65215087,retained,0,0,False,8
tam,tam_0001,94.37564015,retained,0,0,False,15
tam,tam_0002,79.44026589,retained,0,0,False,25
tam,tam_0003,87.2323513,retained,0,0,False,12
tam,tam_0004,87.12961674,retained,0,0,False,12
tam,tam_0005,86.52257919,retained,0,0,False,11
tam,tam_0006,77.71517038,retained,0,0,False,13
tam,tam_0007,86.67573333,retained,0,0,False,17
tam,tam_0008,82.35750198,retained,0,0,False,16
tam,tam_0009,90.16435146,retained,0,0,False,14
tam,tam_0010,87.32581139,retained,0,0,False,11
tam,tam_0011,93.81572008,retained,0,0,False,10
tam,tam_0012,51.48616433,retained,0,0,False,15
tam,tam_0013,79.48026657,retained,0,0,False,15
tam,tam_0014,84.57202315,retained,0,0,False,17
tam,tam_0015,88.89243603,retained,0,0,False,7
tam,tam_0016,69.82765794,retained,0,0,False,12
tam,tam_0017,92.32838154,retained,0,0,False,10
tam,tam_0018,75.79079866,retained,0,0,False,11
tam,tam_0019,84.67617035,retained,0,0,False,11
tam,tam_0020,85.92593074,retained,0,0,False,12
tam,tam_0021,77.20139027,retained,0,0,False,16
tam,tam_0022,49.75574911,retained,0,0,False,8
tam,tam_0023,84.09019113,retained,0,0,False,45
tam,tam_0024,67.46453047,retained,0,0,False,29
tam,tam_0025,79.98167872,retained,0,0,False,24
tam,tam_0026,87.43521571,retained,0,0,False,16
tam,tam_0027,90.14887214,retained,0,0,False,14
tam,tam_0028,82.77133107,retained,0,0,False,25
tam,tam_0029,92.46326089,retained,0,0,False,9
tam,tam_0030,94.02586222,retained,0,0,False,17
tam,tam_0031,93.60738993,excluded_roundtrip_failure,0,0,False,13
tam,tam_0032,92.83059835,retained,0,0,False,12
tam,tam_0033,89.200598,retained,0,0,False,15
tam,tam_0034,79.5879066,retained,0,0,False,13
tam,tam_0035,80.98263144,retained,0,0,False,17
tam,tam_0036,76.44754648,retained,0,0,False,27
tam,tam_0037,90.93045592,retained,0,0,False,17
tam,tam_0038,82.89976716,retained,0,0,False,8
tam,tam_0039,87.96281815,retained,0,0,False,10
tam,tam_0040,92.69476533,retained,0,0,False,16
tam,tam_0041,88.64426017,retained,0,0,False,10
tam,tam_0042,92.07371473,retained,0,0,False,10
tam,tam_0043,73.91991615,retained,0,0,False,10
tam,tam_0044,72.39072919,retained,0,0,False,12
tam,tam_0045,93.61689687,retained,0,0,False,16
tam,tam_0046,84.76216197,retained,0,0,False,9
tam,tam_0047,83.58219266,retained,0,0,False,17
tam,tam_0048,82.45635033,retained,0,0,False,9
tam,tam_0049,86.97918653,retained,0,0,False,13
tam,tam_0050,93.86115074,retained,0,0,False,11
tam,tam_0051,85.77666283,retained,0,0,False,14
tam,tam_0052,83.0468297,retained,0,0,False,8
tam,tam_0053,66.091609,retained,0,0,False,6
tam,tam_0054,89.47237134,retained,0,0,False,8
tam,tam_0055,93.05181503,retained,0,0,False,14
tam,tam_0056,91.08055234,retained,0,0,False,11
tam,tam_0057,89.91665244,retained,0,0,False,21
tam,tam_0058,93.58252287,retained,0,0,False,17
tam,tam_0059,80.55239916,retained,0,0,False,16
tam,tam_0060,85.74001789,retained,0,0,False,22
tam,tam_0061,83.2511127,retained,0,0,False,11
tam,tam_0062,78.9898634,retained,0,0,False,12
tam,tam_0063,94.33567524,retained,0,0,False,8
tam,tam_0064,81.60540462,retained,0,0,False,10
tam,tam_0065,85.82222462,retained,0,0,False,19
tam,tam_0066,88.26851249,retained,0,0,False,9
tam,tam_0067,91.28887653,retained,0,0,False,6
tam,tam_0068,87.00391054,retained,0,0,False,16
tam,tam_0069,92.46194959,retained,0,0,False,19
tam,tam_0070,92.18859076,retained,0,0,False,6
tam,tam_0071,88.38480115,retained,0,0,False,11
tam,tam_0072,88.17636371,retained,0,0,False,16
tam,tam_0073,85.54008603,retained,0,0,False,11
tam,tam_0074,89.98695612,retained,0,0,False,14
tam,tam_0075,63.19805384,retained,0,0,False,11
tam,tam_0076,86.85219884,retained,0,0,False,10
tam,tam_0077,94.72756982,retained,0,0,False,12
tam,tam_0078,78.74677181,retained,0,0,False,17
tam,tam_0079,93.92307401,retained,0,0,False,22
tam,tam_0080,89.4010067,retained,0,0,False,13
tam,tam_0081,95.717448,retained,0,0,False,18
tam,tam_0082,69.32951212,retained,0,0,False,9
tam,tam_0083,90.93648195,retained,0,0,False,15
tam,tam_0084,89.30716515,retained,0,0,False,19
tam,tam_0085,90.78785777,retained,0,0,False,25
tam,tam_0086,79.84116077,retained,0,0,False,13
tam,tam_0087,90.08339047,retained,0,0,False,21
tam,tam_0088,66.77659154,retained,0,0,False,17
tam,tam_0089,78.20152044,retained,0,0,False,21
tam,tam_0090,94.02623773,retained,0,0,False,13
tam,tam_0091,87.56467104,retained,0,0,False,11
tam,tam_0092,85.69028378,retained,0,0,False,17
tam,tam_0093,73.93665314,retained,0,0,False,9
tam,tam_0094,76.35364532,retained,0,0,False,5
tam,tam_0095,84.76106524,retained,0,0,False,14
tam,tam_0096,91.21490717,retained,0,0,False,9
tam,tam_0097,84.9887073,retained,0,0,False,17
tam,tam_0098,56.82215691,retained,0,0,False,6
tam,tam_0099,86.83367968,retained,0,0,False,22
tam,tam_0100,56.98263049,retained,0,0,False,18
tam,tam_0101,95.00885606,retained,0,0,False,23
tam,tam_0102,87.07965016,retained,0,0,False,11
tam,tam_0103,79.94311452,retained,0,0,False,27
tam,tam_0104,68.39380264,retained,0,0,False,16
tam,tam_0105,80.82380295,retained,0,0,False,14
tam,tam_0106,90.65357447,retained,0,0,False,14
tam,tam_0107,88.0871892,retained,0,0,False,14
tam,tam_0108,91.44909382,retained,0,0,False,26
tam,tam_0109,90.7027781,retained,0,0,False,5
tam,tam_0110,88.20010424,retained,0,0,False,8
tam,tam_0111,76.39653087,retained,0,0,False,19
tam,tam_0112,69.62864995,retained,0,0,False,17
tam,tam_0113,89.65523839,retained,0,0,False,11
tam,tam_0114,89.64788914,retained,0,0,False,11
tam,tam_0115,87.4936223,retained,0,0,False,18
tam,tam_0116,84.70153809,retained,0,0,False,11
tam,tam_0117,94.32536364,retained,0,0,False,21
tam,tam_0118,81.17093444,retained,0,0,False,17
tam,tam_0119,63.58031631,retained,0,0,False,12
tam,tam_0120,91.02086425,retained,0,0,False,11
tam,tam_0121,86.01475358,retained,0,0,False,13
tam,tam_0122,79.46736217,retained,0,0,False,14
tam,tam_0123,91.80380702,retained,0,0,False,6
tam,tam_0124,85.62399149,retained,0,0,False,24
tam,tam_0125,95.42903304,retained,0,0,False,14
tam,tam_0126,92.45715141,retained,0,0,False,6
tam,tam_0127,91.26035571,retained,0,0,False,15
tam,tam_0128,83.21841955,retained,0,0,False,9
tam,tam_0129,92.75271297,retained,0,0,False,12
tam,tam_0130,79.72105145,retained,0,0,False,14
tam,tam_0131,88.11839223,retained,0,0,False,14
tam,tam_0132,95.80603242,retained,0,0,False,9
tam,tam_0133,77.34004259,retained,0,0,False,13
tam,tam_0134,66.70950055,retained,0,0,False,19
tam,tam_0135,89.30338025,retained,0,0,False,9
tam,tam_0136,93.48905683,retained,0,0,False,20
tam,tam_0137,93.51637959,retained,0,0,False,9
tam,tam_0138,83.80872607,retained,0,0,False,20
tam,tam_0139,94.272542,retained,0,0,False,8
tam,tam_0140,93.67095232,retained,0,0,False,7
tam,tam_0141,93.19493771,retained,0,0,False,9
tam,tam_0142,89.78410363,retained,0,0,False,8
tam,tam_0143,90.48437476,retained,0,0,False,11
tam,tam_0144,91.55902267,retained,0,0,False,13
tam,tam_0145,86.65499091,retained,0,0,False,17
tam,tam_0146,90.0868237,retained,0,0,False,8
tam,tam_0147,89.30639625,retained,0,0,False,16
tam,tam_0148,92.44735241,retained,0,0,False,19
tam,tam_0149,90.92665911,retained,0,0,False,11
tam,tam_0150,92.45396256,retained,0,0,False,20
tam,tam_0151,91.75643921,retained,0,0,False,15
tam,tam_0152,81.50154948,retained,0,0,False,14
tam,tam_0153,64.64162469,retained,0,0,False,20
tam,tam_0154,87.85859942,retained,0,0,False,14
tam,tam_0155,94.70216632,retained,0,0,False,14
tam,tam_0156,88.1296277,retained,0,0,False,9
tam,tam_0157,69.43785548,retained,0,0,False,8
tam,tam_0158,95.72638869,retained,0,0,False,17
tam,tam_0159,88.89741898,retained,0,0,False,19
tam,tam_0160,48.28613698,retained,0,0,False,5
tam,tam_0161,80.91788292,retained,0,0,False,20
tam,tam_0162,82.81424642,retained,0,0,False,10
tam,tam_0163,93.29724908,retained,0,0,False,15
tam,tam_0164,82.71078467,retained,0,0,False,10
tam,tam_0165,92.60227084,retained,0,0,False,14
tam,tam_0166,90.06468654,retained,0,0,False,11
tam,tam_0167,95.39291859,retained,0,0,False,9
tam,tam_0168,73.93903136,retained,0,0,False,22
tam,tam_0169,78.22852135,retained,0,0,False,8
tam,tam_0170,90.26243687,retained,0,0,False,12
tam,tam_0171,91.20984674,retained,0,0,False,13
tam,tam_0172,71.97278738,retained,0,0,False,13
tam,tam_0173,94.23245192,retained,0,0,False,13
tam,tam_0174,83.84450078,retained,0,0,False,9
tam,tam_0175,82.83006549,retained,0,0,False,13
tam,tam_0176,80.53197265,retained,0,0,False,10
tam,tam_0177,72.59212136,retained,0,0,False,15
tam,tam_0178,75.16221404,retained,0,0,False,12
tam,tam_0179,88.48011494,retained,0,0,False,17
tam,tam_0180,92.81780124,retained,0,0,False,13
tam,tam_0181,64.83676434,retained,0,0,False,9
tam,tam_0182,79.53320146,retained,0,0,False,9
tam,tam_0183,77.24596858,retained,0,0,False,8
tam,tam_0184,77.58328915,retained,0,0,False,20
tam,tam_0185,83.49118233,retained,0,0,False,23
tam,tam_0186,71.63438797,retained,0,0,False,15
tam,tam_0187,90.1812613,retained,0,0,False,10
tam,tam_0188,48.27074111,retained,0,0,False,10
tam,tam_0189,94.0127492,retained,0,0,False,11
tam,tam_0190,95.72369456,retained,0,0,False,16
tam,tam_0191,90.61959386,retained,0,0,False,17
tam,tam_0192,90.46208262,retained,0,0,False,7
tam,tam_0193,92.91962385,retained,0,0,False,22
tam,tam_0194,74.74098206,retained,0,0,False,14
tam,tam_0195,91.82625413,retained,0,0,False,7
tam,tam_0196,84.24786329,retained,0,0,False,11
tam,tam_0197,88.67291212,retained,0,0,False,11
tam,tam_0198,90.84563851,retained,0,0,False,14
tam,tam_0199,85.28288007,retained,0,0,False,7
tam,tam_0200,78.51787806,retained,0,0,False,14
tam,tam_0201,83.69181752,retained,0,0,False,12
tam,tam_0202,36.6550833,retained,0,0,False,2
tam,tam_0203,66.41942859,retained,0,0,False,10
tam,tam_0204,91.32111669,retained,0,0,False,9
tam,tam_0205,80.28604984,retained,0,0,False,10
tam,tam_0206,87.1743381,retained,0,0,False,13
tam,tam_0207,88.98440003,retained,0,0,False,9
tam,tam_0208,97.47231603,retained,0,0,False,10
tam,tam_0209,81.52850866,retained,0,0,False,5
tam,tam_0210,90.19014239,retained,0,0,False,9
tam,tam_0211,74.14888144,retained,0,0,False,24
tam,tam_0212,87.96024919,retained,0,0,False,9
tam,tam_0213,97.69545197,retained,0,0,False,9
tam,tam_0214,77.08019018,retained,0,0,False,4
tam,tam_0215,80.44643998,retained,0,0,False,12
tam,tam_0216,95.27208209,retained,0,0,False,6
tam,tam_0217,87.5895679,retained,0,0,False,13
tam,tam_0218,64.65015411,retained,0,0,False,19
tam,tam_0219,90.17190933,retained,0,0,False,19
tam,tam_0220,77.04929113,retained,0,0,False,9
tam,tam_0221,76.15413666,retained,0,0,False,16
tam,tam_0222,90.05964994,retained,0,0,False,10
tam,tam_0223,80.59514761,retained,0,0,False,12
tam,tam_0224,79.00627851,retained,0,0,False,12
tam,tam_0225,86.84030175,retained,0,0,False,8
tam,tam_0226,87.12203503,retained,0,0,False,17
tam,tam_0227,89.28621411,retained,0,0,False,20
tam,tam_0228,80.245471,retained,0,0,False,21
tam,tam_0229,91.34181738,retained,0,0,False,25
tam,tam_0230,87.79122829,retained,0,0,False,10
tam,tam_0231,91.69100523,retained,0,0,False,14
tam,tam_0232,85.85954309,retained,0,0,False,22
tam,tam_0233,84.07924175,retained,0,0,False,18
tam,tam_0234,88.9533639,retained,0,0,False,10
tam,tam_0235,73.79094362,retained,0,0,False,15
tam,tam_0236,23.30322564,retained,0,0,False,13
tam,tam_0237,91.32717252,retained,0,0,False,14
tam,tam_0238,92.73863435,retained,0,0,False,17
tam,tam_0239,86.35733724,retained,0,0,False,8
tam,tam_0240,95.84580064,retained,0,0,False,21
tam,tam_0241,92.42081642,retained,0,0,False,15
tam,tam_0242,84.53150988,retained,0,0,False,16
tam,tam_0243,87.37643957,retained,0,0,False,15
tam,tam_0244,94.61955428,retained,0,0,False,9
tam,tam_0245,78.07062864,retained,0,0,False,19
tam,tam_0246,78.17133665,retained,0,0,False,12
tam,tam_0247,91.23572111,retained,0,0,False,10
tam,tam_0248,90.31847715,retained,0,0,False,13
tam,tam_0249,87.52016425,retained,0,0,False,9
tam,tam_0250,80.26828766,retained,0,0,False,30
tam,tam_0251,92.21349955,retained,0,0,False,10
tam,tam_0252,87.96049953,retained,0,0,False,16
tam,tam_0253,58.76910686,retained,0,0,False,6
tam,tam_0254,79.65293527,retained,0,0,False,15
tam,tam_0255,79.28228378,retained,0,0,False,14
tam,tam_0256,90.67537785,retained,0,0,False,13
tam,tam_0257,78.8361609,retained,0,0,False,19
tam,tam_0258,82.90252686,retained,0,0,False,12
tam,tam_0259,76.74057484,retained,0,0,False,23
tam,tam_0260,95.48660517,retained,0,0,False,12
tam,tam_0261,94.91767287,retained,0,0,False,18
tam,tam_0262,90.12642503,retained,0,0,False,10
tam,tam_0263,96.6412425,retained,0,0,False,16
tam,tam_0264,86.37140989,retained,0,0,False,20
tam,tam_0265,69.36481595,retained,0,0,False,5
tam,tam_0266,93.13356876,retained,0,0,False,14
tam,tam_0267,80.59490323,retained,0,0,False,6
tam,tam_0268,88.77049685,retained,0,0,False,10
tam,tam_0269,84.38140154,retained,0,0,False,6
tam,tam_0270,85.37644744,retained,0,0,False,20
tam,tam_0271,86.07413173,retained,0,0,False,23
tam,tam_0272,97.38389254,retained,0,0,False,7
tam,tam_0273,61.28871441,retained,0,0,False,5
tam,tam_0274,94.80951428,retained,0,0,False,14
tam,tam_0275,94.0507412,retained,0,0,False,9
tam,tam_0276,90.69704413,retained,0,0,False,26
tam,tam_0277,76.85836554,retained,0,0,False,21
tam,tam_0278,91.66300297,retained,0,0,False,11
tam,tam_0279,59.24038887,retained,0,0,False,12
tam,tam_0280,89.88154531,retained,0,0,False,24
tam,tam_0281,87.50966787,retained,0,0,False,13
tam,tam_0282,83.51494074,retained,0,0,False,16
tam,tam_0283,90.94540477,retained,0,0,False,7
tam,tam_0284,85.27054191,retained,0,0,False,12
tam,tam_0285,89.77037668,retained,0,0,False,19
tam,tam_0286,81.44993186,retained,0,0,False,13
tam,tam_0287,55.9442699,retained,0,0,False,11
tam,tam_0288,85.91222167,retained,0,0,False,12
tam,tam_0289,82.72353411,retained,0,0,False,22
tam,tam_0290,88.36730719,retained,0,0,False,14
tam,tam_0291,96.49313688,retained,0,0,False,9
tam,tam_0292,38.75346184,retained,0,0,False,15
tam,tam_0293,83.07256699,retained,0,0,False,19
tam,tam_0294,89.32658434,retained,0,0,False,13
tam,tam_0295,80.39808869,retained,0,0,False,11
tam,tam_0296,94.04367208,retained,0,0,False,16
tam,tam_0297,89.52827454,retained,0,0,False,5
tam,tam_0298,74.4568646,retained,0,0,False,10
tam,tam_0299,88.10315728,retained,0,0,False,13
tam,tam_0300,77.38465071,retained,0,0,False,5
tam,tam_0301,75.87791085,retained,0,0,False,11
tam,tam_0302,94.79667544,retained,0,0,False,24
tam,tam_0303,88.49771619,retained,0,0,False,7
tam,tam_0304,89.07806277,retained,0,0,False,10
tam,tam_0305,71.64472342,retained,0,0,False,14
tam,tam_0306,86.94182634,retained,0,0,False,10
tam,tam_0307,91.36112928,retained,0,0,False,12
tam,tam_0308,92.27932692,retained,0,0,False,8
tam,tam_0309,82.47703314,retained,0,0,False,16
tam,tam_0310,87.68362403,retained,0,0,False,15
tam,tam_0311,77.7947247,retained,0,0,False,15
tam,tam_0312,89.239043,retained,0,0,False,18
tam,tam_0313,91.45818353,retained,0,0,False,18
tam,tam_0314,73.79975915,retained,0,0,False,19
tam,tam_0315,89.65917826,retained,0,0,False,16
tam,tam_0316,92.86108613,retained,0,0,False,10
tam,tam_0317,87.819767,retained,0,0,False,14
tam,tam_0318,71.34492397,retained,0,0,False,23
tam,tam_0319,95.52972317,retained,0,0,False,10
tam,tam_0320,87.21139431,retained,0,0,False,13
tam,tam_0321,91.39421582,retained,0,0,False,8
tam,tam_0322,78.95823121,retained,0,0,False,9
tam,tam_0323,69.29337382,retained,0,0,False,27
tam,tam_0324,91.04018807,retained,0,0,False,10
tam,tam_0325,85.03568172,retained,0,0,False,22
tam,tam_0326,89.89703655,retained,0,0,False,14
tam,tam_0327,80.40123582,retained,0,0,False,8
tam,tam_0328,67.73846745,retained,0,0,False,11
tam,tam_0329,65.20878673,retained,0,0,False,7
tam,tam_0330,81.98260069,retained,0,0,False,10
tam,tam_0331,85.95628142,retained,0,0,False,15
tam,tam_0332,95.02355456,retained,0,0,False,14
tam,tam_0333,90.59479237,retained,0,0,False,6
tam,tam_0334,92.92901754,retained,0,0,False,12
tam,tam_0335,90.78683257,retained,0,0,False,15
tam,tam_0336,72.7904737,retained,0,0,False,11
tam,tam_0337,77.12874413,retained,0,0,False,9
tam,tam_0338,90.64717889,retained,0,0,False,9
tam,tam_0339,92.75287986,retained,0,0,False,14
tam,tam_0340,86.83383465,retained,0,0,False,9
tam,tam_0341,87.46441603,retained,0,0,False,18
tam,tam_0342,91.97278619,retained,0,0,False,9
tam,tam_0343,92.34519005,retained,0,0,False,11
tam,tam_0344,92.86831021,retained,0,0,False,27
tam,tam_0345,87.81422377,retained,0,0,False,13
tam,tam_0346,78.12523842,retained,0,0,False,8
tam,tam_0347,92.61379838,retained,0,0,False,13
tam,tam_0348,87.56225705,retained,0,0,False,13
tam,tam_0349,75.97293854,retained,0,0,False,12
tam,tam_0350,83.27230215,retained,0,0,False,8
tam,tam_0351,85.73278785,retained,0,0,False,12
tam,tam_0352,85.55027246,retained,0,0,False,14
tam,tam_0353,77.49589086,retained,0,0,False,18
tam,tam_0354,59.29217935,retained,0,0,False,9
tam,tam_0355,88.868922,retained,0,0,False,11
tam,tam_0356,90.39461017,retained,0,0,False,9
tam,tam_0357,82.94649124,retained,0,0,False,10
tam,tam_0358,87.50511408,retained,0,0,False,16
tam,tam_0359,85.455513,retained,0,0,False,9
tam,tam_0360,88.82829547,retained,0,0,False,20
tam,tam_0361,89.89962935,retained,0,0,False,18
tam,tam_0362,66.10175967,retained,0,0,False,12
tam,tam_0363,88.7093544,retained,0,0,False,14
tam,tam_0364,90.66033363,retained,0,0,False,20
tam,tam_0365,87.52189279,retained,0,0,False,14
tam,tam_0366,93.18140745,retained,0,0,False,25
tam,tam_0367,60.9809339,retained,0,0,False,14
tam,tam_0368,86.74337864,retained,0,0,False,14
tam,tam_0369,90.04474282,retained,0,0,False,13
tam,tam_0370,96.12668157,retained,0,0,False,9
tam,tam_0371,88.26856613,retained,0,0,False,8
tam,tam_0372,94.10235882,retained,0,0,False,9
tam,tam_0373,90.06819129,retained,0,0,False,13
tam,tam_0374,94.39404607,retained,0,0,False,14
tam,tam_0375,91.65377021,retained,0,0,False,12
tam,tam_0376,90.36470652,retained,0,0,False,6
tam,tam_0377,88.66695166,retained,0,0,False,10
tam,tam_0378,86.69685721,retained,0,0,False,9
tam,tam_0379,92.18959212,retained,0,0,False,13
tam,tam_0380,69.36988831,retained,0,0,False,10
tam,tam_0381,73.19229841,retained,0,0,False,20
tam,tam_0382,81.41758442,retained,0,0,False,17
tam,tam_0383,91.73063636,retained,0,0,False,12
tam,tam_0384,85.88035703,retained,0,0,False,13
tam,tam_0385,88.25861812,retained,0,0,False,7
tam,tam_0386,86.71432137,retained,0,0,False,10
tam,tam_0387,94.45608854,retained,0,0,False,12
tam,tam_0388,77.93002129,retained,0,0,False,7
tam,tam_0389,79.14565206,retained,0,0,False,20
tam,tam_0390,89.48897719,retained,0,0,False,15
tam,tam_0391,95.31006813,retained,0,0,False,14
tam,tam_0392,82.60059357,retained,0,0,False,10
tam,tam_0393,83.577317,retained,0,0,False,11
tam,tam_0394,67.3889339,retained,0,0,False,12
tam,tam_0395,72.17704058,retained,0,0,False,17
tam,tam_0396,69.77911592,retained,0,0,False,33
tam,tam_0397,91.33880138,retained,0,0,False,17
tam,tam_0398,85.83935499,retained,0,0,False,10
tam,tam_0399,88.95568848,retained,0,0,False,13
tam,tam_0400,92.94800162,retained,0,0,False,14
tam,tam_0401,75.13705492,retained,0,0,False,12
tam,tam_0402,79.8229754,retained,0,0,False,16
tam,tam_0403,84.91386771,retained,0,0,False,21
tam,tam_0404,89.06895518,retained,0,0,False,13
tam,tam_0405,76.39119625,retained,0,0,False,7
tam,tam_0406,82.57136345,retained,0,0,False,5
tam,tam_0407,82.14430213,retained,0,0,False,12
tam,tam_0408,82.1605742,retained,0,0,False,19
tam,tam_0409,82.79136419,retained,0,0,False,16
tam,tam_0410,85.77122688,retained,0,0,False,11
tam,tam_0411,79.95010018,retained,0,0,False,9
tam,tam_0412,90.5713439,retained,0,0,False,14
tam,tam_0413,88.96423578,retained,0,0,False,14
tam,tam_0414,91.72087312,retained,0,0,False,10
tam,tam_0415,71.3229537,retained,0,0,False,4
tam,tam_0416,72.94462919,retained,0,0,False,7
tam,tam_0417,92.79612899,retained,0,0,False,12
tam,tam_0418,92.64578819,retained,0,0,False,11
tam,tam_0419,84.54390168,retained,0,0,False,17
tam,tam_0420,83.10386539,retained,0,0,False,14
tam,tam_0421,89.31313753,retained,0,0,False,15
tam,tam_0422,81.2735796,retained,0,0,False,7
tam,tam_0423,84.46267247,retained,0,0,False,16
tam,tam_0424,91.27832651,retained,0,0,False,13
tam,tam_0425,89.67137933,retained,0,0,False,13
tam,tam_0426,82.83722997,retained,0,0,False,11
tam,tam_0427,87.26302981,retained,0,0,False,19
tam,tam_0428,72.39573598,retained,0,0,False,16
tam,tam_0429,89.90040421,retained,0,0,False,18
tam,tam_0430,97.23700285,retained,0,0,False,10
tam,tam_0431,93.10646653,retained,0,0,False,18
tam,tam_0432,85.20967364,retained,0,0,False,13
tam,tam_0433,61.35311723,retained,0,0,False,18
tam,tam_0434,80.85384965,retained,0,0,False,13
tam,tam_0435,79.88978028,retained,0,0,False,13
tam,tam_0436,83.45012069,retained,0,0,False,15
tam,tam_0437,96.7082262,retained,0,0,False,6
tam,tam_0438,93.83388162,retained,0,0,False,10
tam,tam_0439,94.04914379,retained,0,0,False,16
tam,tam_0440,87.64330149,retained,0,0,False,16
tam,tam_0441,94.19954419,retained,0,0,False,14
tam,tam_0442,92.17813611,retained,0,0,False,18
tam,tam_0443,80.32494783,retained,0,0,False,11
tam,tam_0444,93.10554862,retained,0,0,False,16
tam,tam_0445,94.51559186,retained,0,0,False,7
tam,tam_0446,88.60284686,retained,0,0,False,17
tam,tam_0447,91.34022593,retained,0,0,False,8
tam,tam_0448,93.05703044,retained,0,0,False,15
tam,tam_0449,89.81983662,retained,0,0,False,9
tam,tam_0450,78.30442786,retained,0,0,False,12
tam,tam_0451,77.89808512,retained,0,0,False,14
tam,tam_0452,92.4454093,retained,0,0,False,22
tam,tam_0453,91.05571508,retained,0,0,False,13
tam,tam_0454,93.84348392,retained,0,0,False,10
tam,tam_0455,90.08963108,retained,0,0,False,7
tam,tam_0456,90.47015309,retained,0,0,False,10
tam,tam_0457,90.53656459,retained,0,0,False,16
tam,tam_0458,79.14083004,retained,0,0,False,16
tam,tam_0459,74.55433607,retained,0,0,False,18
tam,tam_0460,92.7290082,retained,0,0,False,14
tam,tam_0461,90.95443487,retained,0,0,False,12
tam,tam_0462,75.79126954,retained,0,0,False,10
tam,tam_0463,51.19341016,retained,0,0,False,3
tam,tam_0464,79.89802361,retained,0,0,False,9
tam,tam_0465,91.51664376,retained,0,0,False,21
tam,tam_0466,86.40227318,retained,0,0,False,11
tam,tam_0467,83.35889578,retained,0,0,False,8
tam,tam_0468,83.34102631,retained,0,0,False,20
tam,tam_0469,90.35036564,retained,0,0,False,8
tam,tam_0470,75.1244247,retained,0,0,False,7
tam,tam_0471,95.07876039,retained,0,0,False,12
tam,tam_0472,86.39726639,retained,0,0,False,13
tam,tam_0473,97.30080962,retained,0,0,False,8
tam,tam_0474,78.39205861,retained,0,0,False,8
tam,tam_0475,75.34806728,retained,0,0,False,12
tam,tam_0476,91.89898372,retained,0,0,False,8
tam,tam_0477,86.7772162,retained,0,0,False,14
tam,tam_0478,94.79367733,retained,0,0,False,8
tam,tam_0479,71.7610836,retained,0,0,False,14
tam,tam_0480,75.03795624,retained,0,0,False,12
tam,tam_0481,86.36033535,retained,0,0,False,12
tam,tam_0482,71.35514021,retained,0,0,False,9
tam,tam_0483,96.22758627,retained,0,0,False,9
tam,tam_0484,84.18232799,retained,0,0,False,18
tam,tam_0485,73.39575291,retained,0,0,False,6
tam,tam_0486,72.98679948,retained,0,0,False,4
tam,tam_0487,95.39291859,retained,0,0,False,9
tam,tam_0488,85.36026478,retained,0,0,False,19
tam,tam_0489,73.39042425,retained,0,0,False,21
tam,tam_0490,95.19251585,retained,0,0,False,20
tam,tam_0491,94.59630251,retained,0,0,False,9
tam,tam_0492,82.86514282,retained,0,0,False,12
tam,tam_0493,72.60963917,retained,0,0,False,22
tam,tam_0494,77.60442495,retained,0,0,False,7
tam,tam_0495,81.13012314,retained,0,0,False,16
tam,tam_0496,80.40254712,retained,0,0,False,11
tam,tam_0497,75.70111156,retained,0,0,False,9
tam,tam_0498,86.1450851,retained,0,0,False,15
tam,tam_0499,91.22871161,retained,0,0,False,9
tam,tam_0500,90.68887234,retained,0,0,False,11
tam,tam_0501,87.65016198,retained,0,0,False,19
tam,tam_0502,84.30069685,retained,0,0,False,14
tam,tam_0503,83.03970695,retained,0,0,False,14
tam,tam_0504,72.76121378,retained,0,0,False,4
tam,tam_0505,89.94680047,retained,0,0,False,10
tam,tam_0506,81.91554546,retained,0,0,False,19
tam,tam_0507,69.19717789,retained,0,0,False,6
tam,tam_0508,78.55439782,retained,0,0,False,15
tam,tam_0509,87.66376972,retained,0,0,False,10
tam,tam_0510,80.00754118,retained,0,0,False,14
tam,tam_0511,86.29212976,retained,0,0,False,18
tam,tam_0512,68.21219921,retained,0,0,False,43
tam,tam_0513,85.47595739,retained,0,0,False,15
tam,tam_0514,93.65683198,retained,0,0,False,20
tam,tam_0515,96.89104557,retained,0,0,False,10
tam,tam_0516,77.63270736,retained,0,0,False,23
tam,tam_0517,93.50715876,retained,0,0,False,23
tam,tam_0518,89.74174261,retained,0,0,False,12
tam,tam_0519,81.66965842,retained,0,0,False,22
tam,tam_0520,86.94400787,retained,0,0,False,11
tam,tam_0521,84.81251597,retained,0,0,False,15
tam,tam_0522,88.46728802,retained,0,0,False,29
tam,tam_0523,83.52200389,retained,0,0,False,20
tam,tam_0524,87.1604085,retained,0,0,False,13
tam,tam_0525,89.08584714,retained,0,0,False,24
tam,tam_0526,90.59779644,retained,0,0,False,10
tam,tam_0527,84.13403034,retained,0,0,False,14
tam,tam_0528,87.74405122,retained,0,0,False,17
tam,tam_0529,93.03928018,retained,0,0,False,19
tam,tam_0530,82.33747482,retained,0,0,False,13
tam,tam_0531,78.27470899,retained,0,0,False,42
tam,tam_0532,84.9060595,retained,0,0,False,11
tam,tam_0533,81.25903606,retained,0,0,False,22
tam,tam_0534,84.82628465,retained,0,0,False,14
tam,tam_0535,90.23519754,retained,0,0,False,13
tam,tam_0536,46.32049203,retained,0,0,False,8
tam,tam_0537,86.59778833,retained,0,0,False,15
tam,tam_0538,86.00271344,retained,0,0,False,12
tam,tam_0539,94.80358958,retained,0,0,False,12
tam,tam_0540,74.0565896,retained,0,0,False,20
tam,tam_0541,90.00321031,retained,0,0,False,11
tam,tam_0542,89.28852677,retained,0,0,False,10
tam,tam_0543,86.79321408,retained,0,0,False,15
tam,tam_0544,85.25797725,retained,0,0,False,11
tam,tam_0545,84.68183279,retained,0,0,False,10
tam,tam_0546,90.62613845,retained,0,0,False,10
tam,tam_0547,80.24608493,retained,0,0,False,13
tam,tam_0548,86.16427183,retained,0,0,False,17
tam,tam_0549,79.85014915,retained,0,0,False,22
tam,tam_0550,79.42210436,retained,0,0,False,9
tam,tam_0551,82.20717311,retained,0,0,False,21
tam,tam_0552,74.27229881,retained,0,0,False,14
tam,tam_0553,77.2918582,retained,0,0,False,10
tam,tam_0554,77.28346586,retained,0,0,False,28
tam,tam_0555,84.81832743,retained,0,0,False,16
tam,tam_0556,83.93089771,retained,0,0,False,18
tam,tam_0557,84.90248322,retained,0,0,False,7
tam,tam_0558,92.42762923,retained,0,0,False,23
tam,tam_0559,79.98993397,retained,0,0,False,12
tam,tam_0560,73.55591655,retained,0,0,False,34
tam,tam_0561,89.72145915,retained,0,0,False,14
tam,tam_0562,68.07484031,retained,0,0,False,15
tam,tam_0563,85.58968902,retained,0,0,False,21
tam,tam_0564,87.37758994,retained,0,0,False,17
tam,tam_0565,96.40317559,retained,0,0,False,13
tam,tam_0566,96.04579806,retained,0,0,False,6
tam,tam_0567,83.60732198,retained,0,0,False,23
tam,tam_0568,88.8261795,retained,0,0,False,15
tam,tam_0569,91.62452817,retained,0,0,False,10
tam,tam_0570,95.98854184,retained,0,0,False,9
tam,tam_0571,77.69995332,retained,0,0,False,20
tam,tam_0572,75.88424683,retained,0,0,False,23
tam,tam_0573,90.10934234,retained,0,0,False,4
tam,tam_0574,75.04072189,retained,0,0,False,7
tam,tam_0575,82.83629417,retained,0,0,False,20
tam,tam_0576,90.77629447,retained,0,0,False,13
tam,tam_0577,68.27948093,retained,0,0,False,14
tam,tam_0578,79.94163036,retained,0,0,False,17
tam,tam_0579,96.7082262,retained,0,0,False,6
tam,tam_0580,93.01566482,retained,0,0,False,13
tam,tam_0581,84.36794281,retained,0,0,False,14
tam,tam_0582,77.76038647,retained,0,0,False,7
tam,tam_0583,66.32947326,retained,0,0,False,12
tam,tam_0584,83.05993676,retained,0,0,False,12
tam,tam_0585,87.0734632,retained,0,0,False,14
tam,tam_0586,95.07192969,retained,0,0,False,23
tam,tam_0587,93.13687682,retained,0,0,False,13
tam,tam_0588,93.2854414,retained,0,0,False,16
tam,tam_0589,73.5447824,retained,0,0,False,21
tam,tam_0590,86.86306477,retained,0,0,False,21
tam,tam_0591,96.37456536,retained,0,0,False,10
tam,tam_0592,80.15127778,retained,0,0,False,7
tam,tam_0593,84.6262455,retained,0,0,False,11
tam,tam_0594,91.65149927,retained,0,0,False,11
tam,tam_0595,62.43479848,retained,0,0,False,16
tam,tam_0596,89.48962688,retained,0,0,False,13
tam,tam_0597,85.20877361,retained,0,0,False,11
tam,tam_0598,87.48072386,retained,0,0,False,11
tam,tam_0599,77.75877714,retained,0,0,False,9
tam,tam_0600,89.43826556,retained,0,0,False,8
tam,tam_0601,89.33744431,retained,0,0,False,14
tam,tam_0602,72.10671902,retained,0,0,False,13
tam,tam_0603,94.96914148,retained,0,0,False,16
tam,tam_0604,68.21003556,retained,0,0,False,21
tam,tam_0605,75.20371079,retained,0,0,False,17
tam,tam_0606,42.98459888,retained,0,0,False,2
tam,tam_0607,95.4007268,retained,0,0,False,8
tam,tam_0608,61.94939017,retained,0,0,False,20
tam,tam_0609,91.73087478,retained,0,0,False,9
tam,tam_0610,93.93905997,retained,0,0,False,15
tam,tam_0611,71.22029066,retained,0,0,False,9
tam,tam_0612,93.3871448,retained,0,0,False,16
tam,tam_0613,91.8992579,retained,0,0,False,16
tam,tam_0614,88.1824851,retained,0,0,False,11
tam,tam_0615,58.51917863,retained,0,0,False,10
tam,tam_0616,77.84847021,retained,0,0,False,10
tam,tam_0617,79.64647412,retained,0,0,False,9
tam,tam_0618,79.87350821,retained,0,0,False,12
tam,tam_0620,81.43177032,retained,0,0,False,13
tam,tam_0621,86.64539456,retained,0,0,False,9
tam,tam_0622,82.01622963,retained,0,0,False,6
tam,tam_0623,92.69972444,retained,0,0,False,15
tam,tam_0624,88.9238596,retained,0,0,False,19
tam,tam_0625,90.72654843,retained,0,0,False,13
tam,tam_0626,63.26435208,retained,0,0,False,11
tam,tam_0627,76.44922733,retained,0,0,False,10
tam,tam_0628,77.61982083,retained,0,0,False,18
tam,tam_0629,96.90589309,retained,0,0,False,6
tam,tam_0630,82.22565651,retained,0,0,False,15
tam,tam_0631,90.25397897,retained,0,0,False,12
tam,tam_0632,92.24314094,retained,0,0,False,11
tam,tam_0633,92.46991873,retained,0,0,False,14
tam,tam_0634,72.67768979,retained,0,0,False,12
tam,tam_0635,71.34154439,retained,0,0,False,22
tam,tam_0636,71.78239226,retained,0,0,False,13
tam,tam_0637,88.6074245,retained,0,0,False,13
tam,tam_0638,68.34469438,retained,0,0,False,21
tam,tam_0639,78.4421742,retained,0,0,False,31
tam,tam_0640,92.0027554,retained,0,0,False,10
tam,tam_0641,91.26225114,retained,0,0,False,21
tam,tam_0642,78.71662974,retained,0,0,False,10
tam,tam_0643,89.56651688,retained,0,0,False,11
tam,tam_0644,91.90137982,retained,0,0,False,12
tam,tam_0645,82.40392208,retained,0,0,False,13
tam,tam_0646,89.95167017,retained,0,0,False,12
tam,tam_0647,93.09136868,retained,0,0,False,6
tam,tam_0648,90.20655155,retained,0,0,False,21
tam,tam_0649,89.88280296,retained,0,0,False,14
tam,tam_0650,90.53811431,retained,0,0,False,18
tam,tam_0651,87.3091042,retained,0,0,False,8
tam,tam_0652,83.48751664,retained,0,0,False,15
tam,tam_0653,93.96485686,retained,0,0,False,9
tam,tam_0654,92.19887853,retained,0,0,False,20
tam,tam_0655,88.02762032,retained,0,0,False,13
tam,tam_0656,75.1275301,retained,0,0,False,7
tam,tam_0657,88.63075972,retained,0,0,False,17
tam,tam_0658,86.70768738,retained,0,0,False,14
tam,tam_0659,93.54146719,retained,0,0,False,11
tam,tam_0660,80.70722222,retained,0,0,False,21
tam,tam_0661,94.29527521,retained,0,0,False,20
tam,tam_0662,92.0730114,retained,0,0,False,12
tam,tam_0663,84.95514393,retained,0,0,False,11
tam,tam_0664,93.66975427,retained,0,0,False,15
tam,tam_0665,86.01945043,retained,0,0,False,7
tam,tam_0666,75.73240399,retained,0,0,False,25
tam,tam_0667,94.82956529,retained,0,0,False,22
tam,tam_0668,89.69894052,retained,0,0,False,9
tam,tam_0669,89.02696967,retained,0,0,False,16
tam,tam_0670,91.08852148,retained,0,0,False,10
tam,tam_0671,92.72406697,retained,0,0,False,15
tam,tam_0672,80.02868295,retained,0,0,False,16
tam,tam_0673,83.28741193,retained,0,0,False,12
tam,tam_0674,89.08869624,retained,0,0,False,11
tam,tam_0675,76.17710233,retained,0,0,False,9
tam,tam_0676,84.45463777,retained,0,0,False,13
tam,tam_0677,83.64695907,retained,0,0,False,16
tam,tam_0678,89.98794556,retained,0,0,False,7
tam,tam_0679,91.63928628,retained,0,0,False,13
tam,tam_0680,60.63631773,retained,0,0,False,6
tam,tam_0681,90.36743045,retained,0,0,False,21
tam,tam_0682,89.64501619,retained,0,0,False,11
tam,tam_0683,74.15816188,retained,0,0,False,13
tam,tam_0684,86.40426397,retained,0,0,False,9
tam,tam_0685,88.69580626,retained,0,0,False,11
tam,tam_0686,53.10430527,retained,0,0,False,6
tam,tam_0687,90.18887877,retained,0,0,False,8
tam,tam_0688,89.98538256,retained,0,0,False,11
tam,tam_0689,86.23299003,retained,0,0,False,8
tam,tam_0690,83.98944736,retained,0,0,False,14
tam,tam_0691,80.58037162,retained,0,0,False,12
tam,tam_0692,81.22498393,retained,0,0,False,14
tam,tam_0693,96.45012617,retained,0,0,False,13
tam,tam_0694,95.18688917,retained,0,0,False,10
tam,tam_0695,66.84626341,retained,0,0,False,11
tam,tam_0696,78.05703878,retained,0,0,False,18
tam,tam_0697,91.05265141,retained,0,0,False,11
tam,tam_0698,92.95518398,retained,0,0,False,18
tam,tam_0699,92.95295477,retained,0,0,False,14
tam,tam_0700,90.0632143,retained,0,0,False,13
tam,tam_0701,89.72042203,retained,0,0,False,15
tam,tam_0702,81.99881315,retained,0,0,False,14
tam,tam_0703,88.55034113,retained,0,0,False,13
tam,tam_0704,80.91109991,retained,0,0,False,11
tam,tam_0705,84.75885987,retained,0,0,False,6
tam,tam_0706,95.17877698,retained,0,0,False,14
tam,tam_0707,84.96567607,retained,0,0,False,26
tam,tam_0708,89.87954259,retained,0,0,False,14
tam,tam_0709,82.29749799,retained,0,0,False,14
tam,tam_0710,68.55512261,retained,0,0,False,14
tam,tam_0711,86.12421751,retained,0,0,False,12
tam,tam_0712,74.04392362,retained,0,0,False,20
tam,tam_0713,92.73257256,retained,0,0,False,15
tam,tam_0714,83.71009827,retained,0,0,False,8
tam,tam_0715,90.29350877,retained,0,0,False,17
tam,tam_0716,90.38489461,retained,0,0,False,18
tam,tam_0717,88.15153241,retained,0,0,False,10
tam,tam_0718,96.24615312,retained,0,0,False,9
tam,tam_0719,91.9991076,retained,0,0,False,10
tam,tam_0720,75.20549893,retained,0,0,False,24
tam,tam_0721,63.63315582,retained,0,0,False,12
tam,tam_0722,81.36452436,retained,0,0,False,15
tam,tam_0723,90.14299512,retained,0,0,False,8
tam,tam_0724,77.76182294,retained,0,0,False,23
tam,tam_0725,82.29020238,retained,0,0,False,18
tam,tam_0726,82.60284662,retained,0,0,False,14
tam,tam_0727,89.01138306,retained,0,0,False,13
tam,tam_0728,89.9915278,retained,0,0,False,10
tam,tam_0729,37.14649081,retained,0,0,False,28
tam,tam_0730,90.04465938,retained,0,0,False,11
tam,tam_0731,94.04950142,retained,0,0,False,11
tam,tam_0732,91.51157737,retained,0,0,False,9
tam,tam_0733,96.27496004,retained,0,0,False,5
tam,tam_0734,54.89302874,retained,0,0,False,6
tam,tam_0735,95.40985823,retained,0,0,False,8
tam,tam_0736,71.05591297,retained,0,0,False,15
tam,tam_0737,93.88872385,retained,0,0,False,14
tam,tam_0738,94.53884959,retained,0,0,False,12
tam,tam_0739,77.32405066,retained,0,0,False,38
tam,tam_0740,90.72294235,retained,0,0,False,16
tam,tam_0741,87.49670982,retained,0,0,False,16
tam,tam_0742,91.3643837,retained,0,0,False,18
tam,tam_0743,92.8473115,retained,0,0,False,20
tam,tam_0744,82.7706039,retained,0,0,False,8
tam,tam_0745,70.10423541,retained,0,0,False,19
tam,tam_0746,85.18351316,retained,0,0,False,10
tam,tam_0747,74.82677102,retained,0,0,False,12
tam,tam_0748,67.5250113,retained,0,0,False,15
tam,tam_0749,73.89362454,retained,0,0,False,17
tam,tam_0750,85.13275981,retained,0,0,False,7
tam,tam_0751,86.42234206,retained,0,0,False,14
tam,tam_0752,95.82304358,retained,0,0,False,4
tam,tam_0753,92.11338758,retained,0,0,False,6
tam,tam_0754,78.28949094,retained,0,0,False,12
tam,tam_0755,83.38193893,retained,0,0,False,6
tam,tam_0756,94.22574639,retained,0,0,False,17
tam,tam_0757,84.23534036,retained,0,0,False,12
tam,tam_0758,75.46043992,retained,0,0,False,23
tam,tam_0759,85.81718802,retained,0,0,False,16
tam,tam_0760,84.54998732,retained,0,0,False,16
tam,tam_0761,69.95708942,retained,0,0,False,17
tam,tam_0762,91.18672013,retained,0,0,False,16
tam,tam_0763,89.66125846,retained,0,0,False,10
tam,tam_0764,81.88405037,retained,0,0,False,13
tam,tam_0765,79.90790606,retained,0,0,False,11
tam,tam_0766,94.45533752,retained,0,0,False,10
tam,tam_0767,79.35649753,retained,0,0,False,23
tam,tam_0768,92.49158502,retained,0,0,False,21
tam,tam_0769,95.36472559,retained,0,0,False,19
tam,tam_0770,82.34385848,retained,0,0,False,19
tam,tam_0771,79.28407788,retained,0,0,False,12
tam,tam_0772,84.20604467,retained,0,0,False,18
tam,tam_0773,73.25119376,retained,0,0,False,22
tam,tam_0774,89.17014003,retained,0,0,False,20
tam,tam_0775,83.10584426,retained,0,0,False,11
tam,tam_0776,79.24988866,retained,0,0,False,12
tam,tam_0777,76.12948418,retained,0,0,False,9
tam,tam_0778,86.74355149,retained,0,0,False,12
tam,tam_0779,78.8656354,retained,0,0,False,20
tam,tam_0780,93.26736927,retained,0,0,False,13
tam,tam_0781,90.51764607,retained,0,0,False,9
tam,tam_0782,92.78572798,retained,0,0,False,11
tam,tam_0783,94.57944036,retained,0,0,False,13
tam,tam_0784,63.25205564,retained,0,0,False,11
tam,tam_0785,84.77481008,retained,0,0,False,18
tam,tam_0786,84.72267985,retained,0,0,False,23
tam,tam_0787,91.35199189,retained,0,0,False,10
tam,tam_0788,72.67938852,retained,0,0,False,7
tam,tam_0789,78.90524864,retained,0,0,False,18
tam,tam_0790,90.82089067,retained,0,0,False,18
tam,tam_0791,88.73487711,retained,0,0,False,18
tam,tam_0792,91.51759148,retained,0,0,False,6
tam,tam_0793,85.64204574,retained,0,0,False,4
tam,tam_0794,79.05334234,retained,0,0,False,11
tam,tam_0795,86.31148934,retained,0,0,False,7
tam,tam_0796,61.9833231,retained,0,0,False,7
tam,tam_0797,68.16675663,retained,0,0,False,7
tam,tam_0798,94.87503767,retained,0,0,False,14
tam,tam_0799,92.68593192,retained,0,0,False,14
tam,tam_0800,75.90242624,retained,0,0,False,11
tam,tam_0801,96.97573781,retained,0,0,False,11
tam,tam_0802,89.59978223,retained,0,0,False,16
tam,tam_0803,91.48641825,retained,0,0,False,5
tam,tam_0804,93.31459403,retained,0,0,False,19
tam,tam_0805,26.03409588,retained,0,0,False,71
tam,tam_0806,87.86922097,retained,0,0,False,13
tam,tam_0807,90.15106559,retained,0,0,False,19
tam,tam_0808,88.49032521,retained,0,0,False,21
tam,tam_0809,84.06059742,retained,0,0,False,17
tam,tam_0810,83.13510418,retained,0,0,False,21
tam,tam_0811,86.66692376,retained,0,0,False,21
tam,tam_0812,91.41160846,retained,0,0,False,22
tam,tam_0813,86.94084287,retained,0,0,False,13
tam,tam_0814,84.41104889,retained,0,0,False,8
tam,tam_0815,79.43096161,retained,0,0,False,5
tam,tam_0816,94.02558804,retained,0,0,False,8
tam,tam_0817,91.8989718,retained,0,0,False,19
tam,tam_0818,92.06568003,retained,0,0,False,13
tam,tam_0819,88.98860812,retained,0,0,False,12
tam,tam_0820,83.19767118,retained,0,0,False,8
tam,tam_0821,65.21991491,retained,0,0,False,8
tam,tam_0822,94.58500743,retained,0,0,False,14
tam,tam_0823,89.51456547,retained,0,0,False,17
tam,tam_0824,83.69618058,retained,0,0,False,16
tam,tam_0825,94.5258379,retained,0,0,False,8
tam,tam_0826,96.7082262,retained,0,0,False,6
tam,tam_0827,91.16045237,retained,0,0,False,10
tam,tam_0828,72.09072709,retained,0,0,False,9
tam,tam_0829,80.83815575,retained,0,0,False,15
tam,tam_0830,91.56537056,retained,0,0,False,10
tam,tam_0831,96.90748453,retained,0,0,False,13
tam,tam_0832,83.43442678,retained,0,0,False,18
tam,tam_0833,80.03740311,retained,0,0,False,8
tam,tam_0834,83.03682208,retained,0,0,False,9
tam,tam_0835,58.10283422,retained,0,0,False,5
tam,tam_0836,89.97606635,retained,0,0,False,21
tam,tam_0837,85.74978709,retained,0,0,False,17
tam,tam_0838,89.23355937,retained,0,0,False,21
tam,tam_0839,89.83451724,retained,0,0,False,6
tam,tam_0840,87.78649569,retained,0,0,False,19
tam,tam_0841,91.74627066,retained,0,0,False,10
tam,tam_0842,83.63120556,retained,0,0,False,11
tam,tam_0843,93.55195165,retained,0,0,False,12
tam,tam_0844,90.80210924,retained,0,0,False,23
tam,tam_0845,88.34657669,retained,0,0,False,19
tam,tam_0846,68.85190606,retained,0,0,False,18
tam,tam_0847,87.89815307,retained,0,0,False,15
tam,tam_0848,91.2541151,retained,0,0,False,14
tam,tam_0849,89.08868432,retained,0,0,False,15
tam,tam_0850,88.69011402,retained,0,0,False,22
tam,tam_0851,74.12785888,retained,0,0,False,6
tam,tam_0852,95.40362358,retained,0,0,False,9
tam,tam_0853,80.9410274,retained,0,0,False,6
tam,tam_0854,87.51088977,retained,0,0,False,22
tam,tam_0855,88.16202879,retained,0,0,False,24
tam,tam_0856,93.21248531,retained,0,0,False,8
tam,tam_0857,96.29846215,retained,0,0,False,17
tam,tam_0858,90.491575,retained,0,0,False,12
tam,tam_0859,89.43542242,retained,0,0,False,17
tam,tam_0860,83.94021988,retained,0,0,False,14
tam,tam_0861,92.4077332,retained,0,0,False,12
tam,tam_0862,83.41956139,retained,0,0,False,8
tam,tam_0863,70.88967562,retained,0,0,False,16
tam,tam_0864,70.18828392,retained,0,0,False,7
tam,tam_0865,87.00193167,retained,0,0,False,19
tam,tam_0866,95.58466077,retained,0,0,False,18
tam,tam_0867,96.65205479,retained,0,0,False,12
tam,tam_0868,81.34887218,retained,0,0,False,17
tam,tam_0869,97.28350043,retained,0,0,False,11
tam,tam_0870,92.51247644,retained,0,0,False,10
tam,tam_0871,73.76892567,retained,0,0,False,12
tam,tam_0872,93.68823767,retained,0,0,False,23
tam,tam_0873,87.82249093,retained,0,0,False,22
tam,tam_0874,88.01532984,retained,0,0,False,8
tam,tam_0875,87.61736751,retained,0,0,False,18
tam,tam_0876,77.75418758,retained,0,0,False,13
tam,tam_0877,90.35532475,retained,0,0,False,15
tam,tam_0878,88.56243491,retained,0,0,False,11
tam,tam_0879,81.19709492,retained,0,0,False,16
tam,tam_0880,91.38664603,retained,0,0,False,14
tam,tam_0881,82.07892179,retained,0,0,False,11
tam,tam_0882,79.96560335,retained,0,0,False,13
tam,tam_0883,79.84812856,retained,0,0,False,11
tam,tam_0884,71.44326568,retained,0,0,False,4
tam,tam_0885,93.87309551,retained,0,0,False,15
tam,tam_0886,73.01964164,retained,0,0,False,5
tam,tam_0887,87.63383031,retained,0,0,False,13
tam,tam_0888,83.33925009,retained,0,0,False,18
tam,tam_0889,83.77387524,retained,0,0,False,9
tam,tam_0890,79.23158407,retained,0,0,False,16
tam,tam_0891,65.53635001,retained,0,0,False,8
tam,tam_0892,87.81027794,retained,0,0,False,17
tam,tam_0893,60.79866886,retained,0,0,False,7
tam,tam_0894,85.76186299,retained,0,0,False,5
tam,tam_0895,70.41265368,retained,0,0,False,8
tam,tam_0896,91.44385457,retained,0,0,False,17
tam,tam_0897,80.87226152,retained,0,0,False,8
tam,tam_0898,79.86540794,retained,0,0,False,11
tam,tam_0899,72.28349447,retained,0,0,False,4
tam,tam_0900,81.74335957,retained,0,0,False,9
tam,tam_0901,86.6381228,retained,0,0,False,6
tam,tam_0902,78.79757285,retained,0,0,False,14
tam,tam_0903,89.00399208,retained,0,0,False,7
tam,tam_0904,85.12554765,retained,0,0,False,17
tam,tam_0905,91.89952612,retained,0,0,False,13
tam,tam_0906,93.67626905,retained,0,0,False,7
tam,tam_0907,82.63439536,retained,0,0,False,11
tam,tam_0908,91.93390012,retained,0,0,False,6
tam,tam_0909,32.61331916,retained,0,0,False,3
tam,tam_0910,91.37457013,retained,0,0,False,17
tam,tam_0911,91.70233607,retained,0,0,False,8
tam,tam_0912,68.80517006,retained,0,0,False,7
tam,tam_0913,89.01754022,retained,0,0,False,6
tam,tam_0914,81.41294122,retained,0,0,False,6
tam,tam_0915,87.23464608,retained,0,0,False,10
tam,tam_0916,85.10449529,retained,0,0,False,20
tam,tam_0917,77.73810029,retained,0,0,False,15
tam,tam_0918,90.6195879,retained,0,0,False,20
tam,tam_0919,68.40834022,retained,0,0,False,11
tam,tam_0920,88.85443807,retained,0,0,False,9
tam,tam_0921,56.60899282,retained,0,0,False,5
tam,tam_0922,80.80604672,retained,0,0,False,9
tam,tam_0923,80.20118475,retained,0,0,False,14
tam,tam_0924,90.06965756,retained,0,0,False,8
tam,tam_0925,89.33474422,retained,0,0,False,19
tam,tam_0926,89.54300284,retained,0,0,False,17
tam,tam_0927,92.07492471,retained,0,0,False,16
tam,tam_0928,92.04385281,retained,0,0,False,22
tam,tam_0929,59.32417512,retained,0,0,False,17
tam,tam_0930,70.0293839,retained,0,0,False,12
tam,tam_0931,88.84472847,retained,0,0,False,11
tam,tam_0932,90.83423018,retained,0,0,False,11
tam,tam_0933,79.69494462,retained,0,0,False,24
tam,tam_0934,89.87061381,retained,0,0,False,25
tam,tam_0935,95.26286721,retained,0,0,False,20
tam,tam_0936,83.28908086,retained,0,0,False,14
tam,tam_0937,90.12800455,retained,0,0,False,15
tam,tam_0938,82.4460566,retained,0,0,False,3
tam,tam_0939,79.4899404,retained,0,0,False,20
tam,tam_0940,72.27928638,retained,0,0,False,8
tam,tam_0941,84.3331933,retained,0,0,False,18
tam,tam_0942,95.40480375,retained,0,0,False,19
tam,tam_0943,88.84036541,retained,0,0,False,11
tam,tam_0944,92.77641177,retained,0,0,False,9
tam,tam_0945,92.15211272,retained,0,0,False,6
tam,tam_0946,82.39978552,retained,0,0,False,24
tam,tam_0947,77.52736807,retained,0,0,False,28
tam,tam_0948,95.40825486,retained,0,0,False,11
tam,tam_0949,80.75034618,retained,0,0,False,15
tam,tam_0950,84.75686908,retained,0,0,False,15
tam,tam_0951,71.07583284,retained,0,0,False,8
tam,tam_0952,66.9121623,retained,0,0,False,23
tam,tam_0953,77.4351716,retained,0,0,False,9
tam,tam_0954,90.78212976,retained,0,0,False,21
tam,tam_0955,75.6693542,retained,0,0,False,16
tam,tam_0956,54.84873652,retained,0,0,False,6
tam,tam_0957,93.31073165,retained,0,0,False,8
tam,tam_0958,87.25844622,retained,0,0,False,7
tam,tam_0959,94.0105617,retained,0,0,False,15
tam,tam_0960,88.76728415,retained,0,0,False,9
tam,tam_0961,92.13855267,retained,0,0,False,12
tam,tam_0962,85.75426936,retained,0,0,False,15
tam,tam_0963,70.7854569,retained,0,0,False,13
tam,tam_0964,86.64194345,retained,0,0,False,6
tam,tam_0965,87.633425,retained,0,0,False,14
tam,tam_0966,88.98416162,retained,0,0,False,13
tam,tam_0967,90.25752544,retained,0,0,False,19
tam,tam_0968,83.8388741,retained,0,0,False,12
tam,tam_0969,77.40532756,retained,0,0,False,7
tam,tam_0970,75.17111897,retained,0,0,False,18
tam,tam_0971,81.15224242,retained,0,0,False,11
tam,tam_0972,88.71110678,retained,0,0,False,19
tam,tam_0973,88.24499249,retained,0,0,False,12
tam,tam_0974,79.78926301,retained,0,0,False,12
tam,tam_0975,91.95013642,retained,0,0,False,13
tam,tam_0976,96.8451798,retained,0,0,False,7
tam,tam_0977,89.29444551,retained,0,0,False,20
tam,tam_0978,90.36688209,retained,0,0,False,16
tam,tam_0979,83.32108259,retained,0,0,False,14
tam,tam_0980,93.32669377,retained,0,0,False,11
tam,tam_0981,77.54602432,retained,0,0,False,17
tam,tam_0982,90.45990109,retained,0,0,False,11
tam,tam_0983,93.85667443,retained,0,0,False,14
tam,tam_0984,92.03273058,retained,0,0,False,14
tam,tam_0985,91.98166132,retained,0,0,False,22
tam,tam_0986,87.6363337,retained,0,0,False,8
tam,tam_0987,91.76719785,retained,0,0,False,13
tam,tam_0988,79.92453575,retained,0,0,False,8
tam,tam_0989,94.91930604,retained,0,0,False,15
tam,tam_0990,90.44410586,retained,0,0,False,17
tam,tam_0991,87.54572272,retained,0,0,False,20
tam,tam_0992,72.19047546,retained,0,0,False,12
tam,tam_0993,69.59099174,retained,0,0,False,11
tam,tam_0994,88.2375896,retained,0,0,False,10
tam,tam_0995,77.94287205,retained,0,0,False,13
tam,tam_0996,80.47904372,retained,0,0,False,5
tam,tam_0997,94.28399801,retained,0,0,False,10
tam,tam_0998,67.50821471,retained,0,0,False,13
tam,tam_0999,83.71562362,retained,0,0,False,11
tam,tam_1000,90.04930854,retained,0,0,False,13
tam,tam_1001,84.33362246,retained,0,0,False,18
tam,tam_1002,96.64798379,retained,0,0,False,6
tam,tam_1003,50.89761615,retained,0,0,False,13
tam,tam_1004,92.23575592,retained,0,0,False,20
tam,tam_1005,53.46916318,retained,0,0,False,4
tam,tam_1006,91.00468755,retained,0,0,False,7
tam,tam_1007,72.74968624,retained,0,0,False,7
tam,tam_1008,88.5007441,retained,0,0,False,12
tam,tam_1009,94.61865425,retained,0,0,False,6
tam,tam_1010,76.62348151,retained,0,0,False,13
tam,tam_1011,92.05156565,retained,0,0,False,6
tam,tam_1012,77.50645876,retained,0,0,False,14
tam,tam_1013,86.49680018,retained,0,0,False,13
tam,tam_1014,91.05516076,retained,0,0,False,10
tam,tam_1015,79.63972092,retained,0,0,False,11
tam,tam_1016,65.4353857,retained,0,0,False,12
tam,tam_1017,97.51306176,retained,0,0,False,7
tam,tam_1018,79.02933955,retained,0,0,False,8
tam,tam_1019,77.50641704,retained,0,0,False,25
tam,tam_1020,87.79063225,retained,0,0,False,7
tam,tam_1021,87.20214963,retained,0,0,False,9
tam,tam_1022,40.97904861,retained,0,0,False,8
tam,tam_1023,87.59040236,retained,0,0,False,13
tam,tam_1024,88.31769824,retained,0,0,False,12
tam,tam_1025,94.59857345,retained,0,0,False,18
tam,tam_1026,84.6963346,retained,0,0,False,11
tam,tam_1027,83.35390687,retained,0,0,False,20
tam,tam_1028,69.57817078,retained,0,0,False,7
tam,tam_1029,95.97575665,retained,0,0,False,6
tam,tam_1030,80.96436858,retained,0,0,False,21
tam,tam_1031,76.56425238,retained,0,0,False,9
tam,tam_1032,89.98890519,retained,0,0,False,23
tam,tam_1033,92.04108119,retained,0,0,False,18
tam,tam_1034,91.1200583,retained,0,0,False,7
tam,tam_1035,64.41789865,retained,0,0,False,10
tam,tam_1036,75.63285232,retained,0,0,False,9
tam,tam_1037,88.7081027,retained,0,0,False,14
tam,tam_1038,95.80603242,retained,0,0,False,9
tam,tam_1039,90.07612467,retained,0,0,False,11
tam,tam_1040,55.08418083,retained,0,0,False,9
tam,tam_1041,75.82974434,retained,0,0,False,18
tam,tam_1042,91.51240587,retained,0,0,False,20
tam,tam_1043,91.25521183,retained,0,0,False,16
tam,tam_1044,94.03893948,retained,0,0,False,12
tam,tam_1045,89.13870454,retained,0,0,False,10
tam,tam_1046,86.91342473,retained,0,0,False,18
tam,tam_1047,74.51434731,retained,0,0,False,15
tam,tam_1048,84.99688506,retained,0,0,False,8
tam,tam_1049,86.21329665,retained,0,0,False,16
tam,tam_1050,89.23206925,retained,0,0,False,14
tam,tam_1051,89.24511075,retained,0,0,False,5
tam,tam_1052,87.39392161,retained,0,0,False,12
tam,tam_1053,76.00241899,retained,0,0,False,10
tam,tam_1054,93.7466085,retained,0,0,False,11
tam,tam_1055,89.43952918,retained,0,0,False,15
tam,tam_1056,72.03335166,retained,0,0,False,13
tam,tam_1057,94.70495582,retained,0,0,False,14
tam,tam_1058,75.92597604,retained,0,0,False,13
tam,tam_1059,74.13491607,retained,0,0,False,18
tam,tam_1060,88.55244517,retained,0,0,False,12
tam,tam_1061,89.41845894,retained,0,0,False,12
tam,tam_1062,80.98184466,retained,0,0,False,12
tam,tam_1063,93.82409453,retained,0,0,False,10
tam,tam_1064,85.77098846,retained,0,0,False,7
tam,tam_1065,90.84438682,retained,0,0,False,22
tam,tam_1066,58.34441185,retained,0,0,False,5
tam,tam_1067,63.65823746,retained,0,0,False,22
tam,tam_1068,78.78487706,retained,0,0,False,19
tam,tam_1069,94.17695403,retained,0,0,False,8
tam,tam_1070,64.8892045,retained,0,0,False,5
tam,tam_1071,78.39242816,retained,0,0,False,20
tam,tam_1072,72.86841869,retained,0,0,False,21
tam,tam_1073,85.1870954,retained,0,0,False,17
tam,tam_1074,92.19517112,retained,0,0,False,13
tam,tam_1075,86.31369472,retained,0,0,False,18
tam,tam_1076,91.92418456,retained,0,0,False,14
tam,tam_1077,98.06569815,retained,0,0,False,11
tam,tam_1078,94.54236627,retained,0,0,False,8
tam,tam_1079,93.19534302,retained,0,0,False,14
tam,tam_1080,91.93702936,retained,0,0,False,6
tam,tam_1081,91.6025877,retained,0,0,False,11
tam,tam_1082,82.81217217,retained,0,0,False,12
tam,tam_1083,93.33055615,retained,0,0,False,7
tam,tam_1084,73.08830023,retained,0,0,False,16
tam,tam_1085,91.37117863,retained,0,0,False,22
tam,tam_1086,89.21881914,retained,0,0,False,10
tam,tam_1087,82.19738007,retained,0,0,False,13
tam,tam_1088,88.08447719,retained,0,0,False,20
tam,tam_1089,87.67979741,retained,0,0,False,13
tam,tam_1090,94.74378228,retained,0,0,False,18
tam,tam_1091,89.62885737,retained,0,0,False,20
tam,tam_1092,89.50634003,retained,0,0,False,20
tam,tam_1093,94.29892302,retained,0,0,False,11
tam,tam_1094,72.99486399,retained,0,0,False,16
tam,tam_1095,91.28329754,retained,0,0,False,9
tam,tam_1096,71.10970616,retained,0,0,False,9
tam,tam_1097,87.14944124,retained,0,0,False,10
tam,tam_1098,67.48015285,retained,0,0,False,14
tam,tam_1099,94.95530725,retained,0,0,False,8
tam,tam_1100,81.44959211,retained,0,0,False,6
tam,tam_1101,78.52919698,retained,0,0,False,18
tam,tam_1102,72.60996103,retained,0,0,False,14
tam,tam_1103,96.18450999,retained,0,0,False,6
tam,tam_1104,95.13426423,retained,0,0,False,20
tam,tam_1105,89.77150321,retained,0,0,False,21
tam,tam_1106,92.31675863,retained,0,0,False,10
tam,tam_1107,77.80461311,retained,0,0,False,16
tam,tam_1108,89.39800858,retained,0,0,False,9
tam,tam_1109,86.71027422,retained,0,0,False,15
tam,tam_1110,80.74143529,retained,0,0,False,19
tam,tam_1111,91.93390608,retained,0,0,False,6
tam,tam_1112,90.50582051,retained,0,0,False,14
tam,tam_1113,89.75479007,retained,0,0,False,21
tam,tam_1114,82.64012337,retained,0,0,False,16
tam,tam_1115,79.93377447,retained,0,0,False,13
tam,tam_1116,58.65669847,retained,0,0,False,6
tam,tam_1117,90.61694145,retained,0,0,False,12
tam,tam_1118,85.59219837,retained,0,0,False,19
tam,tam_1119,91.76396728,retained,0,0,False,13
tam,tam_1120,87.59430647,retained,0,0,False,14
tam,tam_1121,90.68396091,retained,0,0,False,9
tam,tam_1122,87.52664924,retained,0,0,False,15
tam,tam_1123,76.03761554,retained,0,0,False,29
tam,tam_1124,89.16115165,retained,0,0,False,12
tam,tam_1125,84.3244493,retained,0,0,False,14
tam,tam_1126,92.05782413,retained,0,0,False,19
tam,tam_1127,81.73002601,retained,0,0,False,11
tam,tam_1128,96.01821303,retained,0,0,False,8
tam,tam_1129,97.30542898,retained,0,0,False,9
tam,tam_1130,88.18395734,retained,0,0,False,19
tam,tam_1131,85.91249585,retained,0,0,False,13
tam,tam_1132,88.19489479,retained,0,0,False,10
tam,tam_1133,85.08546352,retained,0,0,False,16
tam,tam_1134,82.40604401,retained,0,0,False,15
tam,tam_1135,88.08281422,retained,0,0,False,19
tam,tam_1136,76.00267529,retained,0,0,False,36
tam,tam_1137,82.66789317,retained,0,0,False,9
tam,tam_1138,67.9558754,retained,0,0,False,15
tam,tam_1139,86.11931205,retained,0,0,False,22
tam,tam_1140,53.07143927,retained,0,0,False,10
tam,tam_1141,92.97214746,retained,0,0,False,7
tam,tam_1142,82.19261169,retained,0,0,False,6
tam,tam_1143,88.32283616,retained,0,0,False,17
tam,tam_1144,86.8231833,retained,0,0,False,15
tam,tam_1145,85.32366157,retained,0,0,False,10
tam,tam_1146,90.47779441,retained,0,0,False,6
tam,tam_1147,91.54548645,retained,0,0,False,14
tam,tam_1148,96.78462744,retained,0,0,False,7
tam,tam_1149,92.66732931,retained,0,0,False,16
tam,tam_1150,92.36158729,retained,0,0,False,8
tam,tam_1151,81.251055,retained,0,0,False,11
tam,tam_1152,77.84925699,retained,0,0,False,6
tam,tam_1153,94.08115149,retained,0,0,False,13
tam,tam_1154,96.02935314,retained,0,0,False,10
tam,tam_1155,85.97412705,retained,0,0,False,13
tam,tam_1156,94.00328994,retained,0,0,False,14
tam,tam_1157,70.77591419,retained,0,0,False,15
tam,tam_1158,76.27263069,retained,0,0,False,21
tam,tam_1159,69.51646209,retained,0,0,False,16
tam,tam_1160,82.781744,retained,0,0,False,13
tam,tam_1161,67.60293841,retained,0,0,False,24
tam,tam_1162,77.01079249,retained,0,0,False,14
tam,tam_1163,95.5776751,retained,0,0,False,19
tam,tam_1164,92.91285276,retained,0,0,False,12
tam,tam_1165,87.86583543,retained,0,0,False,7
tam,tam_1166,89.78082538,retained,0,0,False,9
tam,tam_1167,83.96075964,retained,0,0,False,12
tam,tam_1168,89.4090116,retained,0,0,False,13
tam,tam_1169,68.32582355,retained,0,0,False,5
tam,tam_1170,92.77432561,retained,0,0,False,14
tam,tam_1171,90.60860872,retained,0,0,False,13
tam,tam_1172,93.32903028,retained,0,0,False,14
tam,tam_1173,94.37756538,retained,0,0,False,12
tam,tam_1174,88.79550099,retained,0,0,False,12
tam,tam_1175,91.56111479,retained,0,0,False,10
tam,tam_1176,91.7943418,retained,0,0,False,21
tam,tam_1177,89.79851007,retained,0,0,False,16
tam,tam_1178,83.5854888,retained,0,0,False,21
tam,tam_1179,89.19850588,retained,0,0,False,21
tam,tam_1180,90.33096433,retained,0,0,False,18
tam,tam_1181,91.50517583,retained,0,0,False,16
tam,tam_1182,87.03736067,retained,0,0,False,15
tam,tam_1183,93.59282255,retained,0,0,False,12
tam,tam_1184,76.87552571,retained,0,0,False,14
tam,tam_1185,63.45748901,retained,0,0,False,6
tam,tam_1186,93.59252453,retained,0,0,False,9
tam,tam_1187,68.91284585,retained,0,0,False,5
tam,tam_1188,92.74753928,retained,0,0,False,3
tam,tam_1189,86.64929271,retained,0,0,False,8
tam,tam_1190,80.5459559,retained,0,0,False,4
tam,tam_1191,88.90809417,retained,0,0,False,16
tam,tam_1192,74.19253588,retained,0,0,False,19
tam,tam_1193,82.50415325,retained,0,0,False,10
tam,tam_1194,85.74106097,retained,0,0,False,11
tam,tam_1195,87.49993443,retained,0,0,False,15
tam,tam_1196,89.31934834,retained,0,0,False,12
tam,tam_1197,95.27248144,retained,0,0,False,7
tam,tam_1198,91.91176295,retained,0,0,False,9
tam,tam_1199,85.14407277,retained,0,0,False,15
tam,tam_1200,88.73820901,retained,0,0,False,17
tam,tam_1201,80.12295961,retained,0,0,False,12
tam,tam_1202,87.41447926,retained,0,0,False,15
tam,tam_1203,89.5417273,retained,0,0,False,20
tam,tam_1204,77.27658153,retained,0,0,False,21
tam,tam_1205,85.51695943,retained,0,0,False,16
tam,tam_1206,91.81913733,retained,0,0,False,11
tam,tam_1207,87.45135665,retained,0,0,False,16
tam,tam_1208,84.71094966,retained,0,0,False,15
tam,tam_1209,94.47556138,retained,0,0,False,13
tam,tam_1210,92.08895564,retained,0,0,False,10
tam,tam_1211,85.77910662,retained,0,0,False,22
tam,tam_1212,90.9530282,retained,0,0,False,16
tam,tam_1213,83.17013979,retained,0,0,False,15
tam,tam_1214,94.7581768,retained,0,0,False,9
tam,tam_1215,85.87021232,retained,0,0,False,17
tam,tam_1216,87.77137995,retained,0,0,False,12
tam,tam_1217,90.3999269,retained,0,0,False,20
tam,tam_1218,91.26843214,retained,0,0,False,13
tam,tam_1219,92.32305884,retained,0,0,False,12
tam,tam_1220,96.8451798,retained,0,0,False,7
tam,tam_1221,96.7082262,retained,0,0,False,6
tam,tam_1222,94.34222579,retained,0,0,False,6
tam,tam_1223,90.13114572,retained,0,0,False,26
tam,tam_1224,92.1526134,retained,0,0,False,12
tam,tam_1225,96.25068307,retained,0,0,False,9
tam,tam_1226,84.27960873,retained,0,0,False,16
tam,tam_1227,92.20775366,retained,0,0,False,10
tam,tam_1228,90.10353684,retained,0,0,False,21
tam,tam_1229,87.34372258,retained,0,0,False,19
tam,tam_1230,89.76184726,retained,0,0,False,17
tam,tam_1231,95.20839453,retained,0,0,False,17
tam,tam_1232,80.31101823,retained,0,0,False,5
tam,tam_1233,93.23261976,retained,0,0,False,15
tam,tam_1234,92.42594242,retained,0,0,False,13
tam,tam_1235,92.43432879,retained,0,0,False,12
tam,tam_1236,77.63691545,retained,0,0,False,13
tam,tam_1237,91.87187552,retained,0,0,False,15
tam,tam_1238,84.70883369,retained,0,0,False,16
tam,tam_1239,75.69087148,retained,0,0,False,13
tam,tam_1240,91.65691137,retained,0,0,False,16
tam,tam_1241,87.05871701,retained,0,0,False,17
tam,tam_1242,89.13660049,retained,0,0,False,16
tam,tam_1243,91.72558784,retained,0,0,False,14
tam,tam_1244,92.96773672,retained,0,0,False,20
tam,tam_1245,93.84640455,retained,0,0,False,10
tam,tam_1246,94.53328848,retained,0,0,False,12
tam,tam_1247,92.75353551,retained,0,0,False,17
tam,tam_1248,62.97107935,retained,0,0,False,4
tam,tam_1249,95.54582238,retained,0,0,False,14
tam,tam_1250,87.37246394,retained,0,0,False,7
tam,tam_1251,96.25347257,retained,0,0,False,9
tam,tam_1252,85.73639393,retained,0,0,False,17
tam,tam_1253,97.27981687,retained,0,0,False,5
tam,tam_1254,90.38755298,retained,0,0,False,9
tam,tam_1255,81.45696521,retained,0,0,False,18
tam,tam_1256,89.75971341,retained,0,0,False,7
tam,tam_1257,84.51972008,retained,0,0,False,25
tam,tam_1258,90.98985791,retained,0,0,False,15
tam,tam_1259,93.23988557,retained,0,0,False,11
tam,tam_1260,89.90706205,retained,0,0,False,13
tam,tam_1261,93.64720583,retained,0,0,False,11
tam,tam_1262,88.27798963,retained,0,0,False,14
tam,tam_1263,90.87358117,retained,0,0,False,13
tam,tam_1264,76.84558034,retained,0,0,False,21
tam,tam_1265,77.70066857,retained,0,0,False,7
tam,tam_1266,93.9391315,retained,0,0,False,16
tam,tam_1267,87.57073283,retained,0,0,False,15
tam,tam_1268,90.81154466,retained,0,0,False,9
tam,tam_1269,90.34412503,retained,0,0,False,16
tam,tam_1270,81.12694621,retained,0,0,False,16
tam,tam_1271,88.29807639,retained,0,0,False,21
tam,tam_1272,93.14703345,retained,0,0,False,10
tam,tam_1273,96.95601463,retained,0,0,False,11
tam,tam_1274,89.25127387,retained,0,0,False,18
tam,tam_1275,92.13702083,retained,0,0,False,25
tam,tam_1276,86.49214506,retained,0,0,False,7
tam,tam_1277,93.58697534,retained,0,0,False,7
tam,tam_1278,90.8118248,retained,0,0,False,15
tam,tam_1279,76.9903183,retained,0,0,False,23
tam,tam_1280,92.15034842,retained,0,0,False,8
tam,tam_1281,81.58413768,retained,0,0,False,14
tam,tam_1282,83.5835278,retained,0,0,False,24
tam,tam_1283,86.72842979,retained,0,0,False,13
tam,tam_1284,79.59154248,retained,0,0,False,8
tam,tam_1285,93.13071966,retained,0,0,False,10
tam,tam_1286,90.5297637,retained,0,0,False,9
tam,tam_1287,85.75927615,retained,0,0,False,18
tam,tam_1288,90.85117579,retained,0,0,False,10
tam,tam_1289,76.33891702,retained,0,0,False,22
tam,tam_1290,84.3159616,retained,0,0,False,17
tam,tam_1291,91.93702936,retained,0,0,False,6
tam,tam_1292,93.1455791,retained,0,0,False,10
tam,tam_1293,79.19908762,retained,0,0,False,24
tam,tam_1294,80.55043221,retained,0,0,False,12
tam,tam_1295,94.99405622,retained,0,0,False,11
tam,tam_1296,82.27923512,retained,0,0,False,15
tam,tam_1297,84.94163752,retained,0,0,False,9
tam,tam_1298,73.19520712,retained,0,0,False,18
tam,tam_1299,94.44100261,retained,0,0,False,3
tam,tam_1300,82.27619529,retained,0,0,False,12
tam,tam_1301,88.87283206,retained,0,0,False,12
tam,tam_1302,88.26851249,retained,0,0,False,16
tam,tam_1303,82.10508227,retained,0,0,False,13
tam,tam_1304,94.65794563,retained,0,0,False,16
tam,tam_1305,83.6563468,retained,0,0,False,5
tam,tam_1306,95.70409656,retained,0,0,False,18
tam,tam_1307,76.44814253,retained,0,0,False,20
tam,tam_1308,84.83902216,retained,0,0,False,8
tam,tam_1309,77.89885402,retained,0,0,False,13
tam,tam_1310,96.69159651,retained,0,0,False,13
tam,tam_1311,89.95656967,retained,0,0,False,18
tam,tam_1312,94.12256479,retained,0,0,False,9
tam,tam_1313,74.11854267,retained,0,0,False,11
tam,tam_1314,94.87292171,retained,0,0,False,10
tam,tam_1315,91.31535292,retained,0,0,False,13
tam,tam_1316,91.41982794,retained,0,0,False,11
tam,tam_1317,81.38220906,retained,0,0,False,9
tam,tam_1318,93.10804605,retained,0,0,False,7
tam,tam_1319,87.35952973,retained,0,0,False,15
tam,tam_1320,79.04779315,retained,0,0,False,8
tam,tam_1321,92.98529625,retained,0,0,False,21
tam,tam_1322,91.41478539,retained,0,0,False,11
tam,tam_1323,88.54282498,retained,0,0,False,21
tam,tam_1324,84.11812782,retained,0,0,False,11
tam,tam_1325,85.57631373,retained,0,0,False,22
tam,tam_1326,92.223382,retained,0,0,False,23
tam,tam_1327,94.02558804,retained,0,0,False,8
tam,tam_1328,84.65789557,retained,0,0,False,20
tam,tam_1329,89.41462636,retained,0,0,False,15
tam,tam_1330,77.30197906,retained,0,0,False,13
tam,tam_1331,78.33675742,retained,0,0,False,32
tam,tam_1332,89.63662386,retained,0,0,False,10
tam,tam_1333,77.89400816,retained,0,0,False,14
tam,tam_1334,92.78185368,retained,0,0,False,15
tam,tam_1335,48.91248345,retained,0,0,False,4
tam,tam_1336,90.40803909,retained,0,0,False,9
tam,tam_1337,33.57680738,retained,0,0,False,3
tam,tam_1338,91.29459262,retained,0,0,False,21
tam,tam_1339,91.42125249,retained,0,0,False,13
tam,tam_1340,86.89013124,retained,0,0,False,14
tam,tam_1341,90.081954,retained,0,0,False,18
tam,tam_1342,86.25792861,retained,0,0,False,17
tam,tam_1343,93.5616076,retained,0,0,False,14
tam,tam_1344,84.11495686,retained,0,0,False,13
tam,tam_1345,94.2134738,retained,0,0,False,22
tam,tam_1346,90.89817405,retained,0,0,False,11
tam,tam_1347,93.21574569,retained,0,0,False,12
tam,tam_1348,93.85302663,retained,0,0,False,11
tam,tam_1349,96.31152153,retained,0,0,False,12
tam,tam_1350,89.822644,retained,0,0,False,12
tam,tam_1351,66.05756879,retained,0,0,False,15
tam,tam_1352,89.1530931,retained,0,0,False,15
tam,tam_1353,90.81298709,retained,0,0,False,18
tam,tam_1354,85.04728079,retained,0,0,False,14
tam,tam_1355,83.73075128,retained,0,0,False,18
tam,tam_1356,95.48970461,retained,0,0,False,20
tam,tam_1357,70.07960081,retained,0,0,False,11
tam,tam_1358,88.707757,retained,0,0,False,16
tam,tam_1359,84.3149364,retained,0,0,False,17
tam,tam_1360,84.76473093,retained,0,0,False,18
tam,tam_1361,90.11514187,retained,0,0,False,14
tam,tam_1362,96.89105153,retained,0,0,False,10
tam,tam_1363,93.56803298,retained,0,0,False,12
tam,tam_1364,90.26725292,retained,0,0,False,9
tam,tam_1365,87.40202188,retained,0,0,False,19
tam,tam_1366,86.75051928,retained,0,0,False,18
tam,tam_1367,93.87078285,retained,0,0,False,10
tam,tam_1368,92.0478642,retained,0,0,False,20
tam,tam_1369,91.52895808,retained,0,0,False,12
tam,tam_1370,86.76989675,retained,0,0,False,9
tam,tam_1371,89.70829248,retained,0,0,False,12
tam,tam_1372,86.13980412,retained,0,0,False,11
tam,tam_1373,87.33836412,retained,0,0,False,15
tam,tam_1374,94.4707036,retained,0,0,False,19
tam,tam_1375,95.18121481,retained,0,0,False,9
tam,tam_1376,92.57528186,retained,0,0,False,13
tam,tam_1377,74.64832067,retained,0,0,False,23
tam,tam_1378,85.78055501,retained,0,0,False,13
tam,tam_1379,95.19251585,retained,0,0,False,8
tam,tam_1380,85.46538949,retained,0,0,False,12
tam,tam_1381,90.80326557,retained,0,0,False,22
tam,tam_1382,68.66977811,retained,0,0,False,10
tam,tam_1383,85.09292603,retained,0,0,False,11
tam,tam_1384,89.39211965,retained,0,0,False,17
tam,tam_1385,75.01038909,retained,0,0,False,19
tam,tam_1386,87.57911921,retained,0,0,False,21
tam,tam_1387,88.87555599,retained,0,0,False,13
tam,tam_1388,90.30907154,retained,0,0,False,17
tam,tam_1389,90.35348892,retained,0,0,False,6
tam,tam_1390,86.98160648,retained,0,0,False,42
tam,tam_1391,91.47456288,retained,0,0,False,18
tam,tam_1392,91.08406901,retained,0,0,False,16
tam,tam_1393,88.75886798,retained,0,0,False,20
tam,tam_1394,85.14281511,retained,0,0,False,14
tam,tam_1395,76.18832588,retained,0,0,False,7
tam,tam_1396,92.04681516,retained,0,0,False,12
tam,tam_1397,91.89748764,retained,0,0,False,20
tam,tam_1398,95.3933835,retained,0,0,False,14
tam,tam_1399,93.67626905,retained,0,0,False,7
mal,mal_0000,87.85809278,retained,0,0,False,8
mal,mal_0001,95.20211816,excluded_roundtrip_failure,0,4,True,13
mal,mal_0002,84.2171371,retained,0,0,False,23
mal,mal_0003,88.86824846,retained,0,0,False,12
mal,mal_0004,94.30165887,retained,0,0,False,15
mal,mal_0005,89.820683,retained,0,0,False,16
mal,mal_0006,71.20132446,excluded_roundtrip_failure,11,0,True,17
mal,mal_0007,82.28369951,excluded_roundtrip_failure,6,0,True,13
mal,mal_0008,76.90438628,excluded_roundtrip_failure,4,0,True,14
mal,mal_0009,85.81789136,excluded_roundtrip_failure,0,4,True,10
mal,mal_0010,92.110008,retained,0,0,False,11
mal,mal_0011,88.98829818,excluded_roundtrip_failure,4,0,True,11
mal,mal_0012,41.71625674,excluded_roundtrip_failure,10,0,True,15
mal,mal_0013,82.96334147,excluded_roundtrip_failure,6,1,True,15
mal,mal_0014,83.37930441,excluded_roundtrip_failure,5,0,True,22
mal,mal_0015,95.52134275,retained,0,0,False,6
mal,mal_0016,77.73142457,retained,0,0,False,11
mal,mal_0017,92.34740734,retained,0,0,False,11
mal,mal_0018,86.00392938,excluded_roundtrip_failure,9,0,True,10
mal,mal_0019,69.51249838,retained,0,0,False,15
mal,mal_0020,93.72314811,retained,0,0,False,11
mal,mal_0021,86.78621054,retained,0,0,False,14
mal,mal_0022,62.75878549,retained,0,0,False,5
mal,mal_0023,88.08262348,excluded_roundtrip_failure,0,3,True,39
mal,mal_0024,68.88110042,retained,0,0,False,30
mal,mal_0025,91.44690633,retained,0,0,False,24
mal,mal_0026,78.76203656,excluded_roundtrip_failure,3,1,True,10
mal,mal_0027,46.07387483,retained,0,0,False,6
mal,mal_0028,81.77723289,retained,0,0,False,19
mal,mal_0029,93.90633106,retained,0,0,False,9
mal,mal_0030,90.70401192,retained,0,0,False,16
mal,mal_0031,86.8796289,excluded_roundtrip_failure,0,1,True,10
mal,mal_0032,92.74495244,retained,0,0,False,13
mal,mal_0033,94.76436973,retained,0,0,False,15
mal,mal_0034,80.85930943,retained,0,0,False,13
mal,mal_0035,85.09725332,retained,0,0,False,19
mal,mal_0036,87.49009967,retained,0,0,False,23
mal,mal_0037,83.80458355,retained,0,0,False,14
mal,mal_0038,91.04325771,retained,0,0,False,7
mal,mal_0039,92.7298665,retained,0,0,False,8
mal,mal_0040,90.17469287,retained,0,0,False,10
mal,mal_0041,94.35725212,excluded_roundtrip_failure,2,0,True,9
mal,mal_0042,97.37709165,retained,0,0,False,9
mal,mal_0043,68.20016503,retained,0,0,False,10
mal,mal_0044,80.34542203,excluded_roundtrip_failure,6,0,True,12
mal,mal_0045,93.9530611,retained,0,0,False,12
mal,mal_0046,80.52141666,retained,0,0,False,12
mal,mal_0047,87.79575825,retained,0,0,False,15
mal,mal_0048,89.79834318,retained,0,0,False,9
mal,mal_0049,93.61732602,retained,0,0,False,12
mal,mal_0050,93.69439483,retained,0,0,False,11
mal,mal_0051,73.95219803,excluded_roundtrip_failure,9,0,True,15
mal,mal_0052,85.33819914,excluded_roundtrip_failure,3,0,True,12
mal,mal_0053,69.71763968,retained,0,0,False,5
mal,mal_0054,93.96613836,retained,0,0,False,11
mal,mal_0055,90.12442827,retained,0,0,False,13
mal,mal_0056,83.62678289,retained,0,0,False,12
mal,mal_0057,70.15078664,retained,0,0,False,19
mal,mal_0058,93.77270341,retained,0,0,False,15
mal,mal_0059,63.24030161,excluded_roundtrip_failure,6,0,True,15
mal,mal_0060,49.16148782,retained,0,0,False,6
mal,mal_0061,93.1183219,retained,0,0,False,11
mal,mal_0062,92.14132428,retained,0,0,False,14
mal,mal_0063,90.88864923,retained,0,0,False,8
mal,mal_0064,60.78918576,retained,0,0,False,17
mal,mal_0065,90.21926522,retained,0,0,False,17
mal,mal_0066,80.47703505,retained,0,0,False,10
mal,mal_0067,95.80047727,retained,0,0,False,7
mal,mal_0068,89.29616213,retained,0,0,False,15
mal,mal_0069,84.88710523,excluded_roundtrip_failure,6,0,True,15
mal,mal_0070,81.79270625,retained,0,0,False,7
mal,mal_0071,77.31144428,retained,0,0,False,9
mal,mal_0072,83.06591511,retained,0,0,False,12
mal,mal_0073,94.88593936,excluded_roundtrip_failure,3,0,True,11
mal,mal_0074,77.01424956,retained,0,0,False,13
mal,mal_0075,62.45709658,excluded_roundtrip_failure,4,0,True,8
mal,mal_0076,90.49028158,retained,0,0,False,16
mal,mal_0077,94.16273236,retained,0,0,False,10
mal,mal_0078,88.15739155,retained,0,0,False,15
mal,mal_0079,94.79620457,retained,0,0,False,20
mal,mal_0080,89.45635557,retained,0,0,False,12
mal,mal_0081,92.73613095,retained,0,0,False,20
mal,mal_0082,87.81710267,retained,0,0,False,13
mal,mal_0083,88.27459216,retained,0,0,False,13
mal,mal_0084,83.71052146,retained,0,0,False,17
mal,mal_0085,92.02166796,excluded_roundtrip_failure,0,1,True,25
mal,mal_0086,91.3177669,retained,0,0,False,10
mal,mal_0087,91.99246764,retained,0,0,False,18
mal,mal_0088,64.17710781,retained,0,0,False,19
mal,mal_0089,80.7923913,retained,0,0,False,20
mal,mal_0090,89.05854821,retained,0,0,False,12
mal,mal_0091,83.96392465,retained,0,0,False,11
mal,mal_0092,90.70954323,retained,0,0,False,17
mal,mal_0093,78.37400436,excluded_roundtrip_failure,3,1,True,8
mal,mal_0094,84.3953371,retained,0,0,False,7
mal,mal_0095,75.95513463,retained,0,0,False,16
mal,mal_0096,90.05849957,retained,0,0,False,11
mal,mal_0097,86.4364326,retained,0,0,False,17
mal,mal_0098,91.51112437,excluded_roundtrip_failure,7,0,True,14
mal,mal_0099,87.13819385,retained,0,0,False,18
mal,mal_0100,54.76745963,excluded_roundtrip_failure,11,0,True,19
mal,mal_0101,94.49415207,retained,0,0,False,22
mal,mal_0102,94.44075823,retained,0,0,False,10
mal,mal_0103,82.22195506,retained,0,0,False,12
mal,mal_0104,68.65288019,retained,0,0,False,12
mal,mal_0105,59.06612277,retained,0,0,False,9
mal,mal_0106,85.87844372,retained,0,0,False,17
mal,mal_0107,90.54783583,retained,0,0,False,12
mal,mal_0108,92.90397167,retained,0,0,False,22
mal,mal_0109,95.78012824,retained,0,0,False,5
mal,mal_0110,96.83865309,retained,0,0,False,9
mal,mal_0111,90.50838351,retained,0,0,False,20
mal,mal_0112,72.486341,excluded_roundtrip_failure,5,1,True,15
mal,mal_0113,89.69009519,retained,0,0,False,14
mal,mal_0114,87.01606989,retained,0,0,False,8
mal,mal_0115,80.0116837,retained,0,0,False,16
mal,mal_0116,83.71242881,retained,0,0,False,11
mal,mal_0117,79.23332453,retained,0,0,False,8
mal,mal_0118,90.16808271,retained,0,0,False,17
mal,mal_0119,87.8600955,retained,0,0,False,15
mal,mal_0120,86.46741509,excluded_roundtrip_failure,3,0,True,11
mal,mal_0121,94.35756803,retained,0,0,False,12
mal,mal_0122,85.64736247,retained,0,0,False,12
mal,mal_0123,94.38800812,retained,0,0,False,5
mal,mal_0124,88.73221278,retained,0,0,False,21
mal,mal_0125,95.10066509,retained,0,0,False,13
mal,mal_0126,92.66870618,retained,0,0,False,8
mal,mal_0127,82.50860572,retained,0,0,False,11
mal,mal_0128,80.79589009,excluded_roundtrip_failure,4,0,True,10
mal,mal_0129,92.06946492,retained,0,0,False,10
mal,mal_0130,75.92063546,retained,0,0,False,14
mal,mal_0131,86.70951128,retained,0,0,False,15
mal,mal_0132,98.2042551,retained,0,0,False,8
mal,mal_0133,85.48493981,retained,0,0,False,12
mal,mal_0134,59.59374309,excluded_roundtrip_failure,8,0,True,16
mal,mal_0135,90.17611146,retained,0,0,False,11
mal,mal_0136,88.23932409,retained,0,0,False,12
mal,mal_0137,97.3282516,retained,0,0,False,9
mal,mal_0138,67.79549718,excluded_roundtrip_failure,11,0,True,20
mal,mal_0139,96.93648815,retained,0,0,False,9
mal,mal_0140,83.86515975,retained,0,0,False,6
mal,mal_0141,90.17463326,retained,0,0,False,10
mal,mal_0142,94.33987141,retained,0,0,False,11
mal,mal_0143,86.76203489,retained,0,0,False,12
mal,mal_0144,90.75960517,excluded_roundtrip_failure,3,0,True,12
mal,mal_0145,91.62144661,retained,0,0,False,21
mal,mal_0146,90.59363604,excluded_roundtrip_failure,0,2,True,8
mal,mal_0147,93.72876883,retained,0,0,False,15
mal,mal_0148,59.97171998,retained,0,0,False,6
mal,mal_0149,86.36049032,retained,0,0,False,8
mal,mal_0150,92.31139421,retained,0,0,False,17
mal,mal_0151,89.75353837,retained,0,0,False,13
mal,mal_0152,75.97188354,excluded_roundtrip_failure,5,1,True,14
mal,mal_0153,92.16654897,retained,0,0,False,22
mal,mal_0154,83.55658054,retained,0,0,False,11
mal,mal_0155,88.14962506,retained,0,0,False,12
mal,mal_0156,86.43297553,retained,0,0,False,10
mal,mal_0157,76.2332499,retained,0,0,False,13
mal,mal_0158,97.64002562,retained,0,0,False,17
mal,mal_0159,72.1247077,excluded_roundtrip_failure,3,0,True,10
mal,mal_0160,74.3455708,retained,0,0,False,16
mal,mal_0161,63.03964257,excluded_roundtrip_failure,7,0,True,20
mal,mal_0162,69.0980196,retained,0,0,False,10
mal,mal_0163,90.21072984,retained,0,0,False,12
mal,mal_0164,92.59295464,retained,0,0,False,13
mal,mal_0165,86.01669073,retained,0,0,False,11
mal,mal_0166,86.1956954,retained,0,0,False,11
mal,mal_0167,91.59138203,retained,0,0,False,9
mal,mal_0168,80.35432696,retained,0,0,False,18
mal,mal_0169,79.08506989,retained,0,0,False,8
mal,mal_0170,89.1710341,retained,0,0,False,13
mal,mal_0171,90.20751119,retained,0,0,False,9
mal,mal_0172,67.42195487,excluded_roundtrip_failure,6,0,True,9
mal,mal_0173,83.22402239,retained,0,0,False,11
mal,mal_0174,90.37496448,retained,0,0,False,10
mal,mal_0175,89.05367851,retained,0,0,False,12
mal,mal_0176,79.69053984,retained,0,0,False,13
mal,mal_0177,76.45719051,excluded_roundtrip_failure,7,0,True,16
mal,mal_0178,69.26624775,excluded_roundtrip_failure,6,0,True,18
mal,mal_0179,83.17482471,retained,0,0,False,15
mal,mal_0180,92.5252676,retained,0,0,False,13
mal,mal_0181,87.37421632,retained,0,0,False,9
mal,mal_0182,62.04900742,excluded_roundtrip_failure,0,1,True,8
mal,mal_0183,94.08349991,excluded_roundtrip_failure,4,0,True,9
mal,mal_0184,76.30168796,retained,0,0,False,16
mal,mal_0185,76.20373964,retained,0,0,False,14
mal,mal_0186,81.79855347,retained,0,0,False,17
mal,mal_0187,92.61205196,retained,0,0,False,11
mal,mal_0188,68.74784827,excluded_roundtrip_failure,5,0,True,10
mal,mal_0189,92.42498279,retained,0,0,False,13
mal,mal_0190,89.80588913,retained,0,0,False,16
mal,mal_0191,88.03700805,retained,0,0,False,16
mal,mal_0192,85.77960134,excluded_roundtrip_failure,3,0,True,8
mal,mal_0193,91.78200364,retained,0,0,False,16
mal,mal_0194,60.32098532,excluded_roundtrip_failure,8,0,True,19
mal,mal_0195,91.57191515,retained,0,0,False,6
mal,mal_0196,86.01101041,excluded_roundtrip_failure,3,1,True,13
mal,mal_0197,87.92666793,excluded_roundtrip_failure,0,1,True,11
mal,mal_0198,86.32794619,excluded_roundtrip_failure,5,0,True,12
mal,mal_0199,94.37245727,retained,0,0,False,8
mal,mal_0200,64.00738358,retained,0,0,False,12
mal,mal_0201,72.07404375,excluded_roundtrip_failure,4,0,True,11
mal,mal_0202,72.11800218,retained,0,0,False,8
mal,mal_0203,58.52180719,excluded_roundtrip_failure,4,1,True,13
mal,mal_0204,91.90787077,excluded_roundtrip_failure,1,0,True,9
mal,mal_0205,81.50913119,excluded_roundtrip_failure,5,1,True,11
mal,mal_0206,72.16764688,excluded_roundtrip_failure,12,0,True,14
mal,mal_0207,94.39484477,excluded_roundtrip_failure,0,2,True,7
mal,mal_0208,86.39677763,retained,0,0,False,10
mal,mal_0209,85.24590135,retained,0,0,False,6
mal,mal_0210,56.4946413,excluded_roundtrip_failure,7,0,True,6
mal,mal_0211,72.36775756,retained,0,0,False,22
mal,mal_0212,90.87619185,retained,0,0,False,15
mal,mal_0213,91.64619446,retained,0,0,False,9
mal,mal_0214,62.20182776,retained,0,0,False,5
mal,mal_0215,95.55341005,retained,0,0,False,13
mal,mal_0216,93.54870915,retained,0,0,False,7
mal,mal_0217,88.03970814,retained,0,0,False,10
mal,mal_0218,63.4675622,retained,0,0,False,14
mal,mal_0219,86.15723252,retained,0,0,False,11
mal,mal_0220,78.00883055,retained,0,0,False,13
mal,mal_0221,91.24373198,retained,0,0,False,16
mal,mal_0222,89.96683359,retained,0,0,False,14
mal,mal_0223,80.86470962,retained,0,0,False,13
mal,mal_0224,92.57734418,retained,0,0,False,12
mal,mal_0225,82.04801679,retained,0,0,False,14
mal,mal_0226,56.11554384,retained,0,0,False,15
mal,mal_0227,85.58002114,retained,0,0,False,18
mal,mal_0228,57.24235177,excluded_roundtrip_failure,9,0,True,12
mal,mal_0229,89.27538395,retained,0,0,False,18
mal,mal_0230,84.62004066,excluded_roundtrip_failure,4,0,True,11
mal,mal_0231,95.92815638,retained,0,0,False,12
mal,mal_0232,89.85996842,retained,0,0,False,21
mal,mal_0233,81.28046393,excluded_roundtrip_failure,7,0,True,15
mal,mal_0234,88.17047477,excluded_roundtrip_failure,4,0,True,8
mal,mal_0235,76.96647048,retained,0,0,False,14
mal,mal_0236,82.73844123,excluded_roundtrip_failure,12,0,True,15
mal,mal_0237,90.50489664,retained,0,0,False,11
mal,mal_0238,94.09144521,retained,0,0,False,13
mal,mal_0239,53.14579606,retained,0,0,False,2
mal,mal_0240,96.28348947,retained,0,0,False,16
mal,mal_0241,92.06643701,retained,0,0,False,14
mal,mal_0242,63.54899406,excluded_roundtrip_failure,16,0,True,23
mal,mal_0243,94.79663372,retained,0,0,False,11
mal,mal_0244,93.99844408,retained,0,0,False,11
mal,mal_0245,84.89449024,retained,0,0,False,16
mal,mal_0246,71.33657932,excluded_roundtrip_failure,9,0,True,12
mal,mal_0247,89.92840648,retained,0,0,False,11
mal,mal_0248,90.03463984,retained,0,0,False,11
mal,mal_0249,71.54362202,retained,0,0,False,9
mal,mal_0250,63.75896335,retained,0,0,False,24
mal,mal_0251,90.1888907,retained,0,0,False,9
mal,mal_0252,87.77621984,retained,0,0,False,13
mal,mal_0253,58.30528736,retained,0,0,False,8
mal,mal_0254,63.61769438,excluded_roundtrip_failure,4,0,True,11
mal,mal_0255,75.73592067,excluded_roundtrip_failure,2,1,True,13
mal,mal_0256,89.79201913,retained,0,0,False,10
mal,mal_0257,75.22934079,retained,0,0,False,21
mal,mal_0258,86.32419705,retained,0,0,False,12
mal,mal_0259,78.21998,retained,0,0,False,24
mal,mal_0260,87.94230819,retained,0,0,False,10
mal,mal_0261,83.81448388,retained,0,0,False,17
mal,mal_0262,92.06786156,retained,0,0,False,9
mal,mal_0263,94.96284127,retained,0,0,False,13
mal,mal_0264,82.19278455,retained,0,0,False,19
mal,mal_0265,47.13924229,retained,0,0,False,5
mal,mal_0266,92.49975681,retained,0,0,False,13
mal,mal_0267,79.6400249,retained,0,0,False,6
mal,mal_0268,96.80789113,retained,0,0,False,11
mal,mal_0269,86.48433089,retained,0,0,False,11
mal,mal_0270,75.87919831,retained,0,0,False,28
mal,mal_0271,91.2320137,retained,0,0,False,20
mal,mal_0272,94.55433488,retained,0,0,False,4
mal,mal_0273,62.97205091,retained,0,0,False,9
mal,mal_0274,97.16640711,retained,0,0,False,16
mal,mal_0275,87.90205121,retained,0,0,False,12
mal,mal_0276,60.94898582,retained,0,0,False,7
mal,mal_0277,75.07904768,excluded_roundtrip_failure,5,0,True,13
mal,mal_0278,94.13182139,retained,0,0,False,12
mal,mal_0279,59.44617987,excluded_roundtrip_failure,3,5,True,9
mal,mal_0280,94.80920434,retained,0,0,False,24
mal,mal_0281,69.25336123,excluded_roundtrip_failure,7,0,True,14
mal,mal_0282,83.47423077,retained,0,0,False,17
mal,mal_0283,95.56385875,retained,0,0,False,10
mal,mal_0284,85.5458796,retained,0,0,False,7
mal,mal_0285,83.92670155,retained,0,0,False,14
mal,mal_0286,69.62314248,excluded_roundtrip_failure,6,0,True,12
mal,mal_0287,84.73489285,retained,0,0,False,13
mal,mal_0288,77.49741077,excluded_roundtrip_failure,3,0,True,8
mal,mal_0289,88.27420473,excluded_roundtrip_failure,0,2,True,18
mal,mal_0290,83.59327316,retained,0,0,False,10
mal,mal_0291,86.79638505,retained,0,0,False,6
mal,mal_0292,43.00167263,excluded_roundtrip_failure,10,0,True,17
mal,mal_0293,79.2309165,retained,0,0,False,17
mal,mal_0294,93.08497906,retained,0,0,False,9
mal,mal_0295,72.85282016,retained,0,0,False,14
mal,mal_0296,93.77925396,retained,0,0,False,10
mal,mal_0297,64.85161781,excluded_roundtrip_failure,3,0,True,8
mal,mal_0298,80.86356521,excluded_roundtrip_failure,9,0,True,13
mal,mal_0299,78.11418176,retained,0,0,False,14
mal,mal_0300,72.54062891,excluded_roundtrip_failure,3,0,True,4
mal,mal_0301,72.02781439,excluded_roundtrip_failure,6,0,True,9
mal,mal_0302,91.11672044,excluded_roundtrip_failure,0,3,True,20
mal,mal_0303,59.13464427,excluded_roundtrip_failure,4,0,True,12
mal,mal_0304,91.87774062,retained,0,0,False,12
mal,mal_0305,61.85978055,excluded_roundtrip_failure,4,0,True,15
mal,mal_0306,88.36044073,excluded_roundtrip_failure,5,1,True,7
mal,mal_0307,82.34967589,retained,0,0,False,11
mal,mal_0308,98.10124636,retained,0,0,False,8
mal,mal_0309,83.97675157,excluded_roundtrip_failure,1,1,True,11
mal,mal_0310,88.70029449,retained,0,0,False,15
mal,mal_0311,84.01597142,excluded_roundtrip_failure,6,1,True,11
mal,mal_0312,87.94941306,retained,0,0,False,17
mal,mal_0313,91.98753238,retained,0,0,False,15
mal,mal_0314,69.6095109,retained,0,0,False,15
mal,mal_0315,88.37572932,retained,0,0,False,12
mal,mal_0316,84.33713317,retained,0,0,False,9
mal,mal_0317,74.3889451,retained,0,0,False,12
mal,mal_0318,58.85038376,excluded_roundtrip_failure,7,1,True,12
mal,mal_0319,96.58656716,retained,0,0,False,11
mal,mal_0320,86.50145531,retained,0,0,False,9
mal,mal_0321,90.46304822,retained,0,0,False,10
mal,mal_0322,92.69781113,retained,0,0,False,13
mal,mal_0323,83.61762762,retained,0,0,False,20
mal,mal_0324,87.87850142,excluded_roundtrip_failure,1,0,True,12
mal,mal_0325,84.12709832,excluded_roundtrip_failure,0,1,True,20
mal,mal_0326,80.72175384,retained,0,0,False,7
mal,mal_0327,83.53640437,retained,0,0,False,8
mal,mal_0328,77.53525972,excluded_roundtrip_failure,8,1,True,13
mal,mal_0329,59.92458463,excluded_roundtrip_failure,2,0,True,6
mal,mal_0330,83.38989019,retained,0,0,False,6
mal,mal_0331,87.56902218,retained,0,0,False,16
mal,mal_0332,94.13869381,excluded_roundtrip_failure,0,1,True,12
mal,mal_0333,83.77730846,retained,0,0,False,5
mal,mal_0334,95.80219388,retained,0,0,False,11
mal,mal_0335,91.7181015,retained,0,0,False,10
mal,mal_0336,81.06072545,excluded_roundtrip_failure,5,1,True,10
mal,mal_0337,81.0552001,excluded_roundtrip_failure,4,0,True,10
mal,mal_0338,90.07798433,retained,0,0,False,9
mal,mal_0339,91.99038744,retained,0,0,False,12
mal,mal_0340,92.32140779,retained,0,0,False,16
mal,mal_0341,91.06687903,retained,0,0,False,18
mal,mal_0342,83.43697786,retained,0,0,False,8
mal,mal_0343,93.00750494,retained,0,0,False,13
mal,mal_0344,90.44987559,excluded_roundtrip_failure,7,0,True,16
mal,mal_0345,64.38804269,excluded_roundtrip_failure,13,0,True,14
mal,mal_0346,63.57458234,retained,0,0,False,8
mal,mal_0347,81.40760064,retained,0,0,False,15
mal,mal_0348,82.11975098,retained,0,0,False,15
mal,mal_0349,73.46559763,retained,0,0,False,18
mal,mal_0350,96.55851126,retained,0,0,False,8
mal,mal_0351,69.40437555,retained,0,0,False,7
mal,mal_0352,63.10651302,retained,0,0,False,9
mal,mal_0353,83.07620883,retained,0,0,False,13
mal,mal_0354,63.56036663,excluded_roundtrip_failure,6,0,True,10
mal,mal_0355,70.83767056,retained,0,0,False,14
mal,mal_0356,78.56324911,retained,0,0,False,6
mal,mal_0357,85.27159691,retained,0,0,False,14
mal,mal_0358,89.49462175,retained,0,0,False,20
mal,mal_0359,90.521878,retained,0,0,False,20
mal,mal_0360,82.41351247,retained,0,0,False,12
mal,mal_0361,70.05916834,excluded_roundtrip_failure,0,5,True,12
mal,mal_0362,88.24753761,retained,0,0,False,13
mal,mal_0363,87.37772703,retained,0,0,False,15
mal,mal_0364,95.30147314,retained,0,0,False,14
mal,mal_0365,92.67328978,excluded_roundtrip_failure,0,4,True,27
mal,mal_0366,81.19304776,retained,0,0,False,15
mal,mal_0367,92.36010909,retained,0,0,False,13
mal,mal_0368,80.61701655,retained,0,0,False,12
mal,mal_0369,94.96585131,retained,0,0,False,10
mal,mal_0370,84.69183445,retained,0,0,False,12
mal,mal_0371,89.89980221,excluded_roundtrip_failure,2,0,True,8
mal,mal_0372,76.68532133,retained,0,0,False,12
mal,mal_0373,92.14465618,retained,0,0,False,12
mal,mal_0374,88.96240592,excluded_roundtrip_failure,0,1,True,11
mal,mal_0375,89.01762962,retained,0,0,False,6
mal,mal_0376,91.16206765,retained,0,0,False,10
mal,mal_0377,73.22977781,retained,0,0,False,6
mal,mal_0378,94.62578893,retained,0,0,False,10
mal,mal_0379,58.79334807,excluded_roundtrip_failure,4,0,True,13
mal,mal_0380,83.21151733,retained,0,0,False,19
mal,mal_0381,75.64152479,excluded_roundtrip_failure,5,1,True,11
mal,mal_0382,93.98627281,retained,0,0,False,14
mal,mal_0383,77.23326087,retained,0,0,False,10
mal,mal_0384,81.18805885,retained,0,0,False,6
mal,mal_0385,90.55839777,excluded_roundtrip_failure,5,0,True,12
mal,mal_0386,85.46547294,excluded_roundtrip_failure,6,0,True,9
mal,mal_0387,67.8799212,retained,0,0,False,10
mal,mal_0388,76.47717595,retained,0,0,False,9
mal,mal_0389,87.19754219,retained,0,0,False,15
mal,mal_0390,93.80944967,retained,0,0,False,12
mal,mal_0391,81.32029772,retained,0,0,False,12
mal,mal_0392,84.68030095,excluded_roundtrip_failure,9,1,True,17
mal,mal_0393,76.89618468,retained,0,0,False,11
mal,mal_0394,69.62562799,excluded_roundtrip_failure,14,0,True,22
mal,mal_0395,57.98498392,excluded_roundtrip_failure,5,0,True,30
mal,mal_0396,85.57207584,excluded_roundtrip_failure,8,0,True,18
mal,mal_0397,86.14369035,retained,0,0,False,12
mal,mal_0398,75.08589625,retained,0,0,False,10
mal,mal_0399,91.96904302,retained,0,0,False,15
mal,mal_0400,58.42946768,excluded_roundtrip_failure,6,2,True,4
mal,mal_0401,62.84739375,excluded_roundtrip_failure,4,0,True,10
mal,mal_0402,84.32090878,retained,0,0,False,21
mal,mal_0403,93.71783733,retained,0,0,False,12
mal,mal_0404,73.87780547,retained,0,0,False,6
mal,mal_0405,96.38463259,retained,0,0,False,9
mal,mal_0406,93.81352067,retained,0,0,False,13
mal,mal_0407,82.78480172,retained,0,0,False,19
mal,mal_0408,73.11306,retained,0,0,False,17
mal,mal_0409,89.63887691,retained,0,0,False,14
mal,mal_0410,78.14213037,retained,0,0,False,9
mal,mal_0411,96.33246064,retained,0,0,False,12
mal,mal_0412,96.36716247,excluded_roundtrip_failure,0,1,True,11
mal,mal_0413,77.47008204,excluded_roundtrip_failure,5,0,True,8
mal,mal_0414,92.65953898,retained,0,0,False,6
mal,mal_0415,97.24360108,retained,0,0,False,7
mal,mal_0416,90.32400846,retained,0,0,False,11
mal,mal_0417,93.90094876,retained,0,0,False,12
mal,mal_0418,73.88923168,retained,0,0,False,11
mal,mal_0419,90.65932631,retained,0,0,False,10
mal,mal_0420,89.08053041,retained,0,0,False,16
mal,mal_0421,82.01175332,retained,0,0,False,5
mal,mal_0422,90.45518041,retained,0,0,False,17
mal,mal_0423,91.86008573,retained,0,0,False,10
mal,mal_0424,85.12734175,retained,0,0,False,15
mal,mal_0425,55.74162006,excluded_roundtrip_failure,3,0,True,11
mal,mal_0426,74.65893626,retained,0,0,False,25
mal,mal_0427,86.43885255,retained,0,0,False,13
mal,mal_0428,90.79641104,retained,0,0,False,21
mal,mal_0429,92.67247915,retained,0,0,False,10
mal,mal_0430,89.75760937,retained,0,0,False,16
mal,mal_0431,90.24147987,retained,0,0,False,17
mal,mal_0432,65.31483531,excluded_roundtrip_failure,14,2,True,21
mal,mal_0433,70.36256194,retained,0,0,False,13
mal,mal_0434,82.01785088,retained,0,0,False,14
mal,mal_0435,77.51071453,excluded_roundtrip_failure,4,0,True,17
mal,mal_0436,97.05917835,retained,0,0,False,5
mal,mal_0437,91.4984107,retained,0,0,False,11
mal,mal_0438,91.5365994,retained,0,0,False,13
mal,mal_0439,87.34943867,retained,0,0,False,16
mal,mal_0440,87.93089986,excluded_roundtrip_failure,2,0,True,14
mal,mal_0441,95.75349092,retained,0,0,False,18
mal,mal_0442,83.31480622,retained,0,0,False,18
mal,mal_0443,60.02413034,retained,0,0,False,4
mal,mal_0444,87.27002144,excluded_roundtrip_failure,3,0,True,8
mal,mal_0445,87.79501319,retained,0,0,False,8
mal,mal_0446,94.86444592,retained,0,0,False,10
mal,mal_0447,93.90835762,retained,0,0,False,16
mal,mal_0448,86.98164821,retained,0,0,False,11
mal,mal_0449,64.32291269,retained,0,0,False,10
mal,mal_0450,84.73737836,retained,0,0,False,16
mal,mal_0451,85.46872139,retained,0,0,False,15
mal,mal_0452,91.27010107,retained,0,0,False,13
mal,mal_0453,93.69161129,retained,0,0,False,7
mal,mal_0454,95.52569389,retained,0,0,False,9
mal,mal_0455,93.91948581,excluded_roundtrip_failure,0,3,True,9
mal,mal_0456,78.27894688,retained,0,0,False,10
mal,mal_0457,77.61759162,excluded_roundtrip_failure,8,0,True,17
mal,mal_0458,60.64243317,excluded_roundtrip_failure,6,0,True,12
mal,mal_0459,77.21020579,excluded_roundtrip_failure,0,2,True,12
mal,mal_0460,85.02595425,retained,0,0,False,13
mal,mal_0461,86.9720459,excluded_roundtrip_failure,3,0,True,13
mal,mal_0462,86.28919125,retained,0,0,False,16
mal,mal_0463,66.7175293,excluded_roundtrip_failure,3,0,True,10
mal,mal_0464,87.37375736,retained,0,0,False,19
mal,mal_0465,59.10856128,retained,0,0,False,3
mal,mal_0466,78.23964953,excluded_roundtrip_failure,2,0,True,8
mal,mal_0467,62.61731982,retained,0,0,False,11
mal,mal_0468,81.12027049,retained,0,0,False,9
mal,mal_0469,77.5200367,retained,0,0,False,9
mal,mal_0470,93.71839762,retained,0,0,False,13
mal,mal_0471,90.48573375,retained,0,0,False,11
mal,mal_0472,76.71273351,retained,0,0,False,3
mal,mal_0473,68.28402877,retained,0,0,False,8
mal,mal_0474,63.29859495,excluded_roundtrip_failure,12,0,True,18
mal,mal_0475,91.33837223,retained,0,0,False,10
mal,mal_0476,67.89274216,retained,0,0,False,7
mal,mal_0477,91.46637321,retained,0,0,False,10
mal,mal_0478,84.07936096,retained,0,0,False,15
mal,mal_0479,92.34160185,retained,0,0,False,14
mal,mal_0480,89.05850649,retained,0,0,False,13
mal,mal_0481,68.95201802,excluded_roundtrip_failure,6,0,True,9
mal,mal_0482,92.77061224,retained,0,0,False,9
mal,mal_0483,82.17454553,retained,0,0,False,17
mal,mal_0484,84.89301205,retained,0,0,False,9
mal,mal_0485,83.39827657,retained,0,0,False,8
mal,mal_0486,93.19722652,retained,0,0,False,7
mal,mal_0487,84.56639647,retained,0,0,False,19
mal,mal_0488,83.39463472,retained,0,0,False,21
mal,mal_0489,95.05553842,retained,0,0,False,17
mal,mal_0490,91.832304,retained,0,0,False,10
mal,mal_0491,78.77721786,excluded_roundtrip_failure,6,0,True,12
mal,mal_0492,85.50046086,excluded_roundtrip_failure,0,1,True,21
mal,mal_0493,69.04399991,retained,0,0,False,8
mal,mal_0494,88.7198329,retained,0,0,False,14
mal,mal_0495,95.9990263,retained,0,0,False,14
mal,mal_0496,68.01676154,excluded_roundtrip_failure,4,0,True,8
mal,mal_0497,77.67783403,retained,0,0,False,13
mal,mal_0498,89.91063833,retained,0,0,False,11
mal,mal_0499,93.92213821,retained,0,0,False,12
mal,mal_0500,80.84949255,retained,0,0,False,17
mal,mal_0501,85.78898311,retained,0,0,False,17
mal,mal_0502,89.44244981,excluded_roundtrip_failure,0,1,True,15
mal,mal_0503,88.59825134,retained,0,0,False,16
mal,mal_0504,94.6212709,retained,0,0,False,12
mal,mal_0505,69.43611503,retained,0,0,False,8
mal,mal_0506,65.66835046,retained,0,0,False,9
mal,mal_0507,78.45670581,excluded_roundtrip_failure,7,0,True,17
mal,mal_0508,92.30473042,excluded_roundtrip_failure,3,0,True,14
mal,mal_0509,72.91839123,excluded_roundtrip_failure,8,1,True,15
mal,mal_0510,80.92842698,retained,0,0,False,17
mal,mal_0511,83.56233835,retained,0,0,False,43
mal,mal_0512,76.52851939,retained,0,0,False,14
mal,mal_0513,88.01980019,retained,0,0,False,17
mal,mal_0514,92.99607277,retained,0,0,False,9
mal,mal_0515,82.37243891,retained,0,0,False,20
mal,mal_0516,90.02199173,retained,0,0,False,16
mal,mal_0517,86.25195622,retained,0,0,False,16
mal,mal_0518,84.77184176,retained,0,0,False,23
mal,mal_0519,78.8405478,retained,0,0,False,7
mal,mal_0520,79.71748114,retained,0,0,False,10
mal,mal_0521,72.26560712,excluded_roundtrip_failure,8,1,True,21
mal,mal_0522,91.14476442,excluded_roundtrip_failure,9,0,True,19
mal,mal_0523,70.1331377,retained,0,0,False,13
mal,mal_0524,81.82249069,excluded_roundtrip_failure,0,1,True,21
mal,mal_0525,83.57911706,retained,0,0,False,6
mal,mal_0526,89.50169086,retained,0,0,False,8
mal,mal_0527,85.76190472,retained,0,0,False,17
mal,mal_0528,88.15671206,retained,0,0,False,17
mal,mal_0529,82.55995512,excluded_roundtrip_failure,4,0,True,8
mal,mal_0530,43.38624477,retained,0,0,False,14
mal,mal_0531,89.3864274,retained,0,0,False,15
mal,mal_0532,90.44571519,retained,0,0,False,28
mal,mal_0533,92.84660816,retained,0,0,False,14
mal,mal_0534,89.63479996,retained,0,0,False,12
mal,mal_0535,61.20379567,excluded_roundtrip_failure,2,0,True,8
mal,mal_0536,88.8571322,excluded_roundtrip_failure,0,1,True,16
mal,mal_0537,81.92781806,retained,0,0,False,16
mal,mal_0538,93.58410835,retained,0,0,False,13
mal,mal_0539,82.07759261,excluded_roundtrip_failure,10,1,True,22
mal,mal_0540,95.42077184,retained,0,0,False,12
mal,mal_0541,89.39707875,retained,0,0,False,9
mal,mal_0542,81.41479492,retained,0,0,False,14
mal,mal_0543,86.57675385,retained,0,0,False,9
mal,mal_0544,87.28423715,retained,0,0,False,13
mal,mal_0545,93.78991723,retained,0,0,False,11
mal,mal_0546,79.14270163,retained,0,0,False,10
mal,mal_0547,81.73744082,retained,0,0,False,17
mal,mal_0548,80.11906147,retained,0,0,False,22
mal,mal_0549,78.56670618,retained,0,0,False,7
mal,mal_0550,77.88900733,excluded_roundtrip_failure,7,0,True,23
mal,mal_0551,83.17711949,excluded_roundtrip_failure,6,1,True,15
mal,mal_0552,80.7698667,excluded_roundtrip_failure,6,0,True,14
mal,mal_0553,78.14897299,retained,0,0,False,26
mal,mal_0554,92.30435491,excluded_roundtrip_failure,0,2,True,12
mal,mal_0555,63.69255781,retained,0,0,False,11
mal,mal_0556,98.21315408,retained,0,0,False,9
mal,mal_0557,94.71013546,retained,0,0,False,21
mal,mal_0558,87.30717301,retained,0,0,False,14
mal,mal_0559,67.7433908,excluded_roundtrip_failure,6,1,True,23
mal,mal_0560,85.2144897,retained,0,0,False,16
mal,mal_0561,68.43825579,excluded_roundtrip_failure,7,0,True,14
mal,mal_0562,72.5997448,retained,0,0,False,15
mal,mal_0563,86.73062325,retained,0,0,False,11
mal,mal_0564,97.41478562,retained,0,0,False,13
mal,mal_0565,95.2326715,retained,0,0,False,6
mal,mal_0566,87.41046786,retained,0,0,False,24
mal,mal_0567,82.56995678,excluded_roundtrip_failure,5,1,True,13
mal,mal_0568,94.914186,retained,0,0,False,9
mal,mal_0569,92.62129664,retained,0,0,False,9
mal,mal_0570,85.48883796,retained,0,0,False,20
mal,mal_0571,52.21095085,excluded_roundtrip_failure,8,2,True,11
mal,mal_0572,85.79009175,excluded_roundtrip_failure,3,0,True,4
mal,mal_0573,82.84564614,retained,0,0,False,9
mal,mal_0574,92.66306162,retained,0,0,False,11
mal,mal_0575,88.70908022,retained,0,0,False,12
mal,mal_0576,94.14609075,retained,0,0,False,13
mal,mal_0577,88.24207783,retained,0,0,False,18
mal,mal_0578,88.59009743,retained,0,0,False,5
mal,mal_0579,89.37242031,retained,0,0,False,12
mal,mal_0580,69.85836029,retained,0,0,False,9
mal,mal_0581,92.37667918,retained,0,0,False,7
mal,mal_0582,92.22861528,retained,0,0,False,13
mal,mal_0583,79.80323434,excluded_roundtrip_failure,8,0,True,14
mal,mal_0584,89.25198317,retained,0,0,False,12
mal,mal_0585,93.50227118,retained,0,0,False,18
mal,mal_0586,88.46842051,retained,0,0,False,12
mal,mal_0587,93.98292303,retained,0,0,False,14
mal,mal_0588,85.0823462,retained,0,0,False,19
mal,mal_0589,81.70539141,retained,0,0,False,17
mal,mal_0590,93.16630363,retained,0,0,False,10
mal,mal_0591,80.08291721,retained,0,0,False,7
mal,mal_0592,92.14417338,excluded_roundtrip_failure,7,0,True,14
mal,mal_0593,80.37497997,retained,0,0,False,10
mal,mal_0594,82.45981932,retained,0,0,False,16
mal,mal_0595,91.5204525,retained,0,0,False,12
mal,mal_0596,73.00282121,retained,0,0,False,10
mal,mal_0597,87.2934401,excluded_roundtrip_failure,3,0,True,12
mal,mal_0598,52.6497364,retained,0,0,False,7
mal,mal_0599,53.4219861,retained,0,0,False,5
mal,mal_0600,78.95655632,retained,0,0,False,14
mal,mal_0601,61.12720966,excluded_roundtrip_failure,7,0,True,15
mal,mal_0602,93.46582294,retained,0,0,False,11
mal,mal_0603,77.66413093,excluded_roundtrip_failure,6,0,True,14
mal,mal_0604,42.63246953,excluded_roundtrip_failure,6,0,True,7
mal,mal_0605,77.44783759,retained,0,0,False,7
mal,mal_0606,96.49884105,retained,0,0,False,8
mal,mal_0607,84.92109179,retained,0,0,False,19
mal,mal_0608,94.5627749,retained,0,0,False,9
mal,mal_0609,93.24133396,retained,0,0,False,16
mal,mal_0610,62.77048588,excluded_roundtrip_failure,0,1,True,11
mal,mal_0611,88.43342662,retained,0,0,False,10
mal,mal_0612,96.10406756,retained,0,0,False,15
mal,mal_0613,94.35907602,retained,0,0,False,11
mal,mal_0614,60.80724001,excluded_roundtrip_failure,8,1,True,13
mal,mal_0615,95.21353245,retained,0,0,False,10
mal,mal_0616,86.76888943,retained,0,0,False,13
mal,mal_0617,79.61005569,retained,0,0,False,22
mal,mal_0618,70.18128037,retained,0,0,False,9
mal,mal_0619,73.89148474,retained,0,0,False,13
mal,mal_0620,79.66224551,retained,0,0,False,6
mal,mal_0621,97.91653752,retained,0,0,False,9
mal,mal_0622,71.37921453,retained,0,0,False,9
mal,mal_0623,85.20509601,retained,0,0,False,17
mal,mal_0624,47.24222422,excluded_roundtrip_failure,5,0,True,12
mal,mal_0625,83.1076026,retained,0,0,False,11
mal,mal_0626,74.66250062,retained,0,0,False,11
mal,mal_0627,91.20438695,retained,0,0,False,17
mal,mal_0628,88.57844472,retained,0,0,False,6
mal,mal_0629,82.58928657,excluded_roundtrip_failure,6,0,True,14
mal,mal_0630,83.61649513,retained,0,0,False,15
mal,mal_0631,89.79805708,retained,0,0,False,12
mal,mal_0632,88.63915801,retained,0,0,False,10
mal,mal_0633,81.81499243,retained,0,0,False,8
mal,mal_0634,80.75560927,excluded_roundtrip_failure,0,2,True,21
mal,mal_0635,87.00338006,retained,0,0,False,15
mal,mal_0636,86.09408736,retained,0,0,False,8
mal,mal_0637,79.95078564,retained,0,0,False,21
mal,mal_0638,80.21486998,retained,0,0,False,25
mal,mal_0639,94.35101151,retained,0,0,False,10
mal,mal_0640,73.36039543,retained,0,0,False,22
mal,mal_0641,84.65844393,retained,0,0,False,10
mal,mal_0642,90.80020189,retained,0,0,False,7
mal,mal_0643,82.73795247,retained,0,0,False,12
mal,mal_0644,92.38154292,retained,0,0,False,14
mal,mal_0645,90.39316773,retained,0,0,False,13
mal,mal_0646,93.32021475,retained,0,0,False,6
mal,mal_0647,87.58090734,excluded_roundtrip_failure,8,0,True,21
mal,mal_0648,92.32032895,retained,0,0,False,15
mal,mal_0649,89.8901701,retained,0,0,False,19
mal,mal_0650,86.28371954,retained,0,0,False,9
mal,mal_0651,91.89342856,retained,0,0,False,14
mal,mal_0652,94.43964958,excluded_roundtrip_failure,2,0,True,9
mal,mal_0653,90.32157063,retained,0,0,False,16
mal,mal_0654,93.36702824,retained,0,0,False,14
mal,mal_0655,73.21504354,excluded_roundtrip_failure,6,0,True,12
mal,mal_0656,89.68509436,retained,0,0,False,14
mal,mal_0657,75.34255981,retained,0,0,False,15
mal,mal_0658,96.32445574,retained,0,0,False,11
mal,mal_0659,80.12863994,retained,0,0,False,19
mal,mal_0660,94.60227489,excluded_roundtrip_failure,0,2,True,20
mal,mal_0661,90.79624414,retained,0,0,False,10
mal,mal_0662,86.28479242,retained,0,0,False,10
mal,mal_0663,93.9099133,retained,0,0,False,12
mal,mal_0664,89.01913166,retained,0,0,False,5
mal,mal_0665,68.27880144,retained,0,0,False,22
mal,mal_0666,94.19521093,retained,0,0,False,20
mal,mal_0667,52.00381875,retained,0,0,False,3
mal,mal_0668,75.59732199,retained,0,0,False,11
mal,mal_0669,88.64071965,retained,0,0,False,8
mal,mal_0670,92.14665294,retained,0,0,False,16
mal,mal_0671,73.50139022,retained,0,0,False,11
mal,mal_0672,86.17200851,retained,0,0,False,11
mal,mal_0673,94.01490092,retained,0,0,False,11
mal,mal_0674,54.85126376,retained,0,0,False,9
mal,mal_0675,80.32315373,retained,0,0,False,10
mal,mal_0676,80.76832891,excluded_roundtrip_failure,5,0,True,17
mal,mal_0677,93.0300355,retained,0,0,False,5
mal,mal_0678,91.61154032,retained,0,0,False,12
mal,mal_0679,86.04394794,retained,0,0,False,13
mal,mal_0680,75.03700256,retained,0,0,False,14
mal,mal_0681,88.1367743,retained,0,0,False,10
mal,mal_0682,86.12650037,retained,0,0,False,12
mal,mal_0683,92.66921282,excluded_roundtrip_failure,2,0,True,11
mal,mal_0684,89.11039233,retained,0,0,False,9
mal,mal_0685,57.2109282,excluded_roundtrip_failure,6,0,True,20
mal,mal_0686,94.16974783,retained,0,0,False,8
mal,mal_0687,92.68169999,retained,0,0,False,12
mal,mal_0688,89.00201321,retained,0,0,False,10
mal,mal_0689,88.65563273,retained,0,0,False,16
mal,mal_0690,87.90605664,retained,0,0,False,15
mal,mal_0691,70.77396512,excluded_roundtrip_failure,9,0,True,15
mal,mal_0692,94.97407675,retained,0,0,False,11
mal,mal_0693,92.41242409,retained,0,0,False,9
mal,mal_0694,89.52617645,retained,0,0,False,12
mal,mal_0695,86.45191789,retained,0,0,False,15
mal,mal_0696,92.62892604,retained,0,0,False,8
mal,mal_0697,95.04837394,retained,0,0,False,19
mal,mal_0698,68.62216592,retained,0,0,False,11
mal,mal_0699,89.40671682,retained,0,0,False,14
mal,mal_0700,89.05851245,retained,0,0,False,14
mal,mal_0701,75.25405884,excluded_roundtrip_failure,9,0,True,10
mal,mal_0702,87.78270483,retained,0,0,False,9
mal,mal_0703,82.02747703,retained,0,0,False,9
mal,mal_0704,94.24453378,retained,0,0,False,8
mal,mal_0705,96.29274011,retained,0,0,False,14
mal,mal_0706,88.20784688,retained,0,0,False,25
mal,mal_0707,75.3210485,retained,0,0,False,14
mal,mal_0708,72.45687842,retained,0,0,False,12
mal,mal_0709,69.27884221,retained,0,0,False,10
mal,mal_0710,94.90080476,retained,0,0,False,14
mal,mal_0711,63.88716102,retained,0,0,False,17
mal,mal_0712,91.584903,retained,0,0,False,15
mal,mal_0713,84.48398709,retained,0,0,False,9
mal,mal_0714,89.29874301,retained,0,0,False,12
mal,mal_0715,68.74153614,retained,0,0,False,18
mal,mal_0716,96.99414372,retained,0,0,False,8
mal,mal_0717,96.46524191,retained,0,0,False,10
mal,mal_0718,72.55550027,excluded_roundtrip_failure,10,0,True,31
mal,mal_0719,64.5398438,excluded_roundtrip_failure,3,0,True,11
mal,mal_0720,83.12271833,excluded_roundtrip_failure,0,3,True,17
mal,mal_0721,66.00831151,retained,0,0,False,7
mal,mal_0722,57.48312473,excluded_roundtrip_failure,11,1,True,13
mal,mal_0723,86.43571138,retained,0,0,False,15
mal,mal_0724,91.08590484,retained,0,0,False,20
mal,mal_0725,88.87656927,excluded_roundtrip_failure,5,0,True,10
mal,mal_0726,95.79741359,retained,0,0,False,12
mal,mal_0727,70.13301849,retained,0,0,False,16
mal,mal_0728,90.32873511,retained,0,0,False,11
mal,mal_0729,95.71008086,excluded_roundtrip_failure,0,1,True,11
mal,mal_0730,90.09398222,retained,0,0,False,8
mal,mal_0731,95.78012824,retained,0,0,False,5
mal,mal_0732,61.53249741,excluded_roundtrip_failure,4,0,True,7
mal,mal_0733,96.48322463,retained,0,0,False,10
mal,mal_0734,76.52029395,retained,0,0,False,20
mal,mal_0735,93.1067884,retained,0,0,False,12
mal,mal_0736,89.16595578,retained,0,0,False,10
mal,mal_0737,83.61460567,retained,0,0,False,38
mal,mal_0738,90.29999375,retained,0,0,False,19
mal,mal_0739,91.93332791,retained,0,0,False,16
mal,mal_0740,91.4414227,retained,0,0,False,19
mal,mal_0741,91.00196362,retained,0,0,False,19
mal,mal_0742,55.87540865,excluded_roundtrip_failure,1,0,True,5
mal,mal_0743,62.75143623,excluded_roundtrip_failure,5,2,True,7
mal,mal_0744,91.60706997,retained,0,0,False,10
mal,mal_0745,71.05815411,excluded_roundtrip_failure,5,0,True,11
mal,mal_0746,66.10146761,excluded_roundtrip_failure,9,0,True,17
mal,mal_0747,67.61172414,excluded_roundtrip_failure,3,0,True,10
mal,mal_0748,85.1680696,excluded_roundtrip_failure,3,0,True,8
mal,mal_0749,76.11219883,retained,0,0,False,18
mal,mal_0750,95.27732134,retained,0,0,False,8
mal,mal_0751,81.1670661,excluded_roundtrip_failure,6,0,True,7
mal,mal_0752,74.73474741,retained,0,0,False,16
mal,mal_0753,70.15643716,retained,0,0,False,5
mal,mal_0754,87.54538894,excluded_roundtrip_failure,12,1,True,16
mal,mal_0755,76.94260478,retained,0,0,False,13
mal,mal_0756,81.3470006,retained,0,0,False,16
mal,mal_0757,86.73609495,retained,0,0,False,15
mal,mal_0758,87.59790659,excluded_roundtrip_failure,6,0,True,14
mal,mal_0759,74.31837916,excluded_roundtrip_failure,6,0,True,7
mal,mal_0760,92.59041548,retained,0,0,False,13
mal,mal_0761,65.3473556,excluded_roundtrip_failure,6,1,True,13
mal,mal_0762,85.99298,retained,0,0,False,16
mal,mal_0763,75.15997887,excluded_roundtrip_failure,7,0,True,14
mal,mal_0764,96.25398517,retained,0,0,False,10
mal,mal_0765,84.99727249,retained,0,0,False,21
mal,mal_0766,90.71707726,retained,0,0,False,19
mal,mal_0767,95.89425921,retained,0,0,False,17
mal,mal_0768,69.39455867,excluded_roundtrip_failure,6,0,True,15
mal,mal_0769,85.64053774,retained,0,0,False,13
mal,mal_0770,82.18945265,retained,0,0,False,15
mal,mal_0771,80.53356409,retained,0,0,False,23
mal,mal_0772,87.95771003,retained,0,0,False,20
mal,mal_0773,89.71645832,retained,0,0,False,7
mal,mal_0774,88.64512444,retained,0,0,False,12
mal,mal_0775,91.50231481,retained,0,0,False,10
mal,mal_0776,92.17482209,excluded_roundtrip_failure,3,0,True,9
mal,mal_0777,84.04076695,retained,0,0,False,15
mal,mal_0778,94.03904676,retained,0,0,False,12
mal,mal_0779,92.53880978,retained,0,0,False,9
mal,mal_0780,95.42974234,excluded_roundtrip_failure,0,1,True,8
mal,mal_0781,94.72980499,retained,0,0,False,10
mal,mal_0782,70.36595941,excluded_roundtrip_failure,4,0,True,13
mal,mal_0783,78.23806405,excluded_roundtrip_failure,12,0,True,17
mal,mal_0784,87.25501895,retained,0,0,False,19
mal,mal_0785,96.75896764,retained,0,0,False,12
mal,mal_0786,90.86284637,excluded_roundtrip_failure,2,0,True,9
mal,mal_0787,71.68014646,retained,0,0,False,11
mal,mal_0788,93.89722943,retained,0,0,False,17
mal,mal_0789,79.33794856,retained,0,0,False,17
mal,mal_0790,80.3837359,retained,0,0,False,6
mal,mal_0791,74.00977015,retained,0,0,False,7
mal,mal_0792,73.37197065,retained,0,0,False,10
mal,mal_0793,87.86128759,retained,0,0,False,9
mal,mal_0794,59.60350633,excluded_roundtrip_failure,3,0,True,14
mal,mal_0795,56.37206435,retained,0,0,False,9
mal,mal_0796,92.63272882,retained,0,0,False,14
mal,mal_0797,94.84465718,retained,0,0,False,15
mal,mal_0798,60.54994464,excluded_roundtrip_failure,6,0,True,8
mal,mal_0799,94.61349845,retained,0,0,False,9
mal,mal_0800,81.32404685,retained,0,0,False,16
mal,mal_0801,83.15888047,retained,0,0,False,5
mal,mal_0802,83.59348774,retained,0,0,False,16
mal,mal_0803,89.41865563,excluded_roundtrip_failure,7,0,True,13
mal,mal_0804,86.72297001,retained,0,0,False,6
mal,mal_0805,87.01913953,retained,0,0,False,17
mal,mal_0806,93.69045496,retained,0,0,False,15
mal,mal_0807,85.33002734,excluded_roundtrip_failure,10,0,True,20
mal,mal_0808,81.55602813,retained,0,0,False,24
mal,mal_0809,78.12839746,retained,0,0,False,11
mal,mal_0810,85.45513749,excluded_roundtrip_failure,7,0,True,20
mal,mal_0811,69.18631792,retained,0,0,False,10
mal,mal_0812,81.35851026,retained,0,0,False,9
mal,mal_0813,72.92810678,excluded_roundtrip_failure,4,0,True,9
mal,mal_0814,79.32394743,retained,0,0,False,4
mal,mal_0815,82.57222176,retained,0,0,False,16
mal,mal_0816,92.04605222,retained,0,0,False,13
mal,mal_0817,87.61674762,excluded_roundtrip_failure,5,0,True,9
mal,mal_0818,59.93772745,excluded_roundtrip_failure,8,0,True,11
mal,mal_0819,69.20233369,retained,0,0,False,8
mal,mal_0820,91.18461609,retained,0,0,False,12
mal,mal_0821,81.14336729,retained,0,0,False,21
mal,mal_0822,82.39298463,retained,0,0,False,17
mal,mal_0823,94.49734092,retained,0,0,False,7
mal,mal_0824,97.05917835,retained,0,0,False,5
mal,mal_0825,93.39663982,retained,0,0,False,11
mal,mal_0826,80.45443296,retained,0,0,False,14
mal,mal_0827,80.33339381,excluded_roundtrip_failure,3,0,True,19
mal,mal_0828,80.51546216,retained,0,0,False,13
mal,mal_0829,93.82143617,retained,0,0,False,10
mal,mal_0830,79.62090373,excluded_roundtrip_failure,3,0,True,15
mal,mal_0831,44.08862889,retained,0,0,False,4
mal,mal_0832,86.56349182,retained,0,0,False,9
mal,mal_0833,83.93148184,excluded_roundtrip_failure,1,0,True,11
mal,mal_0834,88.57035041,retained,0,0,False,13
mal,mal_0835,93.16885471,retained,0,0,False,20
mal,mal_0836,91.89475775,retained,0,0,False,21
mal,mal_0837,87.78880835,retained,0,0,False,7
mal,mal_0838,85.28282642,excluded_roundtrip_failure,9,0,True,17
mal,mal_0839,93.53542924,retained,0,0,False,9
mal,mal_0840,75.61787963,excluded_roundtrip_failure,6,0,True,13
mal,mal_0841,92.54530072,retained,0,0,False,12
mal,mal_0842,93.13523173,retained,0,0,False,21
mal,mal_0843,86.08849049,retained,0,0,False,15
mal,mal_0844,66.14131331,excluded_roundtrip_failure,5,1,True,18
mal,mal_0845,82.80308247,retained,0,0,False,16
mal,mal_0846,93.23145747,retained,0,0,False,12
mal,mal_0847,73.73792529,retained,0,0,False,11
mal,mal_0848,92.6242888,retained,0,0,False,19
mal,mal_0849,56.86152577,retained,0,0,False,8
mal,mal_0850,97.3282516,retained,0,0,False,9
mal,mal_0851,59.88405347,retained,0,0,False,4
mal,mal_0852,64.12973404,excluded_roundtrip_failure,3,0,True,11
mal,mal_0853,67.88098812,retained,0,0,False,17
mal,mal_0854,80.32723069,retained,0,0,False,7
mal,mal_0855,96.04200721,retained,0,0,False,17
mal,mal_0856,92.90187955,retained,0,0,False,12
mal,mal_0857,92.03405976,retained,0,0,False,17
mal,mal_0858,90.35425186,retained,0,0,False,11
mal,mal_0859,78.50785851,retained,0,0,False,9
mal,mal_0860,72.79698253,retained,0,0,False,9
mal,mal_0861,68.62131953,excluded_roundtrip_failure,5,0,True,7
mal,mal_0862,83.8303268,retained,0,0,False,10
mal,mal_0863,90.28813839,retained,0,0,False,14
mal,mal_0864,93.14371347,retained,0,0,False,21
mal,mal_0865,96.44190669,retained,0,0,False,12
mal,mal_0866,86.17733717,excluded_roundtrip_failure,0,2,True,15
mal,mal_0867,95.22619843,retained,0,0,False,10
mal,mal_0868,80.22338748,retained,0,0,False,6
mal,mal_0869,83.47124457,retained,0,0,False,11
mal,mal_0870,78.96487117,retained,0,0,False,22
mal,mal_0871,79.97664809,retained,0,0,False,17
mal,mal_0872,90.22410512,retained,0,0,False,11
mal,mal_0873,88.69899511,retained,0,0,False,19
mal,mal_0874,89.42267299,excluded_roundtrip_failure,4,2,True,15
mal,mal_0875,90.05854726,retained,0,0,False,10
mal,mal_0876,93.98647547,excluded_roundtrip_failure,5,0,True,11
mal,mal_0877,88.26034069,retained,0,0,False,13
mal,mal_0878,89.70325589,retained,0,0,False,13
mal,mal_0879,90.88345766,retained,0,0,False,10
mal,mal_0880,84.72569585,excluded_roundtrip_failure,4,0,True,12
mal,mal_0881,73.87966514,retained,0,0,False,10
mal,mal_0882,63.0266726,retained,0,0,False,3
mal,mal_0883,90.84358215,retained,0,0,False,16
mal,mal_0884,45.01039684,retained,0,0,False,2
mal,mal_0885,85.52809358,retained,0,0,False,13
mal,mal_0886,92.34069586,retained,0,0,False,20
mal,mal_0887,81.74356818,retained,0,0,False,9
mal,mal_0888,86.30754948,excluded_roundtrip_failure,4,0,True,11
mal,mal_0889,76.47530437,retained,0,0,False,9
mal,mal_0890,88.55083585,retained,0,0,False,16
mal,mal_0891,75.73541403,excluded_roundtrip_failure,6,0,True,12
mal,mal_0892,89.96674418,retained,0,0,False,4
mal,mal_0893,80.07605672,excluded_roundtrip_failure,7,0,True,8
mal,mal_0894,91.80219769,retained,0,0,False,18
mal,mal_0895,90.31196833,retained,0,0,False,8
mal,mal_0896,92.4533844,retained,0,0,False,10
mal,mal_0897,65.86762667,retained,0,0,False,5
mal,mal_0898,72.77812958,excluded_roundtrip_failure,2,0,True,8
mal,mal_0899,84.52656865,retained,0,0,False,5
mal,mal_0900,82.25755095,retained,0,0,False,14
mal,mal_0901,80.51050901,retained,0,0,False,5
mal,mal_0902,66.78169966,excluded_roundtrip_failure,8,1,True,11
mal,mal_0903,91.87892079,retained,0,0,False,12
mal,mal_0904,89.31734562,retained,0,0,False,8
mal,mal_0905,84.24764872,retained,0,0,False,10
mal,mal_0906,98.71070385,retained,0,0,False,7
mal,mal_0907,88.95174861,excluded_roundtrip_failure,3,0,True,7
mal,mal_0908,90.81248045,retained,0,0,False,13
mal,mal_0909,93.6522007,excluded_roundtrip_failure,4,0,True,10
mal,mal_0910,71.59053683,retained,0,0,False,14
mal,mal_0911,92.83744693,excluded_roundtrip_failure,1,0,True,5
mal,mal_0912,81.87608123,retained,0,0,False,6
mal,mal_0913,93.2068944,excluded_roundtrip_failure,7,1,True,10
mal,mal_0914,84.07375216,retained,0,0,False,17
mal,mal_0915,75.68252087,retained,0,0,False,17
mal,mal_0916,92.33932495,retained,0,0,False,17
mal,mal_0917,64.09391165,excluded_roundtrip_failure,3,0,True,9
mal,mal_0918,92.40967631,retained,0,0,False,10
mal,mal_0919,78.52289081,retained,0,0,False,13
mal,mal_0920,86.27182841,retained,0,0,False,14
mal,mal_0921,78.45466137,excluded_roundtrip_failure,7,1,True,16
mal,mal_0922,89.66342807,excluded_roundtrip_failure,4,0,True,9
mal,mal_0923,92.22132564,retained,0,0,False,19
mal,mal_0924,87.17924953,retained,0,0,False,20
mal,mal_0925,85.24591923,retained,0,0,False,9
mal,mal_0926,88.53368163,excluded_roundtrip_failure,1,1,True,17
mal,mal_0927,89.24728632,retained,0,0,False,18
mal,mal_0928,84.4194293,retained,0,0,False,16
mal,mal_0929,83.9441359,retained,0,0,False,9
mal,mal_0930,89.35207129,retained,0,0,False,11
mal,mal_0931,85.78836918,retained,0,0,False,25
mal,mal_0932,92.58831143,excluded_roundtrip_failure,0,1,True,21
mal,mal_0933,90.78182578,excluded_roundtrip_failure,2,0,True,17
mal,mal_0934,91.24783278,retained,0,0,False,12
mal,mal_0935,90.68226814,retained,0,0,False,15
mal,mal_0936,95.79474926,retained,0,0,False,8
mal,mal_0937,87.17925549,retained,0,0,False,15
mal,mal_0938,76.39366984,excluded_roundtrip_failure,0,2,True,14
mal,mal_0939,79.49767709,retained,0,0,False,17
mal,mal_0940,94.39970255,retained,0,0,False,18
mal,mal_0941,93.26046109,retained,0,0,False,8
mal,mal_0942,92.23977923,excluded_roundtrip_failure,5,0,True,7
mal,mal_0943,94.38185096,retained,0,0,False,6
mal,mal_0944,84.18755531,retained,0,0,False,21
mal,mal_0945,79.67060804,retained,0,0,False,23
mal,mal_0946,92.9964602,retained,0,0,False,10
mal,mal_0947,86.95195913,retained,0,0,False,16
mal,mal_0948,88.68241906,retained,0,0,False,15
mal,mal_0949,51.77105665,excluded_roundtrip_failure,4,0,True,9
mal,mal_0950,82.33691454,retained,0,0,False,21
mal,mal_0951,53.80122066,excluded_roundtrip_failure,4,0,True,7
mal,mal_0952,77.32872963,retained,0,0,False,10
mal,mal_0953,80.37263155,excluded_roundtrip_failure,4,1,True,10
mal,mal_0954,83.42856765,retained,0,0,False,20
mal,mal_0955,94.67859268,retained,0,0,False,8
mal,mal_0956,91.04783535,retained,0,0,False,9
mal,mal_0957,84.62818265,excluded_roundtrip_failure,2,0,True,12
mal,mal_0958,84.40582156,retained,0,0,False,10
mal,mal_0959,91.5204227,retained,0,0,False,11
mal,mal_0960,91.71785712,retained,0,0,False,9
mal,mal_0961,94.9521184,retained,0,0,False,16
mal,mal_0962,62.65474558,excluded_roundtrip_failure,1,0,True,5
mal,mal_0963,84.99776721,retained,0,0,False,9
mal,mal_0964,87.40150928,retained,0,0,False,16
mal,mal_0965,77.79419422,retained,0,0,False,13
mal,mal_0966,67.66723394,retained,0,0,False,8
mal,mal_0967,86.82106137,excluded_roundtrip_failure,4,0,True,10
mal,mal_0968,80.33149838,excluded_roundtrip_failure,2,0,True,11
mal,mal_0969,92.16072559,retained,0,0,False,15
mal,mal_0970,68.52329969,retained,0,0,False,13
mal,mal_0971,92.24221706,retained,0,0,False,19
mal,mal_0972,75.94047785,retained,0,0,False,12
mal,mal_0973,81.26050234,retained,0,0,False,13
mal,mal_0974,93.60165,retained,0,0,False,19
mal,mal_0975,96.39722109,retained,0,0,False,6
mal,mal_0976,88.80820274,retained,0,0,False,22
mal,mal_0977,90.75952768,retained,0,0,False,13
mal,mal_0978,91.54468179,retained,0,0,False,12
mal,mal_0979,94.51341033,excluded_roundtrip_failure,3,0,True,10
mal,mal_0980,66.14895463,retained,0,0,False,16
mal,mal_0981,92.27196574,retained,0,0,False,9
mal,mal_0982,90.14744759,retained,0,0,False,13
mal,mal_0983,91.50916338,retained,0,0,False,12
mal,mal_0984,94.07206178,retained,0,0,False,17
mal,mal_0985,93.74195933,retained,0,0,False,10
mal,mal_0986,87.0862186,retained,0,0,False,14
mal,mal_0987,85.10345817,retained,0,0,False,8
mal,mal_0988,91.7930603,retained,0,0,False,10
mal,mal_0989,90.61713219,retained,0,0,False,18
mal,mal_0990,87.55185008,retained,0,0,False,19
mal,mal_0991,71.88584208,excluded_roundtrip_failure,8,0,True,11
mal,mal_0992,69.25017238,excluded_roundtrip_failure,5,0,True,15
mal,mal_0993,81.36386275,retained,0,0,False,11
mal,mal_0994,85.16728878,excluded_roundtrip_failure,0,1,True,16
mal,mal_0995,84.0892911,retained,0,0,False,9
mal,mal_0996,94.58009005,retained,0,0,False,13
mal,mal_0997,81.23369813,excluded_roundtrip_failure,7,0,True,15
mal,mal_0998,70.77209949,excluded_roundtrip_failure,10,0,True,20
mal,mal_0999,89.36326504,retained,0,0,False,16
mal,mal_1000,88.07742596,retained,0,0,False,18
mal,mal_1001,96.18310332,retained,0,0,False,6
mal,mal_1002,84.07683969,retained,0,0,False,35
mal,mal_1003,88.43562603,retained,0,0,False,19
mal,mal_1004,90.92754722,retained,0,0,False,11
mal,mal_1005,85.90021729,retained,0,0,False,6
mal,mal_1006,60.2257669,excluded_roundtrip_failure,4,0,True,7
mal,mal_1007,96.49093747,retained,0,0,False,10
mal,mal_1008,89.14772272,retained,0,0,False,5
mal,mal_1009,74.19561744,excluded_roundtrip_failure,4,0,True,14
mal,mal_1010,92.71661043,excluded_roundtrip_failure,5,0,True,7
mal,mal_1011,81.41442537,excluded_roundtrip_failure,3,1,True,11
mal,mal_1012,83.16224217,excluded_roundtrip_failure,6,0,True,13
mal,mal_1013,69.32270527,excluded_roundtrip_failure,7,0,True,12
mal,mal_1014,84.43596363,excluded_roundtrip_failure,4,0,True,11
mal,mal_1015,50.95095634,retained,0,0,False,8
mal,mal_1016,96.02335095,retained,0,0,False,5
mal,mal_1017,75.46756864,excluded_roundtrip_failure,5,0,True,7
mal,mal_1018,71.6027081,retained,0,0,False,23
mal,mal_1019,90.66693187,retained,0,0,False,10
mal,mal_1020,66.58806801,excluded_roundtrip_failure,3,0,True,5
mal,mal_1021,58.02483559,excluded_roundtrip_failure,5,0,True,12
mal,mal_1022,85.38250923,retained,0,0,False,9
mal,mal_1023,89.89412189,retained,0,0,False,12
mal,mal_1024,91.84600115,retained,0,0,False,16
mal,mal_1025,82.49957561,excluded_roundtrip_failure,4,0,True,10
mal,mal_1026,74.79088306,retained,0,0,False,13
mal,mal_1027,84.66946483,excluded_roundtrip_failure,1,0,True,5
mal,mal_1028,98.71070981,retained,0,0,False,7
mal,mal_1029,75.96074939,retained,0,0,False,24
mal,mal_1030,73.26229811,excluded_roundtrip_failure,2,0,True,10
mal,mal_1031,81.03664517,retained,0,0,False,16
mal,mal_1032,93.44221354,retained,0,0,False,17
mal,mal_1033,82.93913007,excluded_roundtrip_failure,3,0,True,5
mal,mal_1034,72.99110293,retained,0,0,False,21
mal,mal_1035,82.69004822,excluded_roundtrip_failure,6,0,True,13
mal,mal_1036,83.38450193,excluded_roundtrip_failure,7,0,True,12
mal,mal_1037,96.84029222,retained,0,0,False,8
mal,mal_1038,95.056355,retained,0,0,False,11
mal,mal_1039,53.76764536,excluded_roundtrip_failure,5,0,True,12
mal,mal_1040,86.09873056,retained,0,0,False,16
mal,mal_1041,81.53860569,retained,0,0,False,22
mal,mal_1042,82.56658316,retained,0,0,False,10
mal,mal_1043,94.10945773,retained,0,0,False,10
mal,mal_1044,87.83470392,retained,0,0,False,8
mal,mal_1045,77.16539502,retained,0,0,False,17
mal,mal_1046,84.75574255,retained,0,0,False,15
mal,mal_1047,79.49994206,excluded_roundtrip_failure,5,0,True,6
mal,mal_1048,79.56389785,excluded_roundtrip_failure,8,0,True,14
mal,mal_1049,90.72472453,retained,0,0,False,12
mal,mal_1050,77.74124146,retained,0,0,False,7
mal,mal_1051,73.40410352,excluded_roundtrip_failure,6,1,True,13
mal,mal_1052,78.77045274,retained,0,0,False,8
mal,mal_1053,87.73896694,retained,0,0,False,12
mal,mal_1054,69.64865327,excluded_roundtrip_failure,11,0,True,15
mal,mal_1055,76.03386641,retained,0,0,False,14
mal,mal_1056,93.78975034,retained,0,0,False,10
mal,mal_1057,92.40763783,retained,0,0,False,12
mal,mal_1058,71.84717059,retained,0,0,False,19
mal,mal_1059,92.29094982,retained,0,0,False,11
mal,mal_1060,92.80290604,retained,0,0,False,9
mal,mal_1061,83.51828456,retained,0,0,False,11
mal,mal_1062,95.96399069,retained,0,0,False,9
mal,mal_1063,81.59083724,retained,0,0,False,7
mal,mal_1064,95.5047071,retained,0,0,False,21
mal,mal_1065,63.35920095,retained,0,0,False,9
mal,mal_1066,73.02129269,retained,0,0,False,16
mal,mal_1067,93.66822839,retained,0,0,False,19
mal,mal_1068,96.91725969,retained,0,0,False,7
mal,mal_1069,47.38386273,excluded_roundtrip_failure,5,0,True,7
mal,mal_1070,64.32933807,retained,0,0,False,15
mal,mal_1071,75.30192137,retained,0,0,False,17
mal,mal_1072,89.29296732,retained,0,0,False,19
mal,mal_1073,92.15189815,retained,0,0,False,11
mal,mal_1074,92.36183763,excluded_roundtrip_failure,0,1,True,18
mal,mal_1075,90.21944404,retained,0,0,False,16
mal,mal_1076,88.91071081,excluded_roundtrip_failure,0,1,True,11
mal,mal_1077,88.31686378,retained,0,0,False,6
mal,mal_1078,81.57199621,excluded_roundtrip_failure,3,0,True,6
mal,mal_1079,90.60539007,retained,0,0,False,6
mal,mal_1080,93.0868268,retained,0,0,False,11
mal,mal_1081,82.09865093,retained,0,0,False,11
mal,mal_1082,82.82060623,retained,0,0,False,5
mal,mal_1083,85.41909456,retained,0,0,False,13
mal,mal_1084,87.86867261,retained,0,0,False,12
mal,mal_1085,94.13552284,retained,0,0,False,10
mal,mal_1086,75.95718503,retained,0,0,False,14
mal,mal_1087,91.97759628,retained,0,0,False,14
mal,mal_1088,79.46430445,retained,0,0,False,12
mal,mal_1089,94.21380758,retained,0,0,False,16
mal,mal_1090,92.52689481,retained,0,0,False,20
mal,mal_1091,80.55053353,excluded_roundtrip_failure,0,1,True,16
mal,mal_1092,95.56364417,retained,0,0,False,9
mal,mal_1093,84.43816304,retained,0,0,False,14
mal,mal_1094,82.26346374,retained,0,0,False,9
mal,mal_1095,91.05100632,excluded_roundtrip_failure,1,0,True,12
mal,mal_1096,89.18028474,retained,0,0,False,12
mal,mal_1097,79.42672372,retained,0,0,False,21
mal,mal_1098,91.13153815,retained,0,0,False,9
mal,mal_1099,95.4061389,retained,0,0,False,7
mal,mal_1100,72.57142067,retained,0,0,False,10
mal,mal_1101,68.89724731,excluded_roundtrip_failure,4,0,True,13
mal,mal_1102,80.17253876,retained,0,0,False,7
mal,mal_1103,89.34627771,excluded_roundtrip_failure,0,1,True,17
mal,mal_1104,80.61128259,retained,0,0,False,19
mal,mal_1105,97.3282516,retained,0,0,False,9
mal,mal_1107,88.14466,excluded_roundtrip_failure,0,2,True,8
mal,mal_1108,82.65037537,retained,0,0,False,16
mal,mal_1109,67.0902431,excluded_roundtrip_failure,8,0,True,20
mal,mal_1110,97.91703224,retained,0,0,False,7
mal,mal_1111,88.46289515,retained,0,0,False,15
mal,mal_1112,95.50470114,retained,0,0,False,21
mal,mal_1113,90.69654942,retained,0,0,False,16
mal,mal_1114,80.97050786,retained,0,0,False,16
mal,mal_1115,59.81886387,retained,0,0,False,9
mal,mal_1116,88.82508874,retained,0,0,False,10
mal,mal_1117,85.6492877,retained,0,0,False,16
mal,mal_1118,92.63684154,retained,0,0,False,12
mal,mal_1119,87.29729652,retained,0,0,False,13
mal,mal_1120,86.51200533,retained,0,0,False,7
mal,mal_1121,94.62138414,retained,0,0,False,16
mal,mal_1122,72.50400782,retained,0,0,False,31
mal,mal_1123,91.51011109,retained,0,0,False,11
mal,mal_1124,79.69552279,retained,0,0,False,17
mal,mal_1125,84.01610255,retained,0,0,False,11
mal,mal_1126,90.72301984,retained,0,0,False,11
mal,mal_1127,93.51279736,retained,0,0,False,5
mal,mal_1128,84.4656527,retained,0,0,False,8
mal,mal_1129,82.9900682,retained,0,0,False,16
mal,mal_1130,80.27109504,retained,0,0,False,9
mal,mal_1131,67.94930696,excluded_roundtrip_failure,3,0,True,5
mal,mal_1132,88.34608197,retained,0,0,False,15
mal,mal_1133,89.15029168,retained,0,0,False,15
mal,mal_1134,45.64933181,retained,0,0,False,4
mal,mal_1135,71.63117528,retained,0,0,False,28
mal,mal_1136,77.49807835,retained,0,0,False,8
mal,mal_1137,52.53052115,retained,0,0,False,16
mal,mal_1138,69.99172568,excluded_roundtrip_failure,7,0,True,17
mal,mal_1139,65.64896703,excluded_roundtrip_failure,5,0,True,8
mal,mal_1140,92.13246703,retained,0,0,False,8
mal,mal_1141,72.50389457,excluded_roundtrip_failure,1,0,True,8
mal,mal_1142,87.06814051,retained,0,0,False,16
mal,mal_1143,68.14086437,excluded_roundtrip_failure,6,1,True,19
mal,mal_1144,95.46449184,retained,0,0,False,11
mal,mal_1145,83.68688822,retained,0,0,False,6
mal,mal_1146,93.51744056,retained,0,0,False,11
mal,mal_1147,63.21737766,excluded_roundtrip_failure,7,0,True,10
mal,mal_1148,96.5711832,retained,0,0,False,5
mal,mal_1149,93.90517473,retained,0,0,False,17
mal,mal_1150,91.59840941,retained,0,0,False,9
mal,mal_1151,72.00725079,retained,0,0,False,13
mal,mal_1152,87.58211136,retained,0,0,False,7
mal,mal_1153,95.70609927,retained,0,0,False,14
mal,mal_1154,92.54707694,retained,0,0,False,9
mal,mal_1155,73.94729853,retained,0,0,False,19
mal,mal_1156,92.40048528,retained,0,0,False,16
mal,mal_1157,67.63094068,excluded_roundtrip_failure,10,0,True,16
mal,mal_1158,84.96493101,retained,0,0,False,20
mal,mal_1159,59.31935906,excluded_roundtrip_failure,6,0,True,14
mal,mal_1160,84.88789201,excluded_roundtrip_failure,0,1,True,16
mal,mal_1161,78.08360457,excluded_roundtrip_failure,10,0,True,23
mal,mal_1162,84.22822356,retained,0,0,False,13
mal,mal_1163,95.10321617,excluded_roundtrip_failure,0,1,True,16
mal,mal_1164,82.30381012,retained,0,0,False,7
mal,mal_1165,84.36517119,retained,0,0,False,9
mal,mal_1166,85.76669097,retained,0,0,False,9
mal,mal_1167,82.99528956,retained,0,0,False,11
mal,mal_1168,94.09894347,retained,0,0,False,11
mal,mal_1169,53.98276448,retained,0,0,False,5
mal,mal_1170,92.02706218,retained,0,0,False,15
mal,mal_1171,93.26874614,retained,0,0,False,13
mal,mal_1172,89.10745978,retained,0,0,False,14
mal,mal_1173,93.54524016,retained,0,0,False,12
mal,mal_1174,77.38078237,retained,0,0,False,11
mal,mal_1175,95.70652246,excluded_roundtrip_failure,0,3,True,10
mal,mal_1176,92.9160893,retained,0,0,False,21
mal,mal_1177,90.75035453,retained,0,0,False,14
mal,mal_1178,83.14684033,retained,0,0,False,18
mal,mal_1179,86.85271144,retained,0,0,False,17
mal,mal_1180,92.06721783,retained,0,0,False,17
mal,mal_1181,89.50558305,retained,0,0,False,16
mal,mal_1182,77.0504117,retained,0,0,False,16
mal,mal_1183,87.9008472,excluded_roundtrip_failure,5,0,True,11
mal,mal_1184,81.17041588,excluded_roundtrip_failure,9,0,True,11
mal,mal_1185,81.4768374,excluded_roundtrip_failure,5,1,True,8
mal,mal_1186,90.81987739,excluded_roundtrip_failure,5,0,True,9
mal,mal_1187,71.50844336,retained,0,0,False,7
mal,mal_1188,96.48848176,excluded_roundtrip_failure,3,0,True,6
mal,mal_1189,94.41835284,retained,0,0,False,8
mal,mal_1190,93.70141625,retained,0,0,False,7
mal,mal_1191,85.68971753,excluded_roundtrip_failure,6,1,True,9
mal,mal_1192,72.38485217,retained,0,0,False,17
mal,mal_1193,85.80165505,retained,0,0,False,10
mal,mal_1194,87.25250363,retained,0,0,False,8
mal,mal_1195,72.16293812,retained,0,0,False,8
mal,mal_1196,88.3795619,retained,0,0,False,15
mal,mal_1197,93.85315776,excluded_roundtrip_failure,2,0,True,6
mal,mal_1198,95.85704803,retained,0,0,False,11
mal,mal_1199,87.30685711,retained,0,0,False,14
mal,mal_1200,88.294065,retained,0,0,False,23
mal,mal_1201,63.99185061,excluded_roundtrip_failure,3,0,True,6
mal,mal_1202,90.13293982,excluded_roundtrip_failure,0,2,True,15
mal,mal_1203,89.15237784,retained,0,0,False,20
mal,mal_1204,76.53777003,retained,0,0,False,15
mal,mal_1205,92.74786711,retained,0,0,False,15
mal,mal_1206,91.13039374,retained,0,0,False,12
mal,mal_1207,86.93347573,retained,0,0,False,15
mal,mal_1208,61.7947042,excluded_roundtrip_failure,11,0,True,13
mal,mal_1209,89.58050013,retained,0,0,False,11
mal,mal_1210,85.41597128,retained,0,0,False,10
mal,mal_1211,88.58694434,retained,0,0,False,25
mal,mal_1212,90.97673893,retained,0,0,False,16
mal,mal_1213,92.73175001,retained,0,0,False,12
mal,mal_1214,88.57825398,retained,0,0,False,8
mal,mal_1215,88.12910318,retained,0,0,False,14
mal,mal_1216,91.1639452,retained,0,0,False,12
mal,mal_1217,90.25227427,retained,0,0,False,20
mal,mal_1218,93.95424724,retained,0,0,False,15
mal,mal_1219,86.04102731,retained,0,0,False,11
mal,mal_1220,95.82077265,retained,0,0,False,7
mal,mal_1221,92.99560189,retained,0,0,False,5
mal,mal_1222,96.02335095,retained,0,0,False,5
mal,mal_1223,92.99325347,retained,0,0,False,25
mal,mal_1224,94.095397,retained,0,0,False,10
mal,mal_1225,69.13251877,retained,0,0,False,5
mal,mal_1226,90.55789113,retained,0,0,False,16
mal,mal_1227,94.30610538,retained,0,0,False,10
mal,mal_1228,92.73478389,retained,0,0,False,18
mal,mal_1229,81.30472302,retained,0,0,False,11
mal,mal_1230,87.23115325,retained,0,0,False,14
mal,mal_1231,91.82741642,retained,0,0,False,17
mal,mal_1232,76.55546069,retained,0,0,False,6
mal,mal_1233,91.5056169,retained,0,0,False,16
mal,mal_1234,96.56282067,retained,0,0,False,11
mal,mal_1235,94.04966831,retained,0,0,False,10
mal,mal_1236,79.94091511,retained,0,0,False,14
mal,mal_1237,70.75859308,retained,0,0,False,15
mal,mal_1238,78.09079289,retained,0,0,False,9
mal,mal_1239,83.52992535,retained,0,0,False,18
mal,mal_1240,91.79885387,retained,0,0,False,16
mal,mal_1241,84.74010229,retained,0,0,False,16
mal,mal_1242,83.21487904,retained,0,0,False,12
mal,mal_1243,88.20745349,retained,0,0,False,10
mal,mal_1244,92.56004691,retained,0,0,False,15
mal,mal_1245,87.75205612,retained,0,0,False,13
mal,mal_1246,86.23820543,retained,0,0,False,11
mal,mal_1247,89.40905929,retained,0,0,False,17
mal,mal_1248,88.31186891,retained,0,0,False,12
mal,mal_1249,94.63767409,retained,0,0,False,13
mal,mal_1250,97.57805467,retained,0,0,False,9
mal,mal_1251,94.45498586,retained,0,0,False,7
mal,mal_1252,95.04817128,retained,0,0,False,15
mal,mal_1253,90.7207191,retained,0,0,False,7
mal,mal_1254,83.49692225,retained,0,0,False,10
mal,mal_1255,90.04656076,retained,0,0,False,19
mal,mal_1256,88.44556212,retained,0,0,False,7
mal,mal_1257,88.25091124,retained,0,0,False,19
mal,mal_1258,89.76240754,retained,0,0,False,10
mal,mal_1259,83.74261856,retained,0,0,False,11
mal,mal_1260,93.30793619,retained,0,0,False,13
mal,mal_1261,91.29585624,retained,0,0,False,10
mal,mal_1262,83.11257362,retained,0,0,False,14
mal,mal_1263,93.92223954,retained,0,0,False,13
mal,mal_1264,88.22211623,retained,0,0,False,19
mal,mal_1265,83.93859863,retained,0,0,False,9
mal,mal_1266,97.58284092,retained,0,0,False,17
mal,mal_1267,87.55723834,retained,0,0,False,18
mal,mal_1268,88.51988316,retained,0,0,False,8
mal,mal_1269,87.16621995,retained,0,0,False,20
mal,mal_1270,83.0776155,retained,0,0,False,13
mal,mal_1271,78.82157564,retained,0,0,False,19
mal,mal_1272,90.13361335,retained,0,0,False,10
mal,mal_1273,90.5916214,retained,0,0,False,6
mal,mal_1274,90.93978405,retained,0,0,False,13
mal,mal_1275,92.52910018,retained,0,0,False,21
mal,mal_1276,83.73610377,retained,0,0,False,9
mal,mal_1277,94.01805401,retained,0,0,False,6
mal,mal_1278,88.81006241,retained,0,0,False,13
mal,mal_1279,86.84131503,retained,0,0,False,19
mal,mal_1280,87.79547215,retained,0,0,False,7
mal,mal_1281,83.31840634,retained,0,0,False,11
mal,mal_1282,88.88047338,retained,0,0,False,21
mal,mal_1283,90.03190398,retained,0,0,False,13
mal,mal_1284,87.40520477,retained,0,0,False,8
mal,mal_1285,93.54524016,retained,0,0,False,12
mal,mal_1286,94.19795871,retained,0,0,False,10
mal,mal_1287,88.41445446,retained,0,0,False,19
mal,mal_1288,93.69549155,retained,0,0,False,11
mal,mal_1289,81.77390695,retained,0,0,False,22
mal,mal_1290,89.50252533,retained,0,0,False,16
mal,mal_1291,88.43553662,retained,0,0,False,7
mal,mal_1292,96.25398517,retained,0,0,False,10
mal,mal_1293,81.41056299,retained,0,0,False,27
mal,mal_1294,86.9517982,retained,0,0,False,11
mal,mal_1295,95.77122331,retained,0,0,False,10
mal,mal_1296,90.41490555,retained,0,0,False,13
mal,mal_1297,89.06111717,retained,0,0,False,12
mal,mal_1298,86.02640033,retained,0,0,False,11
mal,mal_1299,97.65206575,retained,0,0,False,6
mal,mal_1300,84.15697217,retained,0,0,False,16
mal,mal_1301,91.52462482,retained,0,0,False,12
mal,mal_1302,81.43343329,retained,0,0,False,15
mal,mal_1303,84.55213308,retained,0,0,False,12
mal,mal_1304,91.86105132,retained,0,0,False,16
mal,mal_1305,90.70565104,retained,0,0,False,9
mal,mal_1306,95.88121176,retained,0,0,False,18
mal,mal_1307,58.12178254,retained,0,0,False,9
mal,mal_1308,83.58414769,retained,0,0,False,7
mal,mal_1309,89.65044618,retained,0,0,False,16
mal,mal_1310,96.44183517,retained,0,0,False,12
mal,mal_1311,89.74810243,retained,0,0,False,18
mal,mal_1312,91.45411253,retained,0,0,False,8
mal,mal_1313,91.87894464,retained,0,0,False,12
mal,mal_1314,91.62071943,retained,0,0,False,6
mal,mal_1315,91.78019762,retained,0,0,False,12
mal,mal_1316,95.80219388,retained,0,0,False,11
mal,mal_1317,83.4181726,retained,0,0,False,8
mal,mal_1318,94.82409954,retained,0,0,False,10
mal,mal_1319,84.99860764,retained,0,0,False,16
mal,mal_1320,76.64468288,retained,0,0,False,7
mal,mal_1321,92.01930165,retained,0,0,False,19
mal,mal_1322,95.53775191,retained,0,0,False,13
mal,mal_1323,76.20908618,retained,0,0,False,15
mal,mal_1324,93.24456453,retained,0,0,False,11
mal,mal_1325,86.27336621,retained,0,0,False,22
mal,mal_1326,90.57681561,retained,0,0,False,19
mal,mal_1327,94.40609813,retained,0,0,False,9
mal,mal_1328,77.57865191,retained,0,0,False,18
mal,mal_1329,94.4726944,retained,0,0,False,15
mal,mal_1330,74.12162423,retained,0,0,False,9
mal,mal_1331,83.75108838,retained,0,0,False,28
mal,mal_1332,94.07206774,retained,0,0,False,9
mal,mal_1333,75.85886121,retained,0,0,False,12
mal,mal_1334,90.77609181,retained,0,0,False,17
mal,mal_1335,73.78112674,retained,0,0,False,9
mal,mal_1336,87.79450655,retained,0,0,False,6
mal,mal_1337,74.70840216,retained,0,0,False,3
mal,mal_1338,93.92100573,retained,0,0,False,20
mal,mal_1339,92.03827977,retained,0,0,False,11
mal,mal_1340,84.45128798,retained,0,0,False,13
mal,mal_1341,91.85795188,retained,0,0,False,21
mal,mal_1342,91.81835055,retained,0,0,False,19
mal,mal_1343,91.90587401,retained,0,0,False,13
mal,mal_1344,78.27516794,retained,0,0,False,5
mal,mal_1345,95.41407228,retained,0,0,False,17
mal,mal_1346,88.02962303,retained,0,0,False,19
mal,mal_1347,93.68863702,retained,0,0,False,13
mal,mal_1348,91.16239548,retained,0,0,False,11
mal,mal_1349,92.49284267,retained,0,0,False,11
mal,mal_1350,88.19161057,retained,0,0,False,8
mal,mal_1351,88.28312755,retained,0,0,False,13
mal,mal_1352,78.99450064,retained,0,0,False,11
mal,mal_1353,93.20123792,retained,0,0,False,15
mal,mal_1354,80.82190752,retained,0,0,False,22
mal,mal_1355,84.1737628,retained,0,0,False,16
mal,mal_1356,95.23620009,retained,0,0,False,18
mal,mal_1357,83.92400146,retained,0,0,False,7
mal,mal_1358,88.92928362,retained,0,0,False,15
mal,mal_1359,78.52793932,retained,0,0,False,17
mal,mal_1360,83.05156827,retained,0,0,False,14
mal,mal_1361,92.17044115,retained,0,0,False,14
mal,mal_1362,92.57370234,retained,0,0,False,11
mal,mal_1363,94.85080242,retained,0,0,False,12
mal,mal_1364,80.76176047,retained,0,0,False,10
mal,mal_1365,93.24727058,retained,0,0,False,18
mal,mal_1366,89.72637057,retained,0,0,False,17
mal,mal_1367,93.03033352,retained,0,0,False,9
mal,mal_1368,88.693434,retained,0,0,False,20
mal,mal_1369,92.68169999,retained,0,0,False,12
mal,mal_1370,86.22534871,retained,0,0,False,6
mal,mal_1371,94.69197989,retained,0,0,False,13
mal,mal_1372,79.88104224,retained,0,0,False,8
mal,mal_1373,74.21402335,retained,0,0,False,8
mal,mal_1374,92.40106344,retained,0,0,False,21
mal,mal_1375,97.99355268,retained,0,0,False,8
mal,mal_1376,93.89800429,retained,0,0,False,15
mal,mal_1377,86.4136517,retained,0,0,False,22
mal,mal_1378,69.0784812,retained,0,0,False,8
mal,mal_1379,93.73637438,retained,0,0,False,8
mal,mal_1380,86.79552674,retained,0,0,False,15
mal,mal_1381,83.43595266,retained,0,0,False,21
mal,mal_1382,77.88813114,retained,0,0,False,7
mal,mal_1383,83.88823867,retained,0,0,False,14
mal,mal_1384,83.90432,retained,0,0,False,10
mal,mal_1385,77.20732093,retained,0,0,False,13
mal,mal_1386,92.14121103,retained,0,0,False,17
mal,mal_1387,91.5350616,retained,0,0,False,12
mal,mal_1388,90.97037911,retained,0,0,False,14
mal,mal_1389,84.04386044,retained,0,0,False,5
mal,mal_1390,85.13363004,retained,0,0,False,43
mal,mal_1391,90.72888494,retained,0,0,False,16
mal,mal_1392,87.21509576,retained,0,0,False,13
mal,mal_1393,92.67482758,retained,0,0,False,20
mal,mal_1394,88.5614574,retained,0,0,False,10
mal,mal_1395,85.61223149,retained,0,0,False,4
mal,mal_1396,91.7904675,retained,0,0,False,13
mal,mal_1397,88.9074564,retained,0,0,False,17
mal,mal_1398,92.04673767,retained,0,0,False,12
mal,mal_1399,88.31686378,retained,0,0,False,6
mar,mar_0000,79.24297,retained,0,0,False,8
mar,mar_0001,76.03235,retained,0,0,False,16
mar,mar_0002,63.95484,retained,0,0,False,28
mar,mar_0003,80.81825,retained,0,0,False,17
mar,mar_0004,75.379,retained,0,0,False,16
mar,mar_0005,69.60863,retained,0,0,False,16
mar,mar_0006,74.60355,retained,0,0,False,26
mar,mar_0007,61.99225,retained,0,0,False,16
mar,mar_0008,69.46567,retained,0,0,False,22
mar,mar_0009,77.63312,retained,0,0,False,13
mar,mar_0010,74.03018,retained,0,0,False,13
mar,mar_0011,79.96377,retained,0,0,False,14
mar,mar_0012,60.70102,retained,0,0,False,21
mar,mar_0013,71.81812,retained,0,0,False,19
mar,mar_0014,89.10931,retained,0,0,False,20
mar,mar_0015,86.22255,retained,0,0,False,13
mar,mar_0016,77.756,retained,0,0,False,19
mar,mar_0017,57.75139,retained,0,0,False,9
mar,mar_0018,81.36528,retained,0,0,False,15
mar,mar_0019,71.51144,retained,0,0,False,14
mar,mar_0020,81.19483,retained,0,0,False,14
mar,mar_0021,68.66751,retained,0,0,False,15
mar,mar_0022,42.1403,retained,0,0,False,7
mar,mar_0023,75.48434,excluded_roundtrip_failure,2,0,True,51
mar,mar_0024,60.41231,retained,0,0,False,36
mar,mar_0025,64.2633,retained,0,0,False,31
mar,mar_0026,77.7029,retained,0,0,False,21
mar,mar_0027,78.73296,retained,0,0,False,11
mar,mar_0028,79.21175,retained,0,0,False,28
mar,mar_0029,87.5674,retained,0,0,False,11
mar,mar_0030,77.74435,retained,0,0,False,13
mar,mar_0031,85.00552,excluded_roundtrip_failure,0,0,False,14
mar,mar_0032,85.2167,retained,0,0,False,15
mar,mar_0033,74.52338,retained,0,0,False,17
mar,mar_0034,70.95413,retained,0,0,False,15
mar,mar_0035,72.15668,retained,0,0,False,20
mar,mar_0036,71.71735,retained,0,0,False,27
mar,mar_0037,69.22783,retained,0,0,False,15
mar,mar_0038,68.81635,retained,0,0,False,12
mar,mar_0039,79.4647,retained,0,0,False,14
mar,mar_0040,75.40447,retained,0,0,False,9
mar,mar_0041,86.98915,retained,0,0,False,12
mar,mar_0042,86.98915,retained,0,0,False,12
mar,mar_0043,67.84968,retained,0,0,False,15
mar,mar_0044,59.88938,retained,0,0,False,14
mar,mar_0045,79.10308,retained,0,0,False,13
mar,mar_0046,55.51237,retained,0,0,False,15
mar,mar_0047,67.35071,retained,0,0,False,26
mar,mar_0048,53.21919,retained,0,0,False,13
mar,mar_0049,86.68599,retained,0,0,False,19
mar,mar_0050,81.06736,retained,0,0,False,19
mar,mar_0051,80.95711,retained,0,0,False,19
mar,mar_0052,63.63997,retained,0,0,False,7
mar,mar_0053,53.59204,retained,0,0,False,12
mar,mar_0054,76.89964,retained,0,0,False,11
mar,mar_0055,71.41382,retained,0,0,False,13
mar,mar_0056,59.83308,retained,0,0,False,12
mar,mar_0057,51.61824,retained,0,0,False,24
mar,mar_0058,74.84511,retained,0,0,False,22
mar,mar_0059,76.10933,retained,0,0,False,22
mar,mar_0060,31.8461,retained,0,0,False,8
mar,mar_0061,78.05258,retained,0,0,False,15
mar,mar_0062,67.80514,retained,0,0,False,16
mar,mar_0063,91.2349,retained,0,0,False,12
mar,mar_0064,55.10477,retained,0,0,False,10
mar,mar_0065,84.94125,retained,0,0,False,24
mar,mar_0066,74.04345,retained,0,0,False,14
mar,mar_0067,85.12936,retained,0,0,False,9
mar,mar_0068,77.39283,retained,0,0,False,20
mar,mar_0069,89.3448,retained,0,0,False,23
mar,mar_0070,72.91313,retained,0,0,False,9
mar,mar_0071,72.93342,retained,0,0,False,12
mar,mar_0072,73.36692,retained,0,0,False,19
mar,mar_0073,74.62653,retained,0,0,False,11
mar,mar_0074,77.85312,retained,0,0,False,16
mar,mar_0075,84.67008,retained,0,0,False,20
mar,mar_0076,71.66169,retained,0,0,False,21
mar,mar_0077,74.65973,retained,0,0,False,12
mar,mar_0078,69.67865,retained,0,0,False,20
mar,mar_0079,89.3448,retained,0,0,False,23
mar,mar_0080,68.89828,retained,0,0,False,14
mar,mar_0081,85.70746,retained,0,0,False,19
mar,mar_0082,72.70679,retained,0,0,False,13
mar,mar_0083,71.87662,retained,0,0,False,16
mar,mar_0084,79.9144,retained,0,0,False,25
mar,mar_0085,78.70241,retained,0,0,False,29
mar,mar_0086,69.21033,retained,0,0,False,17
mar,mar_0087,68.11686,retained,0,0,False,21
mar,mar_0088,62.20214,retained,0,0,False,26
mar,mar_0089,68.93863,retained,0,0,False,21
mar,mar_0090,73.44222,retained,0,0,False,14
mar,mar_0091,76.94004,retained,0,0,False,14
mar,mar_0092,68.36426,retained,0,0,False,18
mar,mar_0093,75.56413,retained,0,0,False,7
mar,mar_0094,73.43398,retained,0,0,False,7
mar,mar_0095,72.24832,retained,0,0,False,20
mar,mar_0096,73.31566,retained,0,0,False,8
mar,mar_0097,69.45947,retained,0,0,False,23
mar,mar_0098,66.31098,retained,0,0,False,14
mar,mar_0099,71.52386,retained,0,0,False,29
mar,mar_0100,63.49475,retained,0,0,False,19
mar,mar_0101,82.26752,retained,0,0,False,27
mar,mar_0102,61.98212,retained,0,0,False,10
mar,mar_0103,64.47278,retained,0,0,False,26
mar,mar_0104,58.1888,retained,0,0,False,15
mar,mar_0105,46.98708,retained,0,0,False,13
mar,mar_0106,75.84819,retained,0,0,False,14
mar,mar_0107,71.27187,retained,0,0,False,17
mar,mar_0108,79.53261,retained,0,0,False,31
mar,mar_0109,92.8623,retained,0,0,False,6
mar,mar_0110,76.83198,retained,0,0,False,9
mar,mar_0111,71.82156,retained,0,0,False,28
mar,mar_0112,77.45592,retained,0,0,False,21
mar,mar_0113,69.95886,retained,0,0,False,13
mar,mar_0114,30.72792,retained,0,0,False,6
mar,mar_0115,70.80972,retained,0,0,False,23
mar,mar_0116,43.28413,retained,0,0,False,14
mar,mar_0117,82.71944,retained,0,0,False,20
mar,mar_0118,71.82156,retained,0,0,False,28
mar,mar_0119,89.2551,retained,0,0,False,13
mar,mar_0120,79.27481,retained,0,0,False,11
mar,mar_0121,75.96598,retained,0,0,False,19
mar,mar_0122,59.39936,retained,0,0,False,19
mar,mar_0123,86.11283,retained,0,0,False,10
mar,mar_0124,64.3369,retained,0,0,False,21
mar,mar_0125,79.18719,retained,0,0,False,17
mar,mar_0126,75.55482,retained,0,0,False,8
mar,mar_0127,58.05032,retained,0,0,False,19
mar,mar_0128,71.58944,retained,0,0,False,12
mar,mar_0129,83.1789,retained,0,0,False,13
mar,mar_0130,64.79842,retained,0,0,False,20
mar,mar_0131,56.70927,retained,0,0,False,9
mar,mar_0132,87.05072,retained,0,0,False,9
mar,mar_0133,74.09323,retained,0,0,False,18
mar,mar_0134,76.97205,retained,0,0,False,19
mar,mar_0135,74.52083,retained,0,0,False,14
mar,mar_0136,78.38209,retained,0,0,False,21
mar,mar_0137,88.01952,retained,0,0,False,10
mar,mar_0138,74.41326,retained,0,0,False,22
mar,mar_0139,92.22547,retained,0,0,False,11
mar,mar_0140,72.92587,retained,0,0,False,8
mar,mar_0141,75.2001,retained,0,0,False,9
mar,mar_0142,74.41332,retained,0,0,False,11
mar,mar_0143,63.66716,retained,0,0,False,12
mar,mar_0144,84.7451,retained,0,0,False,17
mar,mar_0145,79.75594,retained,0,0,False,24
mar,mar_0146,80.33457,retained,0,0,False,17
mar,mar_0147,57.89565,retained,0,0,False,21
mar,mar_0148,76.55773,retained,0,0,False,24
mar,mar_0149,71.08764,retained,0,0,False,11
mar,mar_0150,88.40973,retained,0,0,False,20
mar,mar_0151,69.97863,retained,0,0,False,15
mar,mar_0152,60.59235,retained,0,0,False,18
mar,mar_0153,61.8646,retained,0,0,False,21
mar,mar_0154,38.03872,retained,0,0,False,10
mar,mar_0155,84.15869,retained,0,0,False,18
mar,mar_0156,77.67542,retained,0,0,False,11
mar,mar_0157,61.22622,retained,0,0,False,17
mar,mar_0158,89.57541,retained,0,0,False,22
mar,mar_0159,81.89316,retained,0,0,False,21
mar,mar_0160,60.0435,retained,0,0,False,27
mar,mar_0161,65.99852,retained,0,0,False,30
mar,mar_0162,36.62758,retained,0,0,False,8
mar,mar_0163,70.1924,retained,0,0,False,14
mar,mar_0164,71.5764,retained,0,0,False,15
mar,mar_0165,78.81438,retained,0,0,False,12
mar,mar_0166,54.12498,retained,0,0,False,10
mar,mar_0167,76.51207,retained,0,0,False,10
mar,mar_0168,58.20688,retained,0,0,False,24
mar,mar_0169,52.67927,retained,0,0,False,10
mar,mar_0170,76.10047,retained,0,0,False,15
mar,mar_0171,75.38345,retained,0,0,False,14
mar,mar_0172,61.47044,retained,0,0,False,23
mar,mar_0173,75.81176,retained,0,0,False,14
mar,mar_0174,74.2474,retained,0,0,False,12
mar,mar_0175,58.00297,retained,0,0,False,15
mar,mar_0176,73.41114,retained,0,0,False,15
mar,mar_0177,61.06619,retained,0,0,False,16
mar,mar_0178,69.08268,retained,0,0,False,23
mar,mar_0179,63.51982,retained,0,0,False,19
mar,mar_0180,74.03669,excluded_roundtrip_failure,1,0,True,18
mar,mar_0181,82.27184,retained,0,0,False,15
mar,mar_0182,69.21316,retained,0,0,False,11
mar,mar_0183,78.30501,retained,0,0,False,11
mar,mar_0184,55.71983,retained,0,0,False,29
mar,mar_0185,64.19219,retained,0,0,False,21
mar,mar_0186,59.53376,retained,0,0,False,18
mar,mar_0187,84.0732,retained,0,0,False,13
mar,mar_0188,71.37814,retained,0,0,False,17
mar,mar_0189,69.76975,retained,0,0,False,13
mar,mar_0190,81.79774,retained,0,0,False,21
mar,mar_0191,85.28422,retained,0,0,False,17
mar,mar_0192,88.81189,retained,0,0,False,9
mar,mar_0193,79.68185,retained,0,0,False,20
mar,mar_0194,78.36997,retained,0,0,False,19
mar,mar_0195,51.2548,retained,0,0,False,7
mar,mar_0196,76.00358,retained,0,0,False,14
mar,mar_0197,79.17677,retained,0,0,False,12
mar,mar_0198,75.33548,retained,0,0,False,14
mar,mar_0199,77.144,retained,0,0,False,9
mar,mar_0200,67.61691,retained,0,0,False,19
mar,mar_0201,75.55254,retained,0,0,False,12
mar,mar_0202,72.30397,retained,0,0,False,18
mar,mar_0203,58.99736,retained,0,0,False,20
mar,mar_0204,88.48942,retained,0,0,False,11
mar,mar_0205,85.54453,retained,0,0,False,10
mar,mar_0206,69.36657,retained,0,0,False,25
mar,mar_0207,86.84686,retained,0,0,False,8
mar,mar_0208,86.72917,retained,0,0,False,13
mar,mar_0209,74.92137,retained,0,0,False,6
mar,mar_0210,66.9376,retained,0,0,False,13
mar,mar_0211,55.7771,retained,0,0,False,28
mar,mar_0212,65.38519,retained,0,0,False,14
mar,mar_0213,75.7264,retained,0,0,False,10
mar,mar_0214,77.43046,retained,0,0,False,15
mar,mar_0215,82.31455,retained,0,0,False,19
mar,mar_0216,83.02688,retained,0,0,False,7
mar,mar_0217,70.15787,retained,0,0,False,14
mar,mar_0218,49.19026,retained,0,0,False,21
mar,mar_0219,70.61027,retained,0,0,False,18
mar,mar_0220,61.69208,retained,0,0,False,19
mar,mar_0221,73.53095,retained,0,0,False,19
mar,mar_0222,62.64348,excluded_roundtrip_failure,1,0,True,12
mar,mar_0223,73.1976,retained,0,0,False,12
mar,mar_0224,60.02692,retained,0,0,False,14
mar,mar_0225,62.66981,retained,0,0,False,10
mar,mar_0226,75.54216,retained,0,0,False,23
mar,mar_0227,66.0582,retained,0,0,False,23
mar,mar_0228,71.52389,retained,0,0,False,29
mar,mar_0229,74.47724,retained,0,0,False,29
mar,mar_0230,83.15462,retained,0,0,False,13
mar,mar_0231,78.36699,retained,0,0,False,17
mar,mar_0232,75.35611,retained,0,0,False,23
mar,mar_0233,67.35111,retained,0,0,False,19
mar,mar_0234,63.12516,retained,0,0,False,14
mar,mar_0235,60.89147,retained,0,0,False,18
mar,mar_0236,82.1594,retained,0,0,False,22
mar,mar_0237,71.12461,retained,0,0,False,20
mar,mar_0238,78.59428,retained,0,0,False,21
mar,mar_0239,55.24234,retained,0,0,False,12
mar,mar_0240,89.06933,retained,0,0,False,20
mar,mar_0241,85.28104,retained,0,0,False,19
mar,mar_0242,74.27437,retained,0,0,False,20
mar,mar_0243,75.09024,retained,0,0,False,14
mar,mar_0244,83.87743,retained,0,0,False,10
mar,mar_0245,69.55203,retained,0,0,False,25
mar,mar_0246,74.70955,retained,0,0,False,17
mar,mar_0247,80.03808,retained,0,0,False,12
mar,mar_0248,72.06954,retained,0,0,False,12
mar,mar_0249,50.43431,retained,0,0,False,12
mar,mar_0250,53.8923,retained,0,0,False,29
mar,mar_0251,57.48759,retained,0,0,False,13
mar,mar_0252,74.86733,retained,0,0,False,19
mar,mar_0253,36.00975,retained,0,0,False,6
mar,mar_0254,72.24312,retained,0,0,False,21
mar,mar_0255,67.23327,retained,0,0,False,16
mar,mar_0256,72.51009,retained,0,0,False,12
mar,mar_0257,66.27627,retained,0,0,False,18
mar,mar_0258,60.95014,retained,0,0,False,18
mar,mar_0259,58.89761,retained,0,0,False,26
mar,mar_0260,59.27314,retained,0,0,False,16
mar,mar_0261,78.5245,retained,0,0,False,21
mar,mar_0262,80.71499,retained,0,0,False,16
mar,mar_0263,85.18096,retained,0,0,False,15
mar,mar_0264,66.00078,retained,0,0,False,22
mar,mar_0265,36.4974,retained,0,0,False,6
mar,mar_0266,60.81887,retained,0,0,False,11
mar,mar_0267,53.84762,retained,0,0,False,6
mar,mar_0268,88.67515,retained,0,0,False,9
mar,mar_0269,84.13646,retained,0,0,False,13
mar,mar_0270,64.28666,retained,0,0,False,22
mar,mar_0271,79.34904,retained,0,0,False,24
mar,mar_0272,80.03003,retained,0,0,False,6
mar,mar_0273,57.15004,retained,0,0,False,12
mar,mar_0274,85.72416,retained,0,0,False,21
mar,mar_0275,68.44793,retained,0,0,False,8
mar,mar_0276,74.29931,retained,0,0,False,23
mar,mar_0277,68.88974,retained,0,0,False,19
mar,mar_0278,89.55273,retained,0,0,False,14
mar,mar_0279,89.2551,retained,0,0,False,13
mar,mar_0280,83.99006,retained,0,0,False,28
mar,mar_0281,71.10526,retained,0,0,False,17
mar,mar_0282,73.26455,retained,0,0,False,19
mar,mar_0283,60.20687,retained,0,0,False,12
mar,mar_0284,62.45711,retained,0,0,False,15
mar,mar_0285,69.99348,retained,0,0,False,23
mar,mar_0286,43.18167,retained,0,0,False,16
mar,mar_0287,67.82299,retained,0,0,False,15
mar,mar_0288,68.20372,retained,0,0,False,15
mar,mar_0289,80.58838,retained,0,0,False,28
mar,mar_0290,80.76519,retained,0,0,False,17
mar,mar_0291,84.92976,retained,0,0,False,11
mar,mar_0292,72.16547,retained,0,0,False,26
mar,mar_0293,56.47554,retained,0,0,False,19
mar,mar_0294,68.14267,retained,0,0,False,14
mar,mar_0295,50.39029,retained,0,0,False,12
mar,mar_0296,75.54603,retained,0,0,False,14
mar,mar_0297,86.68466,retained,0,0,False,11
mar,mar_0298,79.65219,retained,0,0,False,16
mar,mar_0299,70.81414,retained,0,0,False,16
mar,mar_0300,75.94371,retained,0,0,False,7
mar,mar_0301,77.79617,retained,0,0,False,15
mar,mar_0302,67.64091,retained,0,0,False,26
mar,mar_0303,74.11687,retained,0,0,False,9
mar,mar_0304,71.07038,retained,0,0,False,10
mar,mar_0305,70.22682,retained,0,0,False,14
mar,mar_0306,80.4642,retained,0,0,False,13
mar,mar_0307,31.44215,retained,0,0,False,16
mar,mar_0308,88.81189,retained,0,0,False,9
mar,mar_0309,87.20843,retained,0,0,False,15
mar,mar_0310,81.46438,retained,0,0,False,20
mar,mar_0311,76.03888,retained,0,0,False,17
mar,mar_0312,60.94371,retained,0,0,False,25
mar,mar_0313,64.72001,retained,0,0,False,14
mar,mar_0314,73.96909,retained,0,0,False,25
mar,mar_0315,67.0166,retained,0,0,False,21
mar,mar_0316,56.14232,retained,0,0,False,9
mar,mar_0317,68.62807,retained,0,0,False,16
mar,mar_0318,52.82111,retained,0,0,False,27
mar,mar_0319,83.08825,retained,0,0,False,13
mar,mar_0320,80.2897,retained,0,0,False,19
mar,mar_0321,70.62886,retained,0,0,False,8
mar,mar_0322,83.08955,retained,0,0,False,16
mar,mar_0323,54.90952,retained,0,0,False,25
mar,mar_0324,75.41846,retained,0,0,False,17
mar,mar_0325,75.26291,retained,0,0,False,26
mar,mar_0326,71.64337,retained,0,0,False,21
mar,mar_0327,62.5385,retained,0,0,False,6
mar,mar_0328,69.228,retained,0,0,False,15
mar,mar_0329,76.14557,retained,0,0,False,11
mar,mar_0330,78.486,retained,0,0,False,16
mar,mar_0331,61.47044,retained,0,0,False,23
mar,mar_0332,59.56452,retained,0,0,False,14
mar,mar_0333,73.75762,retained,0,0,False,7
mar,mar_0334,83.10619,retained,0,0,False,12
mar,mar_0335,76.77615,retained,0,0,False,11
mar,mar_0336,58.52001,retained,0,0,False,15
mar,mar_0337,74.54642,retained,0,0,False,14
mar,mar_0338,61.22673,retained,0,0,False,11
mar,mar_0339,74.67496,retained,0,0,False,17
mar,mar_0340,85.08712,retained,0,0,False,22
mar,mar_0341,70.10828,retained,0,0,False,20
mar,mar_0342,64.42536,retained,0,0,False,12
mar,mar_0343,76.83594,retained,0,0,False,17
mar,mar_0344,82.26752,retained,0,0,False,27
mar,mar_0345,82.8475,retained,0,0,False,17
mar,mar_0346,60.01602,retained,0,0,False,7
mar,mar_0347,75.30093,excluded_roundtrip_failure,1,0,True,15
mar,mar_0348,51.55548,retained,0,0,False,17
mar,mar_0349,65.6277,retained,0,0,False,23
mar,mar_0350,58.0972,retained,0,0,False,11
mar,mar_0351,71.37814,retained,0,0,False,17
mar,mar_0352,39.26761,retained,0,0,False,11
mar,mar_0353,69.35798,retained,0,0,False,21
mar,mar_0354,79.55087,retained,0,0,False,22
mar,mar_0355,78.52662,retained,0,0,False,15
mar,mar_0356,85.20433,retained,0,0,False,21
mar,mar_0357,64.29385,retained,0,0,False,10
mar,mar_0358,71.6906,retained,0,0,False,24
mar,mar_0359,85.81643,retained,0,0,False,13
mar,mar_0360,67.32814,retained,0,0,False,26
mar,mar_0361,72.768,retained,0,0,False,19
mar,mar_0362,92.10063,retained,0,0,False,13
mar,mar_0363,69.87951,retained,0,0,False,19
mar,mar_0364,81.30633,retained,0,0,False,20
mar,mar_0365,74.6662,retained,0,0,False,16
mar,mar_0366,73.72439,retained,0,0,False,26
mar,mar_0367,59.29297,retained,0,0,False,19
mar,mar_0368,70.64287,retained,0,0,False,16
mar,mar_0369,56.1372,retained,0,0,False,16
mar,mar_0370,90.19542,retained,0,0,False,14
mar,mar_0371,75.93917,retained,0,0,False,12
mar,mar_0372,88.6328,retained,0,0,False,8
mar,mar_0373,64.48804,retained,0,0,False,10
mar,mar_0374,81.21817,retained,0,0,False,14
mar,mar_0375,75.71536,retained,0,0,False,14
mar,mar_0376,88.38897,retained,0,0,False,9
mar,mar_0377,82.50622,retained,0,0,False,16
mar,mar_0378,54.08502,retained,0,0,False,9
mar,mar_0379,76.97735,retained,0,0,False,13
mar,mar_0380,67.18194,retained,0,0,False,14
mar,mar_0381,53.50271,retained,0,0,False,21
mar,mar_0382,62.97693,retained,0,0,False,19
mar,mar_0383,82.18833,retained,0,0,False,15
mar,mar_0384,55.20043,retained,0,0,False,14
mar,mar_0385,63.81129,retained,0,0,False,9
mar,mar_0386,71.97679,retained,0,0,False,14
mar,mar_0387,85.97417,retained,0,0,False,13
mar,mar_0388,57.27716,retained,0,0,False,13
mar,mar_0389,66.04028,retained,0,0,False,28
mar,mar_0390,69.31332,retained,0,0,False,18
mar,mar_0391,79.96379,retained,0,0,False,14
mar,mar_0392,69.91976,retained,0,0,False,15
mar,mar_0393,81.56975,retained,0,0,False,26
mar,mar_0394,54.82677,retained,0,0,False,11
mar,mar_0395,58.9399,retained,0,0,False,28
mar,mar_0396,60.68848,retained,0,0,False,37
mar,mar_0397,69.46171,retained,0,0,False,20
mar,mar_0398,64.40542,retained,0,0,False,16
mar,mar_0399,75.26791,retained,0,0,False,14
mar,mar_0400,78.30426,retained,0,0,False,19
mar,mar_0401,72.03033,retained,0,0,False,20
mar,mar_0402,52.55132,retained,0,0,False,15
mar,mar_0403,61.9508,retained,0,0,False,22
mar,mar_0404,77.72027,retained,0,0,False,12
mar,mar_0405,63.62935,retained,0,0,False,10
mar,mar_0406,75.88525,retained,0,0,False,13
mar,mar_0407,79.90811,retained,0,0,False,14
mar,mar_0408,64.0912,retained,0,0,False,19
mar,mar_0409,72.76182,retained,0,0,False,21
mar,mar_0410,79.60813,retained,0,0,False,10
mar,mar_0411,63.8621,retained,0,0,False,11
mar,mar_0412,76.74003,retained,0,0,False,18
mar,mar_0413,71.391,retained,0,0,False,18
mar,mar_0414,75.26115,retained,0,0,False,11
mar,mar_0415,68.20825,retained,0,0,False,7
mar,mar_0416,84.12326,retained,0,0,False,9
mar,mar_0417,80.2372,retained,0,0,False,15
mar,mar_0418,71.19184,retained,0,0,False,10
mar,mar_0419,51.92719,retained,0,0,False,7
mar,mar_0420,70.9954,retained,0,0,False,15
mar,mar_0421,75.34467,retained,0,0,False,19
mar,mar_0422,85.17375,retained,0,0,False,16
mar,mar_0423,71.84489,retained,0,0,False,26
mar,mar_0424,70.81442,retained,0,0,False,9
mar,mar_0425,65.36081,retained,0,0,False,8
mar,mar_0426,76.90068,retained,0,0,False,19
mar,mar_0427,66.47655,retained,0,0,False,21
mar,mar_0428,81.96944,retained,0,0,False,21
mar,mar_0429,77.15088,retained,0,0,False,26
mar,mar_0430,88.78174,retained,0,0,False,13
mar,mar_0431,71.86375,retained,0,0,False,21
mar,mar_0432,71.94869,retained,0,0,False,20
mar,mar_0433,70.20855,retained,0,0,False,34
mar,mar_0434,52.38355,retained,0,0,False,15
mar,mar_0435,74.04061,retained,0,0,False,14
mar,mar_0436,71.16844,retained,0,0,False,22
mar,mar_0437,82.47127,retained,0,0,False,5
mar,mar_0438,79.50277,retained,0,0,False,13
mar,mar_0439,81.48911,retained,0,0,False,13
mar,mar_0440,70.22666,retained,0,0,False,14
mar,mar_0441,89.06931,retained,0,0,False,20
mar,mar_0442,87.29395,retained,0,0,False,25
mar,mar_0443,66.2834,retained,0,0,False,23
mar,mar_0444,76.44143,retained,0,0,False,16
mar,mar_0445,90.86648,retained,0,0,False,7
mar,mar_0446,67.98689,retained,0,0,False,16
mar,mar_0447,85.90254,retained,0,0,False,9
mar,mar_0448,76.19843,retained,0,0,False,19
mar,mar_0449,79.00421,retained,0,0,False,14
mar,mar_0450,60.36794,retained,0,0,False,11
mar,mar_0451,72.03033,retained,0,0,False,20
mar,mar_0452,74.01994,retained,0,0,False,24
mar,mar_0453,89.79871,retained,0,0,False,15
mar,mar_0454,78.04779,retained,0,0,False,11
mar,mar_0455,76.8235,retained,0,0,False,10
mar,mar_0456,72.93404,retained,0,0,False,6
mar,mar_0457,59.56873,retained,0,0,False,16
mar,mar_0458,76.53652,retained,0,0,False,25
mar,mar_0459,59.80434,retained,0,0,False,22
mar,mar_0460,58.88882,retained,0,0,False,14
mar,mar_0461,79.11826,retained,0,0,False,14
mar,mar_0462,84.37396,retained,0,0,False,12
mar,mar_0463,54.80456,retained,0,0,False,17
mar,mar_0464,72.92469,retained,0,0,False,22
mar,mar_0465,75.49155,retained,0,0,False,24
mar,mar_0466,67.48338,retained,0,0,False,10
mar,mar_0467,71.84765,retained,0,0,False,13
mar,mar_0468,69.00941,retained,0,0,False,20
mar,mar_0469,87.38786,retained,0,0,False,9
mar,mar_0470,73.67382,retained,0,0,False,13
mar,mar_0471,90.26307,retained,0,0,False,15
mar,mar_0472,61.31876,retained,0,0,False,18
mar,mar_0473,85.65668,retained,0,0,False,7
mar,mar_0474,74.78113,retained,0,0,False,19
mar,mar_0475,45.81688,retained,0,0,False,23
mar,mar_0476,85.72452,retained,0,0,False,12
mar,mar_0477,70.29999,retained,0,0,False,21
mar,mar_0478,75.7103,retained,0,0,False,12
mar,mar_0479,66.75587,retained,0,0,False,19
mar,mar_0480,71.23441,retained,0,0,False,20
mar,mar_0481,75.22129,retained,0,0,False,19
mar,mar_0482,61.22903,retained,0,0,False,12
mar,mar_0483,87.23738,retained,0,0,False,11
mar,mar_0484,59.57478,retained,0,0,False,16
mar,mar_0485,67.09495,retained,0,0,False,8
mar,mar_0486,74.08195,retained,0,0,False,12
mar,mar_0487,77.42131,retained,0,0,False,11
mar,mar_0488,82.1031,retained,0,0,False,23
mar,mar_0489,67.20712,retained,0,0,False,24
mar,mar_0490,79.56722,retained,0,0,False,24
mar,mar_0491,76.59018,retained,0,0,False,14
mar,mar_0492,80.04345,retained,0,0,False,13
mar,mar_0493,60.69632,retained,0,0,False,24
mar,mar_0494,60.81665,retained,0,0,False,9
mar,mar_0495,77.11112,retained,0,0,False,20
mar,mar_0496,43.40967,retained,0,0,False,17
mar,mar_0497,71.19924,retained,0,0,False,15
mar,mar_0498,68.69764,retained,0,0,False,16
mar,mar_0499,63.73674,retained,0,0,False,10
mar,mar_0500,77.58793,retained,0,0,False,11
mar,mar_0501,57.1762,retained,0,0,False,21
mar,mar_0502,62.21351,retained,0,0,False,23
mar,mar_0503,79.18125,excluded_roundtrip_failure,1,0,True,16
mar,mar_0504,85.08924,retained,0,0,False,19
mar,mar_0505,82.57971,retained,0,0,False,15
mar,mar_0506,59.48181,retained,0,0,False,10
mar,mar_0507,45.86147,retained,0,0,False,10
mar,mar_0508,73.85847,retained,0,0,False,20
mar,mar_0509,84.85469,retained,0,0,False,18
mar,mar_0510,73.52147,retained,0,0,False,17
mar,mar_0511,61.8872,retained,0,0,False,8
mar,mar_0512,68.55534,retained,0,0,False,41
mar,mar_0513,68.09518,retained,0,0,False,22
mar,mar_0514,79.46379,retained,0,0,False,22
mar,mar_0515,86.12368,retained,0,0,False,10
mar,mar_0516,57.84335,retained,0,0,False,24
mar,mar_0517,84.66119,retained,0,0,False,25
mar,mar_0518,83.031,retained,0,0,False,19
mar,mar_0519,79.92284,retained,0,0,False,26
mar,mar_0520,47.5024,retained,0,0,False,12
mar,mar_0521,66.8594,retained,0,0,False,19
mar,mar_0522,79.53261,retained,0,0,False,31
mar,mar_0523,80.19806,retained,0,0,False,22
mar,mar_0524,34.9186,retained,0,0,False,10
mar,mar_0525,63.96256,retained,0,0,False,27
mar,mar_0526,85.96189,retained,0,0,False,19
mar,mar_0527,78.69864,retained,0,0,False,17
mar,mar_0528,71.16545,retained,0,0,False,20
mar,mar_0529,57.2534,retained,0,0,False,21
mar,mar_0530,72.53889,retained,0,0,False,20
mar,mar_0531,61.66406,retained,0,0,False,32
mar,mar_0532,82.59104,retained,0,0,False,22
mar,mar_0533,65.0205,excluded_roundtrip_failure,1,0,True,30
mar,mar_0534,64.27014,retained,0,0,False,15
mar,mar_0535,79.96613,retained,0,0,False,16
mar,mar_0537,66.85482,retained,0,0,False,20
mar,mar_0538,71.63973,retained,0,0,False,18
mar,mar_0539,66.82644,retained,0,0,False,10
mar,mar_0540,68.10519,retained,0,0,False,20
mar,mar_0541,83.96271,retained,0,0,False,15
mar,mar_0542,77.55592,retained,0,0,False,10
mar,mar_0543,53.70485,retained,0,0,False,16
mar,mar_0544,74.94268,retained,0,0,False,17
mar,mar_0545,63.81066,retained,0,0,False,15
mar,mar_0546,81.7222,retained,0,0,False,11
mar,mar_0547,65.36259,retained,0,0,False,12
mar,mar_0548,65.91798,retained,0,0,False,17
mar,mar_0549,58.43648,retained,0,0,False,26
mar,mar_0550,74.55574,retained,0,0,False,8
mar,mar_0551,68.90123,retained,0,0,False,24
mar,mar_0552,70.88926,retained,0,0,False,16
mar,mar_0553,74.53086,retained,0,0,False,13
mar,mar_0554,64.91619,retained,0,0,False,34
mar,mar_0555,53.85314,retained,0,0,False,13
mar,mar_0556,53.66573,retained,0,0,False,20
mar,mar_0557,75.14397,retained,0,0,False,9
mar,mar_0558,79.50709,retained,0,0,False,30
mar,mar_0559,75.4574,retained,0,0,False,13
mar,mar_0560,64.91619,retained,0,0,False,34
mar,mar_0561,77.91877,retained,0,0,False,16
mar,mar_0562,72.49768,retained,0,0,False,18
mar,mar_0563,69.81196,retained,0,0,False,22
mar,mar_0564,58.18753,retained,0,0,False,18
mar,mar_0565,75.24056,retained,0,0,False,15
mar,mar_0566,61.96239,retained,0,0,False,9
mar,mar_0567,74.60579,retained,0,0,False,27
mar,mar_0568,73.88622,retained,0,0,False,21
mar,mar_0569,68.94472,retained,0,0,False,12
mar,mar_0570,90.57464,retained,0,0,False,12
mar,mar_0571,76.52112,retained,0,0,False,28
mar,mar_0572,67.42076,retained,0,0,False,28
mar,mar_0573,82.47127,retained,0,0,False,5
mar,mar_0574,53.11514,retained,0,0,False,9
mar,mar_0575,65.15436,retained,0,0,False,17
mar,mar_0576,90.27324,retained,0,0,False,15
mar,mar_0577,87.21516,retained,0,0,False,18
mar,mar_0578,70.83486,retained,0,0,False,12
mar,mar_0579,82.47127,retained,0,0,False,5
mar,mar_0580,83.21759,retained,0,0,False,15
mar,mar_0581,78.349,retained,0,0,False,26
mar,mar_0582,86.17437,retained,0,0,False,10
mar,mar_0583,68.59968,retained,0,0,False,12
mar,mar_0584,82.18833,retained,0,0,False,15
mar,mar_0585,58.05428,retained,0,0,False,9
mar,mar_0586,82.76719,retained,0,0,False,27
mar,mar_0587,85.75784,retained,0,0,False,16
mar,mar_0588,82.05644,retained,0,0,False,15
mar,mar_0589,58.9399,retained,0,0,False,28
mar,mar_0590,68.06127,retained,0,0,False,19
mar,mar_0591,90.41069,retained,0,0,False,12
mar,mar_0592,61.63201,retained,0,0,False,8
mar,mar_0593,77.96842,retained,0,0,False,12
mar,mar_0594,61.248,retained,0,0,False,9
mar,mar_0595,51.6028,retained,0,0,False,16
mar,mar_0596,76.85761,retained,0,0,False,20
mar,mar_0597,58.5553,retained,0,0,False,15
mar,mar_0598,90.09996,retained,0,0,False,12
mar,mar_0599,54.25399,retained,0,0,False,19
mar,mar_0600,65.80753,retained,0,0,False,8
mar,mar_0601,57.22004,retained,0,0,False,16
mar,mar_0602,69.24102,retained,0,0,False,24
mar,mar_0603,83.24569,retained,0,0,False,18
mar,mar_0604,51.87705,retained,0,0,False,34
mar,mar_0605,68.64258,retained,0,0,False,20
mar,mar_0606,64.03015,retained,0,0,False,13
mar,mar_0607,93.04048,retained,0,0,False,9
mar,mar_0608,75.10729,retained,0,0,False,21
mar,mar_0609,86.62474,retained,0,0,False,8
mar,mar_0610,89.79388,retained,0,0,False,18
mar,mar_0611,63.14017,retained,0,0,False,12
mar,mar_0612,85.39392,retained,0,0,False,17
mar,mar_0613,66.25105,retained,0,0,False,18
mar,mar_0614,79.64259,retained,0,0,False,13
mar,mar_0615,81.96937,retained,0,0,False,21
mar,mar_0616,87.83836,retained,0,0,False,9
mar,mar_0617,84.60788,retained,0,0,False,12
mar,mar_0618,49.49391,retained,0,0,False,24
mar,mar_0619,58.39365,retained,0,0,False,15
mar,mar_0620,56.85957,retained,0,0,False,16
mar,mar_0621,59.17599,retained,0,0,False,7
mar,mar_0622,86.12236,retained,0,0,False,9
mar,mar_0623,79.94704,retained,0,0,False,20
mar,mar_0624,72.38998,retained,0,0,False,26
mar,mar_0626,74.53086,retained,0,0,False,13
mar,mar_0627,49.57446,retained,0,0,False,14
mar,mar_0628,73.88235,retained,0,0,False,21
mar,mar_0629,64.39825,retained,0,0,False,6
mar,mar_0630,80.68675,retained,0,0,False,24
mar,mar_0631,89.45582,retained,0,0,False,16
mar,mar_0632,67.92247,retained,0,0,False,12
mar,mar_0633,77.14964,retained,0,0,False,19
mar,mar_0634,57.0498,retained,0,0,False,12
mar,mar_0635,61.06623,retained,0,0,False,24
mar,mar_0636,63.46676,retained,0,0,False,15
mar,mar_0637,78.58586,retained,0,0,False,16
mar,mar_0638,56.50736,retained,0,0,False,26
mar,mar_0639,67.35968,retained,0,0,False,41
mar,mar_0640,85.50783,retained,0,0,False,12
mar,mar_0641,51.23774,retained,0,0,False,26
mar,mar_0642,35.2575,retained,0,0,False,23
mar,mar_0643,72.71419,retained,0,0,False,10
mar,mar_0644,82.6496,retained,0,0,False,14
mar,mar_0645,78.08753,retained,0,0,False,19
mar,mar_0646,53.45245,retained,0,0,False,12
mar,mar_0647,61.3931,retained,0,0,False,4
mar,mar_0648,80.2459,retained,0,0,False,22
mar,mar_0649,82.02936,retained,0,0,False,14
mar,mar_0650,76.90136,retained,0,0,False,21
mar,mar_0651,68.37859,retained,0,0,False,9
mar,mar_0652,72.25983,retained,0,0,False,22
mar,mar_0653,93.04048,retained,0,0,False,9
mar,mar_0654,80.31661,retained,0,0,False,18
mar,mar_0655,87.20843,retained,0,0,False,15
mar,mar_0656,79.81979,retained,0,0,False,12
mar,mar_0657,82.76815,retained,0,0,False,22
mar,mar_0658,68.09934,retained,0,0,False,16
mar,mar_0659,84.78563,retained,0,0,False,11
mar,mar_0660,70.56494,retained,0,0,False,26
mar,mar_0661,86.91966,retained,0,0,False,24
mar,mar_0662,80.77475,retained,0,0,False,15
mar,mar_0663,58.96574,retained,0,0,False,12
mar,mar_0664,77.16923,retained,0,0,False,17
mar,mar_0665,76.9273,retained,0,0,False,9
mar,mar_0666,52.45267,retained,0,0,False,33
mar,mar_0667,82.89154,retained,0,0,False,23
mar,mar_0668,66.24344,retained,0,0,False,12
mar,mar_0669,64.69612,retained,0,0,False,8
mar,mar_0670,75.73249,retained,0,0,False,12
mar,mar_0671,81.46168,retained,0,0,False,24
mar,mar_0672,49.39567,retained,0,0,False,9
mar,mar_0673,71.40138,retained,0,0,False,15
mar,mar_0674,72.82895,retained,0,0,False,14
mar,mar_0675,71.15735,retained,0,0,False,15
mar,mar_0676,69.79116,retained,0,0,False,23
mar,mar_0677,74.92576,retained,0,0,False,23
mar,mar_0678,87.52789,retained,0,0,False,6
mar,mar_0679,86.8959,retained,0,0,False,17
mar,mar_0680,76.87204,retained,0,0,False,17
mar,mar_0681,61.0085,retained,0,0,False,26
mar,mar_0682,80.97299,retained,0,0,False,14
mar,mar_0683,61.8787,retained,0,0,False,16
mar,mar_0684,79.4647,retained,0,0,False,14
mar,mar_0685,76.29224,retained,0,0,False,10
mar,mar_0686,58.28151,retained,0,0,False,23
mar,mar_0687,76.5014,retained,0,0,False,9
mar,mar_0688,79.67554,retained,0,0,False,13
mar,mar_0689,55.76363,retained,0,0,False,15
mar,mar_0690,78.03082,retained,0,0,False,18
mar,mar_0691,70.59231,retained,0,0,False,15
mar,mar_0692,58.62889,retained,0,0,False,21
mar,mar_0693,85.18006,retained,0,0,False,14
mar,mar_0694,72.8379,retained,0,0,False,10
mar,mar_0695,74.24059,retained,0,0,False,15
mar,mar_0696,54.89585,retained,0,0,False,19
mar,mar_0697,79.92041,retained,0,0,False,16
mar,mar_0698,88.51496,retained,0,0,False,21
mar,mar_0699,74.22615,retained,0,0,False,16
mar,mar_0700,66.07054,retained,0,0,False,13
mar,mar_0701,69.82849,retained,0,0,False,17
mar,mar_0702,76.97114,retained,0,0,False,24
mar,mar_0703,60.41018,retained,0,0,False,17
mar,mar_0704,54.4763,retained,0,0,False,12
mar,mar_0705,78.18529,retained,0,0,False,12
mar,mar_0706,83.60957,retained,0,0,False,14
mar,mar_0707,68.35055,retained,0,0,False,29
mar,mar_0708,62.43683,retained,0,0,False,15
mar,mar_0709,45.48221,retained,0,0,False,18
mar,mar_0710,50.646,retained,0,0,False,13
mar,mar_0711,81.71576,retained,0,0,False,13
mar,mar_0712,60.06688,retained,0,0,False,24
mar,mar_0713,80.80596,retained,0,0,False,21
mar,mar_0714,70.12315,retained,0,0,False,9
mar,mar_0715,72.49711,retained,0,0,False,18
mar,mar_0716,53.14855,retained,0,0,False,12
mar,mar_0717,68.6065,retained,0,0,False,10
mar,mar_0718,85.81991,retained,0,0,False,10
mar,mar_0719,84.54242,retained,0,0,False,12
mar,mar_0720,68.06274,retained,0,0,False,40
mar,mar_0721,61.18841,retained,0,0,False,13
mar,mar_0722,62.00539,retained,0,0,False,17
mar,mar_0723,72.6009,retained,0,0,False,9
mar,mar_0724,63.25414,retained,0,0,False,20
mar,mar_0725,64.46604,retained,0,0,False,16
mar,mar_0726,76.46609,retained,0,0,False,20
mar,mar_0727,83.43553,retained,0,0,False,13
mar,mar_0728,71.90146,retained,0,0,False,13
mar,mar_0729,59.77276,retained,0,0,False,23
mar,mar_0730,72.92471,retained,0,0,False,22
mar,mar_0731,78.49747,retained,0,0,False,15
mar,mar_0732,70.9397,retained,0,0,False,14
mar,mar_0733,92.98474,retained,0,0,False,5
mar,mar_0734,45.48221,retained,0,0,False,18
mar,mar_0735,93.04048,retained,0,0,False,9
mar,mar_0736,57.86096,retained,0,0,False,22
mar,mar_0737,79.20062,retained,0,0,False,17
mar,mar_0738,84.90071,retained,0,0,False,11
mar,mar_0739,55.25278,retained,0,0,False,46
mar,mar_0740,77.57097,retained,0,0,False,23
mar,mar_0741,83.68734,retained,0,0,False,19
mar,mar_0742,77.37604,retained,0,0,False,22
mar,mar_0743,83.57389,retained,0,0,False,24
mar,mar_0744,58.08271,retained,0,0,False,8
mar,mar_0745,78.76015,retained,0,0,False,23
mar,mar_0746,75.14663,retained,0,0,False,19
mar,mar_0747,51.32238,retained,0,0,False,15
mar,mar_0748,62.29513,retained,0,0,False,14
mar,mar_0749,66.24503,retained,0,0,False,17
mar,mar_0750,86.12236,retained,0,0,False,9
mar,mar_0751,58.10333,retained,0,0,False,22
mar,mar_0752,89.6198,retained,0,0,False,5
mar,mar_0753,88.03239,retained,0,0,False,9
mar,mar_0754,76.90067,retained,0,0,False,19
mar,mar_0755,41.10609,retained,0,0,False,6
mar,mar_0756,88.51496,retained,0,0,False,21
mar,mar_0757,66.24506,retained,0,0,False,17
mar,mar_0758,65.34917,retained,0,0,False,25
mar,mar_0759,62.29515,retained,0,0,False,14
mar,mar_0760,72.54399,retained,0,0,False,19
mar,mar_0761,60.13709,retained,0,0,False,25
mar,mar_0762,71.04313,retained,0,0,False,17
mar,mar_0763,89.53953,retained,0,0,False,15
mar,mar_0764,72.51683,retained,0,0,False,18
mar,mar_0765,77.16923,retained,0,0,False,17
mar,mar_0766,87.22251,retained,0,0,False,12
mar,mar_0767,63.46821,retained,0,0,False,28
mar,mar_0768,74.92572,retained,0,0,False,23
mar,mar_0769,90.76027,retained,0,0,False,18
mar,mar_0770,65.42107,retained,0,0,False,24
mar,mar_0771,55.94669,retained,0,0,False,15
mar,mar_0772,82.44501,retained,0,0,False,18
mar,mar_0773,59.90139,retained,0,0,False,24
mar,mar_0774,83.3551,retained,0,0,False,22
mar,mar_0775,68.00824,retained,0,0,False,12
mar,mar_0776,56.29055,retained,0,0,False,13
mar,mar_0777,59.62778,retained,0,0,False,10
mar,mar_0778,85.58046,retained,0,0,False,13
mar,mar_0779,62.46139,retained,0,0,False,24
mar,mar_0780,67.48652,retained,0,0,False,17
mar,mar_0781,86.13397,retained,0,0,False,8
mar,mar_0782,78.78698,retained,0,0,False,10
mar,mar_0783,74.28911,retained,0,0,False,15
mar,mar_0784,59.76048,retained,0,0,False,12
mar,mar_0785,72.00987,retained,0,0,False,18
mar,mar_0786,62.7771,retained,0,0,False,25
mar,mar_0787,87.02917,retained,0,0,False,15
mar,mar_0788,58.59064,retained,0,0,False,10
mar,mar_0789,48.66222,retained,0,0,False,15
mar,mar_0790,79.70824,retained,0,0,False,25
mar,mar_0791,65.77172,retained,0,0,False,22
mar,mar_0792,58.24259,retained,0,0,False,11
mar,mar_0793,55.8076,retained,0,0,False,8
mar,mar_0794,64.84958,retained,0,0,False,13
mar,mar_0795,75.68662,retained,0,0,False,9
mar,mar_0796,70.18561,retained,0,0,False,16
mar,mar_0797,57.53837,retained,0,0,False,11
mar,mar_0798,70.74331,retained,0,0,False,17
mar,mar_0799,76.18945,retained,0,0,False,16
mar,mar_0800,44.93076,retained,0,0,False,11
mar,mar_0801,75.77254,retained,0,0,False,8
mar,mar_0802,57.31568,retained,0,0,False,17
mar,mar_0803,71.64185,retained,0,0,False,13
mar,mar_0804,68.14944,retained,0,0,False,25
mar,mar_0805,61.05887,retained,0,0,False,17
mar,mar_0806,57.19554,retained,0,0,False,15
mar,mar_0807,80.15335,retained,0,0,False,18
mar,mar_0808,63.85389,retained,0,0,False,18
mar,mar_0809,67.86054,retained,0,0,False,23
mar,mar_0810,49.79936,retained,0,0,False,26
mar,mar_0811,70.84516,retained,0,0,False,22
mar,mar_0812,77.17723,retained,0,0,False,22
mar,mar_0813,82.59727,retained,0,0,False,14
mar,mar_0814,77.9608,retained,0,0,False,8
mar,mar_0815,82.08247,retained,0,0,False,8
mar,mar_0816,57.82137,retained,0,0,False,4
mar,mar_0817,77.17723,retained,0,0,False,22
mar,mar_0818,73.5289,retained,0,0,False,13
mar,mar_0819,78.34401,retained,0,0,False,18
mar,mar_0820,75.89381,retained,0,0,False,12
mar,mar_0821,64.42475,retained,0,0,False,20
mar,mar_0822,73.47685,retained,0,0,False,16
mar,mar_0823,78.21428,retained,0,0,False,12
mar,mar_0824,61.83727,retained,0,0,False,22
mar,mar_0825,84.36876,retained,0,0,False,12
mar,mar_0826,83.41746,retained,0,0,False,5
mar,mar_0827,70.52297,retained,0,0,False,13
mar,mar_0828,59.75651,retained,0,0,False,13
mar,mar_0829,81.71595,retained,0,0,False,21
mar,mar_0830,64.52633,retained,0,0,False,21
mar,mar_0831,68.38293,retained,0,0,False,13
mar,mar_0832,68.93863,retained,0,0,False,21
mar,mar_0833,50.65048,retained,0,0,False,13
mar,mar_0834,70.81069,retained,0,0,False,9
mar,mar_0835,67.99715,retained,0,0,False,11
mar,mar_0836,78.4189,retained,0,0,False,24
mar,mar_0837,75.23798,retained,0,0,False,19
mar,mar_0838,63.64552,retained,0,0,False,22
mar,mar_0839,82.04851,retained,0,0,False,9
mar,mar_0840,77.57097,retained,0,0,False,23
mar,mar_0841,90.91353,retained,0,0,False,12
mar,mar_0842,82.2254,retained,0,0,False,23
mar,mar_0843,86.50082,retained,0,0,False,15
mar,mar_0844,78.48316,retained,0,0,False,23
mar,mar_0845,67.74023,retained,0,0,False,22
mar,mar_0846,59.90139,retained,0,0,False,24
mar,mar_0847,65.74635,retained,0,0,False,16
mar,mar_0848,76.87753,retained,0,0,False,16
mar,mar_0849,57.55838,retained,0,0,False,11
mar,mar_0850,74.57182,retained,0,0,False,30
mar,mar_0851,61.35839,retained,0,0,False,17
mar,mar_0852,89.01731,retained,0,0,False,10
mar,mar_0853,68.33761,retained,0,0,False,15
mar,mar_0854,79.92284,retained,0,0,False,26
mar,mar_0855,64.97542,retained,0,0,False,27
mar,mar_0856,78.76251,retained,0,0,False,9
mar,mar_0857,84.85469,retained,0,0,False,18
mar,mar_0858,80.95711,retained,0,0,False,19
mar,mar_0859,52.90806,retained,0,0,False,17
mar,mar_0860,58.50098,retained,0,0,False,18
mar,mar_0861,75.64179,retained,0,0,False,12
mar,mar_0862,72.15724,retained,0,0,False,11
mar,mar_0863,83.031,retained,0,0,False,19
mar,mar_0864,35.04659,retained,0,0,False,8
mar,mar_0865,69.16741,retained,0,0,False,23
mar,mar_0866,84.38022,retained,0,0,False,20
mar,mar_0867,76.40713,retained,0,0,False,12
mar,mar_0868,64.47393,retained,0,0,False,22
mar,mar_0869,91.17188,retained,0,0,False,14
mar,mar_0870,44.52498,retained,0,0,False,10
mar,mar_0871,60.91729,retained,0,0,False,10
mar,mar_0872,79.7399,retained,0,0,False,25
mar,mar_0873,69.55789,retained,0,0,False,26
mar,mar_0874,64.92478,retained,0,0,False,8
mar,mar_0875,57.63804,retained,0,0,False,24
mar,mar_0876,84.94248,retained,0,0,False,17
mar,mar_0877,82.71394,retained,0,0,False,16
mar,mar_0878,79.6495,retained,0,0,False,14
mar,mar_0879,68.15832,retained,0,0,False,15
mar,mar_0880,72.49771,retained,0,0,False,18
mar,mar_0881,71.58954,retained,0,0,False,12
mar,mar_0882,81.81044,retained,0,0,False,15
mar,mar_0883,67.96682,retained,0,0,False,13
mar,mar_0884,65.43924,retained,0,0,False,17
mar,mar_0885,73.88623,retained,0,0,False,21
mar,mar_0886,79.20688,retained,0,0,False,12
mar,mar_0887,63.48765,retained,0,0,False,22
mar,mar_0888,83.32686,retained,0,0,False,20
mar,mar_0889,74.55379,retained,0,0,False,21
mar,mar_0890,80.9028,retained,0,0,False,16
mar,mar_0891,63.899,retained,0,0,False,15
mar,mar_0892,74.98667,retained,0,0,False,20
mar,mar_0893,58.39365,retained,0,0,False,15
mar,mar_0894,73.72364,retained,0,0,False,9
mar,mar_0895,61.24799,retained,0,0,False,9
mar,mar_0896,74.92067,retained,0,0,False,21
mar,mar_0897,60.35448,retained,0,0,False,7
mar,mar_0898,79.81793,retained,0,0,False,15
mar,mar_0899,72.7351,retained,0,0,False,14
mar,mar_0900,86.04978,retained,0,0,False,9
mar,mar_0901,87.3957,retained,0,0,False,9
mar,mar_0902,67.95553,retained,0,0,False,16
mar,mar_0903,87.09447,retained,0,0,False,8
mar,mar_0904,74.98668,retained,0,0,False,20
mar,mar_0905,72.29029,retained,0,0,False,16
mar,mar_0906,86.87289,retained,0,0,False,7
mar,mar_0907,60.69993,retained,0,0,False,10
mar,mar_0908,84.75706,retained,0,0,False,6
mar,mar_0909,56.47336,retained,0,0,False,11
mar,mar_0910,71.89046,retained,0,0,False,17
mar,mar_0911,91.17188,retained,0,0,False,14
mar,mar_0912,59.51546,retained,0,0,False,14
mar,mar_0913,80.8787,retained,0,0,False,6
mar,mar_0914,77.2668,retained,0,0,False,14
mar,mar_0915,76.74001,retained,0,0,False,18
mar,mar_0916,65.45562,retained,0,0,False,20
mar,mar_0917,52.84948,retained,0,0,False,15
mar,mar_0918,81.09621,retained,0,0,False,23
mar,mar_0919,72.15724,retained,0,0,False,11
mar,mar_0920,75.89381,retained,0,0,False,12
mar,mar_0921,36.44247,retained,0,0,False,6
mar,mar_0922,69.77414,retained,0,0,False,15
mar,mar_0923,68.14944,retained,0,0,False,25
mar,mar_0924,86.12368,retained,0,0,False,10
mar,mar_0925,77.06999,retained,0,0,False,22
mar,mar_0926,70.18585,retained,0,0,False,29
mar,mar_0927,81.64455,retained,0,0,False,24
mar,mar_0928,79.70824,retained,0,0,False,25
mar,mar_0929,74.1298,retained,0,0,False,16
mar,mar_0930,54.62741,retained,0,0,False,20
mar,mar_0931,62.66242,retained,0,0,False,10
mar,mar_0932,68.51447,retained,0,0,False,20
mar,mar_0933,56.24232,retained,0,0,False,24
mar,mar_0934,75.61865,excluded_roundtrip_failure,1,0,True,28
mar,mar_0935,82.76719,retained,0,0,False,27
mar,mar_0936,56.97653,retained,0,0,False,15
mar,mar_0937,68.39212,retained,0,0,False,19
mar,mar_0938,85.88794,retained,0,0,False,10
mar,mar_0939,67.51156,retained,0,0,False,21
mar,mar_0940,61.76882,retained,0,0,False,13
mar,mar_0941,75.58573,retained,0,0,False,22
mar,mar_0942,84.32636,retained,0,0,False,24
mar,mar_0943,77.93068,retained,0,0,False,8
mar,mar_0944,86.96052,retained,0,0,False,9
mar,mar_0945,74.76888,retained,0,0,False,4
mar,mar_0946,63.3927,retained,0,0,False,28
mar,mar_0947,69.03382,retained,0,0,False,34
mar,mar_0948,82.27463,retained,0,0,False,15
mar,mar_0949,75.52463,retained,0,0,False,20
mar,mar_0950,71.27779,retained,0,0,False,19
mar,mar_0951,72.91313,retained,0,0,False,9
mar,mar_0952,69.05048,retained,0,0,False,26
mar,mar_0953,85.55085,retained,0,0,False,8
mar,mar_0954,76.61721,retained,0,0,False,27
mar,mar_0955,70.18062,retained,0,0,False,19
mar,mar_0956,74.5609,retained,0,0,False,22
mar,mar_0957,85.30998,retained,0,0,False,8
mar,mar_0958,80.985,retained,0,0,False,8
mar,mar_0959,84.59736,retained,0,0,False,16
mar,mar_0960,87.40036,retained,0,0,False,10
mar,mar_0961,78.70415,retained,0,0,False,14
mar,mar_0962,79.94767,retained,0,0,False,20
mar,mar_0963,83.08956,retained,0,0,False,16
mar,mar_0964,66.52951,retained,0,0,False,8
mar,mar_0965,76.78539,retained,0,0,False,20
mar,mar_0966,62.36367,retained,0,0,False,16
mar,mar_0967,77.72735,retained,0,0,False,23
mar,mar_0968,82.00114,retained,0,0,False,14
mar,mar_0969,72.56988,retained,0,0,False,8
mar,mar_0970,60.78571,retained,0,0,False,20
mar,mar_0971,54.07394,retained,0,0,False,16
mar,mar_0972,82.43312,retained,0,0,False,23
mar,mar_0973,82.00114,retained,0,0,False,14
mar,mar_0974,63.72463,retained,0,0,False,18
mar,mar_0975,72.23774,retained,0,0,False,19
mar,mar_0976,84.90419,retained,0,0,False,12
mar,mar_0977,78.39078,retained,0,0,False,25
mar,mar_0978,80.06347,retained,0,0,False,17
mar,mar_0979,58.13612,retained,0,0,False,13
mar,mar_0980,79.88827,retained,0,0,False,11
mar,mar_0981,58.99736,retained,0,0,False,20
mar,mar_0982,74.2493,retained,0,0,False,19
mar,mar_0983,78.3971,retained,0,0,False,12
mar,mar_0984,62.88741,retained,0,0,False,13
mar,mar_0985,82.83536,retained,0,0,False,21
mar,mar_0986,88.73009,retained,0,0,False,14
mar,mar_0987,63.25473,retained,0,0,False,14
mar,mar_0988,58.08271,retained,0,0,False,8
mar,mar_0989,89.53953,retained,0,0,False,15
mar,mar_0990,77.76744,retained,0,0,False,27
mar,mar_0991,66.21024,retained,0,0,False,27
mar,mar_0992,61.9042,retained,0,0,False,27
mar,mar_0993,53.70485,retained,0,0,False,16
mar,mar_0994,63.12516,retained,0,0,False,14
mar,mar_0995,61.7185,retained,0,0,False,24
mar,mar_0996,64.53531,retained,0,0,False,9
mar,mar_0997,83.04435,retained,0,0,False,16
mar,mar_0998,77.14413,retained,0,0,False,18
mar,mar_0999,71.71735,retained,0,0,False,27
mar,mar_1000,75.28458,retained,0,0,False,18
mar,mar_1001,74.32407,retained,0,0,False,20
mar,mar_1002,80.87869,retained,0,0,False,6
mar,mar_1003,72.40595,retained,0,0,False,40
mar,mar_1004,83.2048,retained,0,0,False,22
mar,mar_1005,69.11571,retained,0,0,False,10
mar,mar_1006,71.42001,retained,0,0,False,8
mar,mar_1007,86.17437,retained,0,0,False,10
mar,mar_1008,76.70144,retained,0,0,False,11
mar,mar_1009,49.24512,retained,0,0,False,9
mar,mar_1010,68.18829,retained,0,0,False,15
mar,mar_1011,81.12682,retained,0,0,False,5
mar,mar_1012,63.03874,retained,0,0,False,15
mar,mar_1013,80.06347,retained,0,0,False,17
mar,mar_1014,81.19485,retained,0,0,False,14
mar,mar_1015,76.78537,retained,0,0,False,20
mar,mar_1016,42.36524,retained,0,0,False,11
mar,mar_1017,74.11965,retained,0,0,False,6
mar,mar_1018,66.52951,retained,0,0,False,8
mar,mar_1019,60.54447,retained,0,0,False,30
mar,mar_1020,46.91951,retained,0,0,False,12
mar,mar_1021,75.64179,retained,0,0,False,12
mar,mar_1022,62.46139,retained,0,0,False,24
mar,mar_1023,75.26115,retained,0,0,False,11
mar,mar_1024,70.00254,retained,0,0,False,19
mar,mar_1025,74.70632,retained,0,0,False,19
mar,mar_1026,80.1873,retained,0,0,False,13
mar,mar_1027,60.00066,retained,0,0,False,16
mar,mar_1028,80.985,retained,0,0,False,8
mar,mar_1029,79.79247,retained,0,0,False,6
mar,mar_1030,62.06784,retained,0,0,False,26
mar,mar_1031,75.04954,retained,0,0,False,13
mar,mar_1032,78.63157,retained,0,0,False,28
mar,mar_1033,76.10747,retained,0,0,False,19
mar,mar_1034,76.5014,retained,0,0,False,9
mar,mar_1035,62.18812,retained,0,0,False,18
mar,mar_1036,65.64474,retained,0,0,False,19
mar,mar_1037,65.26697,retained,0,0,False,20
mar,mar_1038,88.03239,retained,0,0,False,9
mar,mar_1039,85.01942,retained,0,0,False,14
mar,mar_1040,72.12116,retained,0,0,False,13
mar,mar_1041,62.85166,retained,0,0,False,27
mar,mar_1042,74.79794,retained,0,0,False,25
mar,mar_1043,55.05978,retained,0,0,False,18
mar,mar_1044,75.33548,retained,0,0,False,14
mar,mar_1045,69.67542,retained,0,0,False,13
mar,mar_1046,76.39942,retained,0,0,False,20
mar,mar_1047,60.42876,retained,0,0,False,19
mar,mar_1048,86.62474,retained,0,0,False,8
mar,mar_1049,68.11684,retained,0,0,False,21
mar,mar_1050,82.92397,retained,0,0,False,18
mar,mar_1051,86.04978,retained,0,0,False,9
mar,mar_1052,71.66662,retained,0,0,False,17
mar,mar_1053,61.28291,retained,0,0,False,15
mar,mar_1054,79.12167,retained,0,0,False,15
mar,mar_1055,57.64738,retained,0,0,False,15
mar,mar_1056,70.18558,retained,0,0,False,16
mar,mar_1057,85.22602,retained,0,0,False,16
mar,mar_1058,53.45767,retained,0,0,False,13
mar,mar_1059,60.3819,retained,0,0,False,25
mar,mar_1060,81.41559,retained,0,0,False,19
mar,mar_1061,80.44404,retained,0,0,False,19
mar,mar_1062,42.75892,retained,0,0,False,15
mar,mar_1063,83.44679,retained,0,0,False,11
mar,mar_1064,65.35693,retained,0,0,False,9
mar,mar_1065,75.94512,retained,0,0,False,22
mar,mar_1066,70.66396,retained,0,0,False,23
mar,mar_1067,67.07693,retained,0,0,False,26
mar,mar_1068,76.32121,retained,0,0,False,24
mar,mar_1069,88.6328,retained,0,0,False,8
mar,mar_1070,57.0498,retained,0,0,False,12
mar,mar_1071,58.3211,retained,0,0,False,17
mar,mar_1072,48.55908,retained,0,0,False,24
mar,mar_1073,62.97693,retained,0,0,False,19
mar,mar_1074,70.11377,retained,0,0,False,9
mar,mar_1075,60.694,retained,0,0,False,18
mar,mar_1076,83.283,retained,0,0,False,16
mar,mar_1077,76.98792,retained,0,0,False,16
mar,mar_1078,89.25409,retained,0,0,False,7
mar,mar_1079,66.02797,retained,0,0,False,18
mar,mar_1080,87.36491,retained,0,0,False,9
mar,mar_1081,74.03329,retained,0,0,False,13
mar,mar_1082,74.22998,retained,0,0,False,14
mar,mar_1083,79.96522,retained,0,0,False,13
mar,mar_1084,60.4668,retained,0,0,False,21
mar,mar_1085,88.25995,retained,0,0,False,22
mar,mar_1086,79.88827,retained,0,0,False,11
mar,mar_1087,61.54578,retained,0,0,False,14
mar,mar_1088,71.26652,retained,0,0,False,23
mar,mar_1089,73.34361,retained,0,0,False,14
mar,mar_1090,71.50746,retained,0,0,False,18
mar,mar_1091,73.74305,retained,0,0,False,24
mar,mar_1092,67.59928,retained,0,0,False,25
mar,mar_1093,85.58046,retained,0,0,False,13
mar,mar_1094,45.25515,retained,0,0,False,26
mar,mar_1095,79.63465,retained,0,0,False,15
mar,mar_1096,74.24059,retained,0,0,False,15
mar,mar_1097,74.54817,retained,0,0,False,17
mar,mar_1098,75.86395,retained,0,0,False,20
mar,mar_1099,88.6328,retained,0,0,False,8
mar,mar_1100,83.24394,retained,0,0,False,9
mar,mar_1101,70.28818,retained,0,0,False,19
mar,mar_1102,71.66588,retained,0,0,False,20
mar,mar_1103,76.77426,retained,0,0,False,9
mar,mar_1104,67.99229,excluded_roundtrip_failure,1,0,True,22
mar,mar_1105,78.08733,retained,0,0,False,22
mar,mar_1106,86.96052,retained,0,0,False,9
mar,mar_1107,63.29311,retained,0,0,False,21
mar,mar_1108,68.43691,retained,0,0,False,9
mar,mar_1109,71.66588,retained,0,0,False,20
mar,mar_1110,56.09249,retained,0,0,False,23
mar,mar_1111,87.61883,retained,0,0,False,6
mar,mar_1112,60.62065,retained,0,0,False,23
mar,mar_1113,67.8413,retained,0,0,False,20
mar,mar_1114,74.57014,retained,0,0,False,20
mar,mar_1115,59.42476,retained,0,0,False,13
mar,mar_1116,48.40308,retained,0,0,False,9
mar,mar_1117,63.02471,retained,0,0,False,13
mar,mar_1118,75.99428,retained,0,0,False,18
mar,mar_1119,80.60582,retained,0,0,False,19
mar,mar_1120,60.38408,retained,0,0,False,17
mar,mar_1121,76.2478,retained,0,0,False,9
mar,mar_1122,80.24619,retained,0,0,False,20
mar,mar_1123,58.69904,retained,0,0,False,34
mar,mar_1124,74.93005,retained,0,0,False,16
mar,mar_1125,74.03977,retained,0,0,False,25
mar,mar_1126,75.2902,retained,0,0,False,21
mar,mar_1127,52.5513,retained,0,0,False,15
mar,mar_1128,54.43791,retained,0,0,False,7
mar,mar_1129,66.01197,retained,0,0,False,11
mar,mar_1130,67.88967,retained,0,0,False,17
mar,mar_1131,62.13058,retained,0,0,False,12
mar,mar_1132,79.61895,retained,0,0,False,10
mar,mar_1133,56.07038,retained,0,0,False,11
mar,mar_1134,67.22447,retained,0,0,False,19
mar,mar_1135,69.5183,retained,0,0,False,24
mar,mar_1136,51.32608,retained,0,0,False,33
mar,mar_1137,67.95818,retained,0,0,False,7
mar,mar_1138,72.04474,retained,0,0,False,38
mar,mar_1139,74.84401,retained,0,0,False,23
mar,mar_1140,64.8496,retained,0,0,False,13
mar,mar_1141,79.71842,retained,0,0,False,7
mar,mar_1142,79.63465,retained,0,0,False,15
mar,mar_1143,53.23658,retained,0,0,False,21
mar,mar_1144,75.58574,retained,0,0,False,22
mar,mar_1145,60.77521,retained,0,0,False,13
mar,mar_1146,75.94371,retained,0,0,False,7
mar,mar_1147,66.02798,retained,0,0,False,18
mar,mar_1148,92.98474,retained,0,0,False,5
mar,mar_1149,80.24127,retained,0,0,False,19
mar,mar_1150,71.10227,retained,0,0,False,17
mar,mar_1152,67.497,retained,0,0,False,6
mar,mar_1153,80.97047,retained,0,0,False,12
mar,mar_1154,71.11934,retained,0,0,False,9
mar,mar_1155,79.3402,retained,0,0,False,16
mar,mar_1156,70.16786,excluded_roundtrip_failure,1,0,True,17
mar,mar_1157,64.00238,retained,0,0,False,23
mar,mar_1158,67.3164,retained,0,0,False,24
mar,mar_1159,57.2534,retained,0,0,False,21
mar,mar_1160,66.44132,retained,0,0,False,17
mar,mar_1161,63.05971,retained,0,0,False,29
mar,mar_1162,59.76048,retained,0,0,False,12
mar,mar_1163,89.0849,retained,0,0,False,19
mar,mar_1164,70.12423,retained,0,0,False,11
mar,mar_1165,48.75342,retained,0,0,False,10
mar,mar_1166,85.14885,retained,0,0,False,10
mar,mar_1167,83.1592,retained,0,0,False,13
mar,mar_1168,71.95815,retained,0,0,False,13
mar,mar_1169,50.65793,retained,0,0,False,17
mar,mar_1170,62.529,retained,0,0,False,13
mar,mar_1171,71.19924,retained,0,0,False,15
mar,mar_1172,52.75668,retained,0,0,False,13
mar,mar_1173,90.09996,retained,0,0,False,12
mar,mar_1174,65.67633,retained,0,0,False,11
mar,mar_1175,84.21652,retained,0,0,False,11
mar,mar_1176,72.37865,retained,0,0,False,22
mar,mar_1177,80.69889,retained,0,0,False,23
mar,mar_1178,67.26552,retained,0,0,False,20
mar,mar_1179,72.81403,retained,0,0,False,22
mar,mar_1180,78.53832,retained,0,0,False,20
mar,mar_1181,75.73146,retained,0,0,False,18
mar,mar_1182,55.27102,retained,0,0,False,12
mar,mar_1183,78.08754,retained,0,0,False,19
mar,mar_1184,69.61873,retained,0,0,False,22
mar,mar_1185,78.18529,retained,0,0,False,12
mar,mar_1186,70.9397,retained,0,0,False,14
mar,mar_1187,61.98795,retained,0,0,False,5
mar,mar_1188,92.98474,retained,0,0,False,5
mar,mar_1189,87.19862,retained,0,0,False,10
mar,mar_1190,56.47335,retained,0,0,False,11
mar,mar_1191,68.11481,retained,0,0,False,15
mar,mar_1192,60.70102,retained,0,0,False,21
mar,mar_1193,58.59064,retained,0,0,False,10
mar,mar_1194,62.15043,retained,0,0,False,7
mar,mar_1195,78.53801,retained,0,0,False,17
mar,mar_1196,79.94844,retained,0,0,False,17
mar,mar_1197,61.96239,retained,0,0,False,9
mar,mar_1198,84.23112,retained,0,0,False,12
mar,mar_1199,74.90962,retained,0,0,False,17
mar,mar_1200,78.66302,retained,0,0,False,24
mar,mar_1201,62.05672,retained,0,0,False,11
mar,mar_1202,74.3899,retained,0,0,False,22
mar,mar_1203,64.90628,retained,0,0,False,23
mar,mar_1204,63.29068,retained,0,0,False,25
mar,mar_1205,72.53889,retained,0,0,False,20
mar,mar_1206,82.95948,retained,0,0,False,12
mar,mar_1207,84.77125,retained,0,0,False,24
mar,mar_1208,77.93306,retained,0,0,False,19
mar,mar_1209,74.72267,retained,0,0,False,10
mar,mar_1210,72.85561,retained,0,0,False,12
mar,mar_1211,69.01442,retained,0,0,False,29
mar,mar_1212,77.46683,retained,0,0,False,21
mar,mar_1213,68.79843,retained,0,0,False,13
mar,mar_1214,54.26434,retained,0,0,False,9
mar,mar_1215,74.95301,retained,0,0,False,19
mar,mar_1216,73.71741,retained,0,0,False,12
mar,mar_1217,76.15672,retained,0,0,False,25
mar,mar_1218,79.75727,retained,0,0,False,18
mar,mar_1219,73.67777,retained,0,0,False,12
mar,mar_1220,72.23517,retained,0,0,False,8
mar,mar_1221,82.80539,retained,0,0,False,5
mar,mar_1222,83.55256,retained,0,0,False,7
mar,mar_1223,73.80543,retained,0,0,False,28
mar,mar_1224,75.47357,retained,0,0,False,11
mar,mar_1225,86.08639,retained,0,0,False,10
mar,mar_1226,75.09933,retained,0,0,False,15
mar,mar_1227,87.52139,retained,0,0,False,12
mar,mar_1228,85.40061,retained,0,0,False,22
mar,mar_1229,66.40191,retained,0,0,False,23
mar,mar_1230,79.69568,retained,0,0,False,19
mar,mar_1231,77.57114,retained,0,0,False,16
mar,mar_1232,49.55702,retained,0,0,False,9
mar,mar_1233,78.90538,retained,0,0,False,20
mar,mar_1234,64.22757,retained,0,0,False,18
mar,mar_1235,71.22235,retained,0,0,False,11
mar,mar_1236,74.561,retained,0,0,False,16
mar,mar_1237,66.99321,retained,0,0,False,15
mar,mar_1238,62.11486,retained,0,0,False,14
mar,mar_1239,68.04721,retained,0,0,False,19
mar,mar_1240,67.58049,retained,0,0,False,19
mar,mar_1241,64.11289,retained,0,0,False,16
mar,mar_1242,60.47355,retained,0,0,False,17
mar,mar_1243,27.47815,retained,0,0,False,3
mar,mar_1244,77.44377,retained,0,0,False,20
mar,mar_1245,70.97126,retained,0,0,False,10
mar,mar_1246,72.17918,retained,0,0,False,15
mar,mar_1247,56.1774,retained,0,0,False,20
mar,mar_1248,68.98312,retained,0,0,False,14
mar,mar_1249,92.48753,retained,0,0,False,15
mar,mar_1250,75.80677,retained,0,0,False,7
mar,mar_1251,82.70026,retained,0,0,False,13
mar,mar_1252,63.64089,retained,0,0,False,20
mar,mar_1253,71.36852,retained,0,0,False,9
mar,mar_1254,85.14106,retained,0,0,False,10
mar,mar_1255,84.23855,retained,0,0,False,22
mar,mar_1256,81.69917,retained,0,0,False,6
mar,mar_1257,74.6684,retained,0,0,False,23
mar,mar_1258,79.89467,retained,0,0,False,20
mar,mar_1259,85.24432,retained,0,0,False,15
mar,mar_1260,84.72722,retained,0,0,False,15
mar,mar_1261,72.57122,retained,0,0,False,12
mar,mar_1262,83.42193,retained,0,0,False,19
mar,mar_1263,87.01738,retained,0,0,False,20
mar,mar_1264,65.53838,retained,0,0,False,23
mar,mar_1265,74.7713,retained,0,0,False,8
mar,mar_1266,87.44606,retained,0,0,False,24
mar,mar_1267,73.17916,retained,0,0,False,17
mar,mar_1268,82.62162,retained,0,0,False,10
mar,mar_1269,78.93026,retained,0,0,False,20
mar,mar_1270,69.11398,retained,0,0,False,19
mar,mar_1271,80.05551,retained,0,0,False,27
mar,mar_1272,78.51096,retained,0,0,False,13
mar,mar_1273,87.07332,retained,0,0,False,13
mar,mar_1274,81.95,retained,0,0,False,18
mar,mar_1275,83.45534,retained,0,0,False,29
mar,mar_1276,80.46527,retained,0,0,False,20
mar,mar_1277,84.95046,retained,0,0,False,7
mar,mar_1278,74.09685,retained,0,0,False,21
mar,mar_1279,63.60707,retained,0,0,False,19
mar,mar_1280,78.72958,retained,0,0,False,8
mar,mar_1281,59.87796,retained,0,0,False,18
mar,mar_1282,61.65771,retained,0,0,False,27
mar,mar_1283,77.88596,retained,0,0,False,16
mar,mar_1284,77.23009,retained,0,0,False,9
mar,mar_1285,84.18455,retained,0,0,False,10
mar,mar_1286,85.35645,retained,0,0,False,11
mar,mar_1287,76.86688,retained,0,0,False,21
mar,mar_1288,71.30534,retained,0,0,False,16
mar,mar_1289,63.80008,retained,0,0,False,23
mar,mar_1290,69.4917,retained,0,0,False,20
mar,mar_1291,64.80607,retained,0,0,False,13
mar,mar_1292,77.01929,retained,0,0,False,13
mar,mar_1293,72.37049,retained,0,0,False,34
mar,mar_1294,69.01576,retained,0,0,False,15
mar,mar_1295,84.50066,retained,0,0,False,14
mar,mar_1296,64.52393,retained,0,0,False,19
mar,mar_1297,67.91794,retained,0,0,False,15
mar,mar_1298,61.16886,retained,0,0,False,25
mar,mar_1299,97.35129,retained,0,0,False,6
mar,mar_1300,64.09845,retained,0,0,False,22
mar,mar_1301,85.33892,retained,0,0,False,17
mar,mar_1302,63.55003,retained,0,0,False,17
mar,mar_1303,77.77534,retained,0,0,False,20
mar,mar_1304,74.4889,retained,0,0,False,18
mar,mar_1305,76.52827,retained,0,0,False,10
mar,mar_1306,90.2158,retained,0,0,False,18
mar,mar_1307,65.79006,retained,0,0,False,20
mar,mar_1308,85.61168,retained,0,0,False,17
mar,mar_1309,71.80846,retained,0,0,False,21
mar,mar_1310,85.83667,retained,0,0,False,14
mar,mar_1311,71.71895,retained,0,0,False,24
mar,mar_1312,76.72242,retained,0,0,False,11
mar,mar_1313,69.42688,retained,0,0,False,13
mar,mar_1314,77.62545,retained,0,0,False,14
mar,mar_1315,81.72238,retained,0,0,False,17
mar,mar_1316,83.67691,retained,0,0,False,13
mar,mar_1317,87.61221,retained,0,0,False,11
mar,mar_1318,88.35767,retained,0,0,False,9
mar,mar_1319,64.93012,retained,0,0,False,17
mar,mar_1320,54.13324,retained,0,0,False,10
mar,mar_1321,72.48113,retained,0,0,False,22
mar,mar_1322,80.88139,retained,0,0,False,14
mar,mar_1323,73.01354,retained,0,0,False,22
mar,mar_1324,83.57773,retained,0,0,False,20
mar,mar_1325,64.3641,retained,0,0,False,23
mar,mar_1326,80.97886,retained,0,0,False,24
mar,mar_1327,94.04628,retained,0,0,False,9
mar,mar_1328,76.65756,retained,0,0,False,22
mar,mar_1329,74.0962,retained,0,0,False,18
mar,mar_1330,53.568,retained,0,0,False,12
mar,mar_1331,60.59979,retained,0,0,False,32
mar,mar_1332,78.60027,retained,0,0,False,9
mar,mar_1333,79.33937,retained,0,0,False,10
mar,mar_1334,81.02069,retained,0,0,False,22
mar,mar_1335,64.04105,retained,0,0,False,14
mar,mar_1336,73.2228,retained,0,0,False,12
mar,mar_1337,31.62847,retained,0,0,False,4
mar,mar_1338,78.58415,retained,0,0,False,23
mar,mar_1339,73.68234,retained,0,0,False,20
mar,mar_1340,69.41417,retained,0,0,False,16
mar,mar_1341,71.55898,retained,0,0,False,26
mar,mar_1342,77.08913,retained,0,0,False,23
mar,mar_1343,80.90415,retained,0,0,False,17
mar,mar_1344,82.627,retained,0,0,False,19
mar,mar_1345,87.90327,retained,0,0,False,25
mar,mar_1346,73.15938,retained,0,0,False,15
mar,mar_1347,88.50238,retained,0,0,False,15
mar,mar_1348,83.69852,retained,0,0,False,15
mar,mar_1349,82.36455,retained,0,0,False,12
mar,mar_1350,81.76951,retained,0,0,False,9
mar,mar_1351,48.95076,retained,0,0,False,14
mar,mar_1352,66.70865,retained,0,0,False,18
mar,mar_1353,75.90165,retained,0,0,False,16
mar,mar_1354,67.58462,retained,0,0,False,28
mar,mar_1355,73.08242,retained,0,0,False,25
mar,mar_1356,85.31486,retained,0,0,False,24
mar,mar_1357,64.38182,retained,0,0,False,9
mar,mar_1358,80.94864,retained,0,0,False,22
mar,mar_1359,59.12262,retained,0,0,False,19
mar,mar_1360,77.99719,retained,0,0,False,22
mar,mar_1361,65.70608,retained,0,0,False,12
mar,mar_1362,36.16315,retained,0,0,False,4
mar,mar_1363,73.71157,retained,0,0,False,19
mar,mar_1364,79.08145,retained,0,0,False,10
mar,mar_1365,76.75795,retained,0,0,False,22
mar,mar_1366,82.63925,retained,0,0,False,21
mar,mar_1367,79.95837,retained,0,0,False,12
mar,mar_1368,78.5739,retained,0,0,False,27
mar,mar_1369,69.77274,retained,0,0,False,13
mar,mar_1370,72.72858,retained,0,0,False,10
mar,mar_1371,79.56247,retained,0,0,False,13
mar,mar_1372,75.28796,retained,0,0,False,13
mar,mar_1373,70.24234,retained,0,0,False,12
mar,mar_1374,82.65656,retained,0,0,False,23
mar,mar_1375,86.06704,retained,0,0,False,9
mar,mar_1376,85.64167,retained,0,0,False,21
mar,mar_1377,61.73521,retained,0,0,False,24
mar,mar_1378,56.39032,retained,0,0,False,11
mar,mar_1379,85.18165,retained,0,0,False,8
mar,mar_1380,59.23451,retained,0,0,False,18
mar,mar_1381,74.49679,retained,0,0,False,21
mar,mar_1382,54.36966,retained,0,0,False,8
mar,mar_1383,62.33155,retained,0,0,False,23
mar,mar_1384,84.39075,retained,0,0,False,22
mar,mar_1385,58.17299,retained,0,0,False,23
mar,mar_1386,61.1476,retained,0,0,False,14
mar,mar_1387,71.24663,retained,0,0,False,18
mar,mar_1388,82.25963,retained,0,0,False,18
mar,mar_1389,71.83882,retained,0,0,False,7
mar,mar_1390,69.93393,retained,0,0,False,40
mar,mar_1391,83.89357,retained,0,0,False,23
mar,mar_1392,54.63206,retained,0,0,False,11
mar,mar_1393,73.28273,retained,0,0,False,26
mar,mar_1394,72.44704,retained,0,0,False,14
mar,mar_1395,81.64591,retained,0,0,False,14
mar,mar_1396,73.03736,retained,0,0,False,13
mar,mar_1397,72.20573,retained,0,0,False,16
mar,mar_1398,75.05693,retained,0,0,False,14
mar,mar_1399,86.26362,retained,0,0,False,7
hin,hin_0000,54.38676476,retained,0,0,False,15
hin,hin_0001,91.73400998,retained,0,0,False,22
hin,hin_0002,75.19869208,retained,0,0,False,44
hin,hin_0003,81.98644519,retained,0,0,False,22
hin,hin_0004,74.51363802,retained,0,0,False,25
hin,hin_0005,59.97102261,retained,0,0,False,20
hin,hin_0006,75.30726194,retained,0,0,False,31
hin,hin_0007,75.35736561,retained,0,0,False,24
hin,hin_0008,77.88802385,retained,0,0,False,27
hin,hin_0009,76.74914598,retained,0,0,False,20
hin,hin_0010,78.99553776,retained,0,0,False,20
hin,hin_0011,87.94111013,retained,0,0,False,20
hin,hin_0012,50.74489117,retained,0,0,False,27
hin,hin_0013,81.93263412,retained,0,0,False,31
hin,hin_0014,74.88969564,retained,0,0,False,22
hin,hin_0015,90.22997022,retained,0,0,False,17
hin,hin_0016,70.36340833,retained,0,0,False,25
hin,hin_0017,78.64764333,retained,0,0,False,20
hin,hin_0018,61.22655869,retained,0,0,False,24
hin,hin_0019,64.42269087,retained,0,0,False,19
hin,hin_0020,81.5469861,retained,0,0,False,22
hin,hin_0021,74.74719882,retained,0,0,False,22
hin,hin_0022,42.77540445,retained,0,0,False,22
hin,hin_0023,72.25567698,retained,0,0,False,65
hin,hin_0024,52.31226087,retained,0,0,False,46
hin,hin_0025,81.15491867,retained,0,0,False,36
hin,hin_0026,84.86220241,retained,0,0,False,27
hin,hin_0027,87.0886445,retained,0,0,False,19
hin,hin_0028,66.18098021,retained,0,0,False,39
hin,hin_0029,90.28885961,retained,0,0,False,17
hin,hin_0030,79.77513671,retained,0,0,False,27
hin,hin_0031,78.80502343,retained,0,0,False,20
hin,hin_0032,88.09423447,retained,0,0,False,26
hin,hin_0033,54.19657826,retained,0,0,False,29
hin,hin_0034,89.73740339,retained,0,0,False,26
hin,hin_0035,76.46011114,retained,0,0,False,32
hin,hin_0036,64.79178071,retained,0,0,False,39
hin,hin_0037,54.20732498,retained,0,0,False,20
hin,hin_0038,87.25441694,retained,0,0,False,15
hin,hin_0039,81.48398399,retained,0,0,False,17
hin,hin_0040,85.84486842,retained,0,0,False,20
hin,hin_0041,82.00551867,retained,0,0,False,15
hin,hin_0042,91.7419374,retained,0,0,False,15
hin,hin_0043,80.03997207,retained,0,0,False,29
hin,hin_0044,66.3007021,retained,0,0,False,25
hin,hin_0045,69.15539503,retained,0,0,False,26
hin,hin_0046,70.61991096,retained,0,0,False,30
hin,hin_0047,77.07034945,retained,0,0,False,32
hin,hin_0048,87.36777306,retained,0,0,False,22
hin,hin_0049,88.9950335,retained,0,0,False,24
hin,hin_0050,88.35793734,retained,0,0,False,30
hin,hin_0051,73.96088243,retained,0,0,False,22
hin,hin_0052,79.35590148,retained,0,0,False,15
hin,hin_0053,72.93286324,retained,0,0,False,22
hin,hin_0054,88.40299845,retained,0,0,False,16
hin,hin_0055,83.69348049,retained,0,0,False,20
hin,hin_0056,71.01944089,retained,0,0,False,19
hin,hin_0057,73.04419875,retained,0,0,False,34
hin,hin_0058,87.41539717,retained,0,0,False,32
hin,hin_0059,63.57391477,retained,0,0,False,30
hin,hin_0060,63.08124065,retained,0,0,False,40
hin,hin_0061,60.0009203,retained,0,0,False,19
hin,hin_0062,84.35484767,retained,0,0,False,26
hin,hin_0063,95.73381543,retained,0,0,False,13
hin,hin_0064,82.82771707,retained,0,0,False,18
hin,hin_0065,85.16646028,retained,0,0,False,30
hin,hin_0066,71.86673284,retained,0,0,False,18
hin,hin_0067,80.35829663,retained,0,0,False,11
hin,hin_0068,78.40127349,retained,0,0,False,30
hin,hin_0069,86.49123907,retained,0,0,False,28
hin,hin_0070,86.68344617,retained,0,0,False,15
hin,hin_0071,87.09853888,retained,0,0,False,13
hin,hin_0072,74.70346689,retained,0,0,False,22
hin,hin_0073,79.21611071,retained,0,0,False,16
hin,hin_0074,84.14111137,retained,0,0,False,26
hin,hin_0075,60.04622579,retained,0,0,False,31
hin,hin_0076,64.31303024,retained,0,0,False,24
hin,hin_0077,89.29985166,retained,0,0,False,21
hin,hin_0078,73.62584472,retained,0,0,False,28
hin,hin_0079,82.69075751,retained,0,0,False,29
hin,hin_0080,81.02516532,retained,0,0,False,20
hin,hin_0081,81.08065128,retained,0,0,False,23
hin,hin_0082,84.43598747,retained,0,0,False,20
hin,hin_0083,85.41428447,retained,0,0,False,27
hin,hin_0084,67.37552285,retained,0,0,False,31
hin,hin_0085,76.49527192,retained,0,0,False,30
hin,hin_0086,83.78134966,retained,0,0,False,22
hin,hin_0087,70.51441669,retained,0,0,False,25
hin,hin_0088,61.51878238,retained,0,0,False,42
hin,hin_0089,76.27287507,retained,0,0,False,32
hin,hin_0090,86.79538965,retained,0,0,False,24
hin,hin_0091,86.40488982,retained,0,0,False,18
hin,hin_0092,68.17170978,retained,0,0,False,29
hin,hin_0093,86.72502041,retained,0,0,False,15
hin,hin_0094,89.72941637,retained,0,0,False,14
hin,hin_0095,72.57683277,retained,0,0,False,31
hin,hin_0096,90.20659328,retained,0,0,False,15
hin,hin_0097,76.20939016,retained,0,0,False,33
hin,hin_0098,80.43113947,retained,0,0,False,22
hin,hin_0099,78.12994719,retained,0,0,False,38
hin,hin_0100,55.89057207,retained,0,0,False,31
hin,hin_0101,83.80992413,retained,0,0,False,32
hin,hin_0102,80.34134507,retained,0,0,False,16
hin,hin_0103,81.43114448,retained,0,0,False,45
hin,hin_0104,56.12214208,retained,0,0,False,16
hin,hin_0105,90.94823003,retained,0,0,False,24
hin,hin_0106,75.06368756,retained,0,0,False,30
hin,hin_0107,79.65490818,retained,0,0,False,24
hin,hin_0108,73.84437919,retained,0,0,False,43
hin,hin_0109,94.81395483,retained,0,0,False,7
hin,hin_0110,88.77094984,retained,0,0,False,16
hin,hin_0111,76.1867404,retained,0,0,False,32
hin,hin_0112,69.54211593,retained,0,0,False,30
hin,hin_0113,77.81765461,retained,0,0,False,25
hin,hin_0114,77.51842141,retained,0,0,False,22
hin,hin_0115,76.36045218,retained,0,0,False,37
hin,hin_0116,67.9911077,retained,0,0,False,20
hin,hin_0117,84.9665761,retained,0,0,False,25
hin,hin_0118,74.01103377,retained,0,0,False,31
hin,hin_0119,84.66365933,retained,0,0,False,19
hin,hin_0120,73.84936213,retained,0,0,False,15
hin,hin_0121,78.23581696,retained,0,0,False,30
hin,hin_0122,82.28560686,retained,0,0,False,30
hin,hin_0123,90.32794237,retained,0,0,False,9
hin,hin_0124,74.92560744,retained,0,0,False,39
hin,hin_0125,86.97282076,retained,0,0,False,19
hin,hin_0126,88.96932006,retained,0,0,False,8
hin,hin_0127,78.54121327,retained,0,0,False,23
hin,hin_0128,76.58476233,retained,0,0,False,19
hin,hin_0129,85.67990661,retained,0,0,False,19
hin,hin_0130,74.31944609,retained,0,0,False,26
hin,hin_0131,82.55623579,retained,0,0,False,19
hin,hin_0132,93.63025427,retained,0,0,False,12
hin,hin_0133,76.61470175,retained,0,0,False,23
hin,hin_0134,70.7646668,retained,0,0,False,26
hin,hin_0135,76.82770491,retained,0,0,False,25
hin,hin_0136,84.71307158,retained,0,0,False,32
hin,hin_0137,91.47696495,retained,0,0,False,14
hin,hin_0138,69.09640431,retained,0,0,False,22
hin,hin_0139,94.14571524,retained,0,0,False,12
hin,hin_0140,91.6908741,retained,0,0,False,14
hin,hin_0141,35.12305021,retained,0,0,False,21
hin,hin_0142,38.15445006,retained,0,0,False,15
hin,hin_0143,39.11680877,retained,0,0,False,15
hin,hin_0144,42.94863641,retained,0,0,False,22
hin,hin_0145,41.68628752,retained,0,0,False,38
hin,hin_0146,51.11701488,retained,0,0,False,16
hin,hin_0147,47.31134772,retained,0,0,False,20
hin,hin_0148,59.36065912,retained,0,0,False,33
hin,hin_0149,46.63307667,retained,0,0,False,19
hin,hin_0150,42.91805625,retained,0,0,False,31
hin,hin_0151,54.79664803,retained,0,0,False,21
hin,hin_0152,33.53807032,retained,0,0,False,21
hin,hin_0153,39.62596655,retained,0,0,False,26
hin,hin_0154,35.87623239,retained,0,0,False,25
hin,hin_0155,42.24259257,retained,0,0,False,23
hin,hin_0156,43.2729125,retained,0,0,False,22
hin,hin_0157,46.86090052,retained,0,0,False,24
hin,hin_0158,47.19369709,retained,0,0,False,30
hin,hin_0159,39.85616565,retained,0,0,False,29
hin,hin_0160,27.85536945,retained,0,0,False,38
hin,hin_0161,35.95699668,retained,0,0,False,41
hin,hin_0162,27.48275995,retained,0,0,False,17
hin,hin_0163,47.97636867,retained,0,0,False,26
hin,hin_0164,40.98760486,retained,0,0,False,23
hin,hin_0165,42.6160574,retained,0,0,False,21
hin,hin_0166,42.20684767,retained,0,0,False,17
hin,hin_0167,38.01390231,retained,0,0,False,16
hin,hin_0168,43.08073819,retained,0,0,False,28
hin,hin_0169,34.51310098,retained,0,0,False,17
hin,hin_0170,42.48658121,retained,0,0,False,19
hin,hin_0171,38.64756823,retained,0,0,False,14
hin,hin_0172,35.44342816,retained,0,0,False,33
hin,hin_0173,41.60079658,retained,0,0,False,16
hin,hin_0174,49.49574769,retained,0,0,False,18
hin,hin_0175,39.63908255,retained,0,0,False,18
hin,hin_0176,37.5810504,retained,0,0,False,21
hin,hin_0177,31.82875216,retained,0,0,False,25
hin,hin_0178,39.78284597,retained,0,0,False,27
hin,hin_0179,28.23053598,retained,0,0,False,24
hin,hin_0180,42.70180166,retained,0,0,False,23
hin,hin_0181,36.65686548,retained,0,0,False,16
hin,hin_0182,40.36431611,retained,0,0,False,15
hin,hin_0183,37.48758137,retained,0,0,False,12
hin,hin_0184,35.68233252,retained,0,0,False,46
hin,hin_0185,46.68931365,retained,0,0,False,30
hin,hin_0186,37.70610392,retained,0,0,False,25
hin,hin_0187,48.55806828,retained,0,0,False,17
hin,hin_0188,32.35359788,retained,0,0,False,20
hin,hin_0189,46.09821439,retained,0,0,False,17
hin,hin_0190,51.15170479,retained,0,0,False,25
hin,hin_0191,46.29175365,retained,0,0,False,19
hin,hin_0192,46.24657333,retained,0,0,False,12
hin,hin_0193,51.14937425,retained,0,0,False,31
hin,hin_0194,37.56828308,retained,0,0,False,25
hin,hin_0195,43.44808161,retained,0,0,False,14
hin,hin_0196,48.55271578,retained,0,0,False,23
hin,hin_0197,35.65074801,retained,0,0,False,19
hin,hin_0198,47.34520614,retained,0,0,False,25
hin,hin_0199,46.09739184,retained,0,0,False,15
hin,hin_0200,39.80695307,retained,0,0,False,23
hin,hin_0201,42.62825847,retained,0,0,False,19
hin,hin_0202,46.16243243,retained,0,0,False,18
hin,hin_0203,35.74711084,retained,0,0,False,21
hin,hin_0204,52.224648,retained,0,0,False,13
hin,hin_0205,45.03077269,retained,0,0,False,17
hin,hin_0206,46.79018557,retained,0,0,False,29
hin,hin_0207,39.68750834,retained,0,0,False,14
hin,hin_0208,52.06193328,retained,0,0,False,18
hin,hin_0209,42.3217684,retained,0,0,False,12
hin,hin_0210,38.05053532,retained,0,0,False,17
hin,hin_0211,37.87598908,retained,0,0,False,42
hin,hin_0212,28.72788906,retained,0,0,False,23
hin,hin_0213,54.32348251,retained,0,0,False,13
hin,hin_0214,40.4758364,retained,0,0,False,24
hin,hin_0215,32.97190368,retained,0,0,False,25
hin,hin_0216,52.50437856,retained,0,0,False,9
hin,hin_0217,36.04440987,retained,0,0,False,20
hin,hin_0218,37.87235916,retained,0,0,False,27
hin,hin_0219,41.20630622,retained,0,0,False,31
hin,hin_0220,41.69268608,retained,0,0,False,39
hin,hin_0221,50.59776306,retained,0,0,False,25
hin,hin_0222,51.41865015,retained,0,0,False,23
hin,hin_0223,36.83159947,retained,0,0,False,19
hin,hin_0224,35.19074917,retained,0,0,False,21
hin,hin_0225,34.07455385,retained,0,0,False,16
hin,hin_0226,39.01623785,retained,0,0,False,28
hin,hin_0227,42.83056855,retained,0,0,False,29
hin,hin_0228,57.85802603,retained,0,0,False,36
hin,hin_0229,47.25462794,retained,0,0,False,38
hin,hin_0230,46.06381953,retained,0,0,False,17
hin,hin_0231,43.71598363,retained,0,0,False,24
hin,hin_0232,45.65504491,retained,0,0,False,33
hin,hin_0233,41.47899449,retained,0,0,False,24
hin,hin_0234,42.13559628,retained,0,0,False,19
hin,hin_0235,20.08218169,retained,0,0,False,19
hin,hin_0236,54.43937182,retained,0,0,False,28
hin,hin_0237,51.22035146,retained,0,0,False,25
hin,hin_0238,50.15143156,retained,0,0,False,28
hin,hin_0239,42.94100404,retained,0,0,False,20
hin,hin_0240,36.465168,retained,0,0,False,22
hin,hin_0241,29.77544665,retained,0,0,False,23
hin,hin_0242,36.97951138,retained,0,0,False,32
hin,hin_0243,41.92387462,retained,0,0,False,23
hin,hin_0244,42.16047525,retained,0,0,False,16
hin,hin_0245,42.79876053,retained,0,0,False,29
hin,hin_0246,44.75185573,retained,0,0,False,20
hin,hin_0247,40.4247582,retained,0,0,False,17
hin,hin_0248,42.58639812,retained,0,0,False,15
hin,hin_0249,35.37250459,retained,0,0,False,23
hin,hin_0250,35.21898091,retained,0,0,False,50
hin,hin_0251,42.65682399,retained,0,0,False,22
hin,hin_0252,46.69886529,retained,0,0,False,26
hin,hin_0253,36.67100072,retained,0,0,False,26
hin,hin_0254,36.84069514,retained,0,0,False,26
hin,hin_0255,45.91908753,retained,0,0,False,23
hin,hin_0256,38.61019909,retained,0,0,False,21
hin,hin_0257,36.55027747,retained,0,0,False,28
hin,hin_0258,35.8371973,retained,0,0,False,21
hin,hin_0259,44.31813061,retained,0,0,False,31
hin,hin_0260,31.554389,retained,0,0,False,19
hin,hin_0261,41.99637473,retained,0,0,False,27
hin,hin_0262,45.86199224,retained,0,0,False,22
hin,hin_0263,43.41842532,retained,0,0,False,28
hin,hin_0264,41.25170708,retained,0,0,False,34
hin,hin_0265,46.73227668,retained,0,0,False,31
hin,hin_0266,38.79284561,retained,0,0,False,24
hin,hin_0267,32.60460794,retained,0,0,False,10
hin,hin_0268,49.89880025,retained,0,0,False,14
hin,hin_0269,39.61342275,retained,0,0,False,19
hin,hin_0270,44.26468909,retained,0,0,False,30
hin,hin_0271,38.34530413,retained,0,0,False,32
hin,hin_0272,37.0819509,retained,0,0,False,12
hin,hin_0273,40.14176726,retained,0,0,False,34
hin,hin_0274,52.68533826,retained,0,0,False,28
hin,hin_0275,38.0192101,retained,0,0,False,18
hin,hin_0276,46.78251445,retained,0,0,False,38
hin,hin_0277,38.15251589,retained,0,0,False,22
hin,hin_0278,46.54011726,retained,0,0,False,21
hin,hin_0279,35.89022458,retained,0,0,False,17
hin,hin_0280,42.45295525,retained,0,0,False,34
hin,hin_0281,37.59199083,retained,0,0,False,28
hin,hin_0282,28.49186659,retained,0,0,False,34
hin,hin_0283,49.91334379,retained,0,0,False,13
hin,hin_0284,54.12296057,retained,0,0,False,15
hin,hin_0285,57.25377202,retained,0,0,False,33
hin,hin_0286,41.72335565,retained,0,0,False,26
hin,hin_0287,38.70874345,retained,0,0,False,21
hin,hin_0288,35.34214199,retained,0,0,False,19
hin,hin_0289,35.00777483,retained,0,0,False,40
hin,hin_0290,48.96120131,retained,0,0,False,22
hin,hin_0291,37.24978268,retained,0,0,False,16
hin,hin_0292,33.06884766,retained,0,0,False,29
hin,hin_0293,33.47605467,retained,0,0,False,30
hin,hin_0294,40.49617052,retained,0,0,False,19
hin,hin_0295,38.23810816,retained,0,0,False,17
hin,hin_0296,42.93439984,retained,0,0,False,27
hin,hin_0297,46.37771845,retained,0,0,False,15
hin,hin_0298,57.77839422,retained,0,0,False,24
hin,hin_0299,40.02134502,retained,0,0,False,31
hin,hin_0300,39.58714306,retained,0,0,False,10
hin,hin_0301,39.69619572,retained,0,0,False,16
hin,hin_0302,31.97906613,retained,0,0,False,28
hin,hin_0303,36.98025346,retained,0,0,False,17
hin,hin_0304,42.49642193,retained,0,0,False,18
hin,hin_0305,42.59631634,retained,0,0,False,26
hin,hin_0306,38.42562735,retained,0,0,False,15
hin,hin_0307,41.69063568,retained,0,0,False,18
hin,hin_0308,42.69132614,retained,0,0,False,14
hin,hin_0309,48.52165878,retained,0,0,False,19
hin,hin_0310,52.13968158,retained,0,0,False,30
hin,hin_0311,46.84671164,retained,0,0,False,22
hin,hin_0312,35.5317086,retained,0,0,False,35
hin,hin_0313,39.08878267,retained,0,0,False,25
hin,hin_0314,48.08702171,retained,0,0,False,34
hin,hin_0315,36.64605021,retained,0,0,False,23
hin,hin_0316,35.55756211,retained,0,0,False,16
hin,hin_0317,34.86042023,retained,0,0,False,21
hin,hin_0318,34.85642374,retained,0,0,False,37
hin,hin_0319,45.01246512,retained,0,0,False,16
hin,hin_0320,43.77599955,retained,0,0,False,27
hin,hin_0321,40.65422714,retained,0,0,False,15
hin,hin_0322,34.44169462,retained,0,0,False,19
hin,hin_0323,28.60316634,retained,0,0,False,53
hin,hin_0324,44.61628497,retained,0,0,False,22
hin,hin_0325,44.80294585,retained,0,0,False,30
hin,hin_0326,47.63962328,retained,0,0,False,27
hin,hin_0327,37.61377037,retained,0,0,False,15
hin,hin_0328,32.72130787,retained,0,0,False,19
hin,hin_0329,35.88760793,retained,0,0,False,21
hin,hin_0330,49.28747118,retained,0,0,False,15
hin,hin_0331,38.94660771,retained,0,0,False,33
hin,hin_0332,51.44985318,retained,0,0,False,21
hin,hin_0333,38.95202577,retained,0,0,False,10
hin,hin_0334,29.64480221,retained,0,0,False,15
hin,hin_0335,56.85592294,retained,0,0,False,20
hin,hin_0336,27.62455046,retained,0,0,False,14
hin,hin_0337,42.21604466,retained,0,0,False,22
hin,hin_0338,39.41132724,retained,0,0,False,17
hin,hin_0339,49.80012476,retained,0,0,False,28
hin,hin_0340,53.62682939,retained,0,0,False,31
hin,hin_0341,43.47176254,retained,0,0,False,35
hin,hin_0342,41.10066891,retained,0,0,False,13
hin,hin_0343,40.98403752,retained,0,0,False,28
hin,hin_0344,34.72153544,retained,0,0,False,33
hin,hin_0345,39.76229429,retained,0,0,False,22
hin,hin_0346,39.84991312,retained,0,0,False,25
hin,hin_0347,40.65667391,retained,0,0,False,25
hin,hin_0348,34.48688984,retained,0,0,False,24
hin,hin_0349,39.8070097,retained,0,0,False,39
hin,hin_0350,42.01258123,retained,0,0,False,12
hin,hin_0351,26.45082474,retained,0,0,False,18
hin,hin_0352,46.49993479,retained,0,0,False,33
hin,hin_0353,41.97331369,retained,0,0,False,27
hin,hin_0354,52.81289816,retained,0,0,False,34
hin,hin_0355,37.40757406,retained,0,0,False,22
hin,hin_0356,56.66406751,retained,0,0,False,25
hin,hin_0357,35.06411612,retained,0,0,False,16
hin,hin_0358,45.78499496,retained,0,0,False,33
hin,hin_0359,41.12790227,retained,0,0,False,19
hin,hin_0360,44.8612988,retained,0,0,False,36
hin,hin_0361,32.46945143,retained,0,0,False,30
hin,hin_0362,38.88253272,retained,0,0,False,17
hin,hin_0363,46.86570764,retained,0,0,False,24
hin,hin_0364,39.80656862,retained,0,0,False,32
hin,hin_0365,41.83431864,retained,0,0,False,23
hin,hin_0366,49.36759472,retained,0,0,False,52
hin,hin_0367,30.3806901,retained,0,0,False,31
hin,hin_0368,46.87531292,retained,0,0,False,25
hin,hin_0369,36.38070822,retained,0,0,False,27
hin,hin_0370,50.96614361,retained,0,0,False,20
hin,hin_0371,34.86428559,retained,0,0,False,18
hin,hin_0372,55.05342484,retained,0,0,False,11
hin,hin_0373,31.58804476,retained,0,0,False,26
hin,hin_0374,32.85402358,retained,0,0,False,20
hin,hin_0375,38.08368742,retained,0,0,False,22
hin,hin_0376,51.73897147,retained,0,0,False,11
hin,hin_0377,40.76941907,retained,0,0,False,22
hin,hin_0378,34.28531289,retained,0,0,False,13
hin,hin_0379,49.4889766,retained,0,0,False,21
hin,hin_0380,29.30344641,retained,0,0,False,20
hin,hin_0381,37.69453764,retained,0,0,False,33
hin,hin_0382,34.58526731,retained,0,0,False,26
hin,hin_0383,36.13553941,retained,0,0,False,27
hin,hin_0384,46.11545503,retained,0,0,False,19
hin,hin_0385,43.59702766,retained,0,0,False,16
hin,hin_0386,83.35410953,retained,0,0,False,23
hin,hin_0387,88.00512552,retained,0,0,False,16
hin,hin_0388,79.54449654,retained,0,0,False,25
hin,hin_0389,77.28601098,retained,0,0,False,39
hin,hin_0390,83.41767192,retained,0,0,False,23
hin,hin_0391,88.42752576,retained,0,0,False,21
hin,hin_0392,72.77200818,retained,0,0,False,18
hin,hin_0393,84.65173841,retained,0,0,False,31
hin,hin_0394,67.92010069,retained,0,0,False,15
hin,hin_0395,75.82782507,retained,0,0,False,49
hin,hin_0396,63.06933761,retained,0,0,False,55
hin,hin_0397,79.62688208,retained,0,0,False,29
hin,hin_0398,79.90383506,retained,0,0,False,22
hin,hin_0399,79.30443287,retained,0,0,False,20
hin,hin_0400,90.43911695,retained,0,0,False,29
hin,hin_0401,73.99510145,retained,0,0,False,35
hin,hin_0402,71.20885253,retained,0,0,False,14
hin,hin_0403,81.8592608,retained,0,0,False,34
hin,hin_0404,84.9801898,retained,0,0,False,17
hin,hin_0405,73.75712991,retained,0,0,False,18
hin,hin_0406,90.81033468,retained,0,0,False,15
hin,hin_0407,81.33692145,retained,0,0,False,19
hin,hin_0408,80.34871221,retained,0,0,False,34
hin,hin_0409,79.74230647,retained,0,0,False,31
hin,hin_0410,90.45758247,retained,0,0,False,16
hin,hin_0411,88.06837797,retained,0,0,False,23
hin,hin_0412,89.78071213,retained,0,0,False,25
hin,hin_0413,89.34563994,retained,0,0,False,23
hin,hin_0414,73.57131243,retained,0,0,False,15
hin,hin_0415,78.66980433,retained,0,0,False,10
hin,hin_0416,90.74655771,retained,0,0,False,12
hin,hin_0417,80.37712574,retained,0,0,False,29
hin,hin_0418,84.26758647,retained,0,0,False,20
hin,hin_0419,61.43746376,retained,0,0,False,26
hin,hin_0420,77.08415985,retained,0,0,False,19
hin,hin_0421,82.41103292,retained,0,0,False,26
hin,hin_0422,88.75831962,retained,0,0,False,25
hin,hin_0423,73.16080928,retained,0,0,False,35
hin,hin_0424,87.84144521,retained,0,0,False,16
hin,hin_0425,86.19471192,retained,0,0,False,15
hin,hin_0426,64.42567706,retained,0,0,False,25
hin,hin_0427,82.93195963,retained,0,0,False,23
hin,hin_0428,47.97379375,retained,0,0,False,24
hin,hin_0429,68.96250844,retained,0,0,False,35
hin,hin_0430,93.18364263,retained,0,0,False,18
hin,hin_0431,86.60025001,retained,0,0,False,24
hin,hin_0432,82.17859268,retained,0,0,False,28
hin,hin_0433,68.17004085,retained,0,0,False,33
hin,hin_0434,78.02319527,retained,0,0,False,32
hin,hin_0435,68.15956831,retained,0,0,False,20
hin,hin_0436,72.95512557,retained,0,0,False,27
hin,hin_0437,92.29632616,retained,0,0,False,8
hin,hin_0438,84.65766907,retained,0,0,False,18
hin,hin_0439,87.15293407,retained,0,0,False,34
hin,hin_0440,86.73580289,retained,0,0,False,30
hin,hin_0441,85.7612133,retained,0,0,False,23
hin,hin_0442,87.934798,retained,0,0,False,32
hin,hin_0443,86.91060543,retained,0,0,False,35
hin,hin_0444,90.10070562,retained,0,0,False,25
hin,hin_0445,86.77169681,retained,0,0,False,12
hin,hin_0446,79.6417892,retained,0,0,False,23
hin,hin_0447,92.7601397,retained,0,0,False,11
hin,hin_0448,88.50978613,retained,0,0,False,24
hin,hin_0449,80.8179915,retained,0,0,False,17
hin,hin_0450,61.70622706,retained,0,0,False,16
hin,hin_0451,69.69823241,retained,0,0,False,31
hin,hin_0452,64.13555741,retained,0,0,False,25
hin,hin_0453,94.00376081,retained,0,0,False,15
hin,hin_0454,80.58410883,retained,0,0,False,13
hin,hin_0455,87.37968802,retained,0,0,False,14
hin,hin_0456,89.40759301,retained,0,0,False,14
hin,hin_0457,50.57289004,retained,0,0,False,25
hin,hin_0458,81.39135838,retained,0,0,False,33
hin,hin_0459,55.40489554,retained,0,0,False,26
hin,hin_0460,75.72039366,retained,0,0,False,24
hin,hin_0461,87.90891171,retained,0,0,False,24
hin,hin_0462,84.69516635,retained,0,0,False,14
hin,hin_0463,68.77503991,retained,0,0,False,32
hin,hin_0464,85.79982519,retained,0,0,False,28
hin,hin_0465,82.18569756,retained,0,0,False,30
hin,hin_0466,86.60635948,retained,0,0,False,18
hin,hin_0467,83.73119235,retained,0,0,False,16
hin,hin_0468,53.18481326,retained,0,0,False,22
hin,hin_0469,56.65142536,retained,0,0,False,13
hin,hin_0470,91.39223099,retained,0,0,False,22
hin,hin_0471,84.53290462,retained,0,0,False,23
hin,hin_0472,75.09868741,retained,0,0,False,28
hin,hin_0473,87.99168468,retained,0,0,False,12
hin,hin_0474,74.37546849,retained,0,0,False,28
hin,hin_0475,65.49765468,retained,0,0,False,39
hin,hin_0476,95.73381543,retained,0,0,False,13
hin,hin_0477,63.90265226,retained,0,0,False,31
hin,hin_0478,78.87474298,retained,0,0,False,16
hin,hin_0479,63.63511682,retained,0,0,False,26
hin,hin_0480,43.81711781,retained,0,0,False,29
hin,hin_0481,73.9430666,retained,0,0,False,26
hin,hin_0482,74.86112118,retained,0,0,False,15
hin,hin_0483,89.23785686,retained,0,0,False,13
hin,hin_0484,76.93250775,retained,0,0,False,22
hin,hin_0485,91.53799415,retained,0,0,False,14
hin,hin_0486,88.06193471,retained,0,0,False,20
hin,hin_0487,93.03705692,retained,0,0,False,16
hin,hin_0488,74.62307811,retained,0,0,False,32
hin,hin_0489,67.89559722,retained,0,0,False,32
hin,hin_0490,86.29678488,retained,0,0,False,35
hin,hin_0491,79.38014865,retained,0,0,False,21
hin,hin_0492,79.95861769,retained,0,0,False,19
hin,hin_0493,72.11715579,retained,0,0,False,41
hin,hin_0494,67.00161695,retained,0,0,False,15
hin,hin_0495,79.26420569,retained,0,0,False,34
hin,hin_0496,88.83652091,retained,0,0,False,26
hin,hin_0497,70.63689828,retained,0,0,False,16
hin,hin_0498,76.46811604,retained,0,0,False,20
hin,hin_0499,76.36415958,retained,0,0,False,15
hin,hin_0500,86.94816232,retained,0,0,False,23
hin,hin_0501,60.79878211,retained,0,0,False,38
hin,hin_0502,84.05146599,retained,0,0,False,31
hin,hin_0503,78.65772247,retained,0,0,False,28
hin,hin_0504,89.28328156,retained,0,0,False,24
hin,hin_0505,93.37539673,retained,0,0,False,17
hin,hin_0506,74.58712459,retained,0,0,False,23
hin,hin_0507,52.940768,retained,0,0,False,20
hin,hin_0508,74.79462624,retained,0,0,False,24
hin,hin_0509,86.83954477,retained,0,0,False,30
hin,hin_0510,72.09640741,retained,0,0,False,27
hin,hin_0511,72.25752473,retained,0,0,False,25
hin,hin_0512,41.93342328,retained,0,0,False,63
hin,hin_0513,74.57585335,retained,0,0,False,26
hin,hin_0514,76.65916085,retained,0,0,False,33
hin,hin_0515,87.78108954,retained,0,0,False,13
hin,hin_0516,51.7960608,retained,0,0,False,35
hin,hin_0517,81.80221915,retained,0,0,False,34
hin,hin_0518,84.21329856,retained,0,0,False,27
hin,hin_0519,59.94654894,retained,0,0,False,36
hin,hin_0520,63.9195323,retained,0,0,False,20
hin,hin_0521,82.7968359,retained,0,0,False,37
hin,hin_0522,83.39179158,retained,0,0,False,34
hin,hin_0523,82.55582452,retained,0,0,False,39
hin,hin_0524,76.60973072,retained,0,0,False,27
hin,hin_0525,84.50242877,retained,0,0,False,38
hin,hin_0526,86.76618338,retained,0,0,False,29
hin,hin_0527,80.04944324,retained,0,0,False,26
hin,hin_0528,76.71086192,retained,0,0,False,32
hin,hin_0529,80.46870828,retained,0,0,False,26
hin,hin_0530,60.41857004,retained,0,0,False,24
hin,hin_0531,66.98460579,retained,0,0,False,49
hin,hin_0532,82.53269792,retained,0,0,False,34
hin,hin_0533,76.64535046,retained,0,0,False,49
hin,hin_0534,74.68101382,retained,0,0,False,26
hin,hin_0535,88.72655034,retained,0,0,False,22
hin,hin_0536,69.57761049,retained,0,0,False,13
hin,hin_0537,75.91790557,retained,0,0,False,33
hin,hin_0538,89.16950226,retained,0,0,False,26
hin,hin_0539,84.86759067,retained,0,0,False,17
hin,hin_0540,74.12903309,retained,0,0,False,23
hin,hin_0541,51.38953924,retained,0,0,False,25
hin,hin_0542,87.34890223,retained,0,0,False,16
hin,hin_0543,53.01279426,retained,0,0,False,21
hin,hin_0544,82.59716034,retained,0,0,False,25
hin,hin_0545,74.97213483,retained,0,0,False,18
hin,hin_0546,90.40924907,retained,0,0,False,17
hin,hin_0547,55.31579256,retained,0,0,False,23
hin,hin_0548,73.54700565,retained,0,0,False,22
hin,hin_0549,72.69349694,retained,0,0,False,48
hin,hin_0550,75.66470504,retained,0,0,False,13
hin,hin_0551,64.20035958,retained,0,0,False,35
hin,hin_0552,85.46761274,retained,0,0,False,26
hin,hin_0553,75.8297503,retained,0,0,False,17
hin,hin_0554,48.94397259,retained,0,0,False,52
hin,hin_0555,87.53221035,retained,0,0,False,19
hin,hin_0556,66.84781313,retained,0,0,False,33
hin,hin_0557,88.1863296,retained,0,0,False,14
hin,hin_0558,79.87812161,retained,0,0,False,38
hin,hin_0559,86.65614128,retained,0,0,False,20
hin,hin_0560,60.30577421,retained,0,0,False,41
hin,hin_0561,88.07454109,retained,0,0,False,30
hin,hin_0562,52.47826576,retained,0,0,False,23
hin,hin_0563,86.25468016,retained,0,0,False,39
hin,hin_0564,58.50148797,retained,0,0,False,24
hin,hin_0565,89.51395154,retained,0,0,False,23
hin,hin_0566,90.16997218,retained,0,0,False,11
hin,hin_0567,80.14298677,retained,0,0,False,33
hin,hin_0568,92.23232865,retained,0,0,False,28
hin,hin_0569,81.64857626,retained,0,0,False,16
hin,hin_0570,95.63338161,retained,0,0,False,14
hin,hin_0571,77.3204267,retained,0,0,False,36
hin,hin_0572,74.50011969,retained,0,0,False,39
hin,hin_0573,88.90661001,retained,0,0,False,8
hin,hin_0574,51.92329884,retained,0,0,False,15
hin,hin_0575,82.13481307,retained,0,0,False,29
hin,hin_0576,88.5096252,retained,0,0,False,19
hin,hin_0577,87.3737812,retained,0,0,False,26
hin,hin_0578,77.53996849,retained,0,0,False,26
hin,hin_0579,89.81078863,retained,0,0,False,9
hin,hin_0580,90.90685248,retained,0,0,False,20
hin,hin_0581,74.14345145,retained,0,0,False,37
hin,hin_0582,87.87657022,retained,0,0,False,15
hin,hin_0583,75.98237395,retained,0,0,False,20
hin,hin_0584,77.81783342,retained,0,0,False,18
hin,hin_0585,63.62560987,retained,0,0,False,30
hin,hin_0586,86.33329868,retained,0,0,False,27
hin,hin_0587,89.82307911,retained,0,0,False,20
hin,hin_0588,87.26065755,retained,0,0,False,26
hin,hin_0589,71.23693824,retained,0,0,False,51
hin,hin_0590,70.55881619,retained,0,0,False,24
hin,hin_0591,92.1153903,retained,0,0,False,19
hin,hin_0592,79.11086082,retained,0,0,False,13
hin,hin_0593,89.84500766,retained,0,0,False,23
hin,hin_0594,53.40563059,retained,0,0,False,15
hin,hin_0595,57.87774324,retained,0,0,False,25
hin,hin_0596,83.54154229,retained,0,0,False,27
hin,hin_0597,76.00781322,retained,0,0,False,20
hin,hin_0598,89.33362961,retained,0,0,False,17
hin,hin_0599,61.08481288,retained,0,0,False,16
hin,hin_0600,86.38193607,retained,0,0,False,12
hin,hin_0601,67.24296808,retained,0,0,False,22
hin,hin_0602,57.77898431,retained,0,0,False,27
hin,hin_0603,51.31639242,retained,0,0,False,27
hin,hin_0604,70.25504112,retained,0,0,False,37
hin,hin_0605,61.4379704,retained,0,0,False,20
hin,hin_0606,81.61800504,retained,0,0,False,27
hin,hin_0607,95.36548853,retained,0,0,False,10
hin,hin_0608,73.45789671,retained,0,0,False,31
hin,hin_0609,85.68189144,retained,0,0,False,10
hin,hin_0610,88.11377287,retained,0,0,False,21
hin,hin_0611,54.07322645,retained,0,0,False,13
hin,hin_0612,73.36773276,retained,0,0,False,20
hin,hin_0613,83.91260505,retained,0,0,False,27
hin,hin_0614,81.81498051,retained,0,0,False,15
hin,hin_0615,63.09410334,retained,0,0,False,23
hin,hin_0616,78.13951969,retained,0,0,False,19
hin,hin_0617,88.71158361,retained,0,0,False,19
hin,hin_0618,52.82489657,retained,0,0,False,39
hin,hin_0619,65.52741528,retained,0,0,False,21
hin,hin_0620,80.83487749,retained,0,0,False,19
hin,hin_0621,75.64537525,retained,0,0,False,16
hin,hin_0622,90.96109867,retained,0,0,False,16
hin,hin_0623,88.69983554,retained,0,0,False,27
hin,hin_0624,86.37877703,retained,0,0,False,36
hin,hin_0625,56.45246506,retained,0,0,False,26
hin,hin_0626,80.86860776,retained,0,0,False,19
hin,hin_0627,63.64219189,retained,0,0,False,18
hin,hin_0628,81.37696981,retained,0,0,False,31
hin,hin_0629,89.71044421,retained,0,0,False,13
hin,hin_0630,75.69295764,retained,0,0,False,31
hin,hin_0631,80.08044362,retained,0,0,False,19
hin,hin_0632,73.56960177,retained,0,0,False,17
hin,hin_0633,90.4325664,retained,0,0,False,30
hin,hin_0634,73.75712991,retained,0,0,False,18
hin,hin_0635,67.67451763,retained,0,0,False,34
hin,hin_0636,81.09658957,retained,0,0,False,25
hin,hin_0637,83.43207836,retained,0,0,False,25
hin,hin_0638,61.97764874,retained,0,0,False,32
hin,hin_0639,68.47004294,retained,0,0,False,52
hin,hin_0640,92.75519252,retained,0,0,False,17
hin,hin_0641,75.99101663,retained,0,0,False,43
hin,hin_0642,55.23534417,retained,0,0,False,20
hin,hin_0643,88.09794784,retained,0,0,False,16
hin,hin_0644,81.98646307,retained,0,0,False,18
hin,hin_0645,47.2922802,retained,0,0,False,30
hin,hin_0646,75.14774203,retained,0,0,False,22
hin,hin_0647,87.8567636,retained,0,0,False,10
hin,hin_0648,82.46190548,retained,0,0,False,31
hin,hin_0649,80.20564318,retained,0,0,False,24
hin,hin_0650,88.47776055,retained,0,0,False,28
hin,hin_0651,75.5887866,retained,0,0,False,15
hin,hin_0652,79.58015203,retained,0,0,False,28
hin,hin_0653,95.05904913,retained,0,0,False,11
hin,hin_0654,80.19477725,retained,0,0,False,30
hin,hin_0655,62.58943081,retained,0,0,False,25
hin,hin_0656,88.03119659,retained,0,0,False,21
hin,hin_0657,85.48229933,retained,0,0,False,30
hin,hin_0658,68.25088859,retained,0,0,False,23
hin,hin_0659,88.55575919,retained,0,0,False,18
hin,hin_0660,69.03659701,retained,0,0,False,35
hin,hin_0661,85.55572629,retained,0,0,False,31
hin,hin_0662,76.88438892,retained,0,0,False,20
hin,hin_0663,83.39939713,retained,0,0,False,17
hin,hin_0664,83.77863169,retained,0,0,False,22
hin,hin_0665,90.93940258,retained,0,0,False,13
hin,hin_0666,62.80575991,retained,0,0,False,42
hin,hin_0667,82.12579489,retained,0,0,False,35
hin,hin_0668,89.14579153,retained,0,0,False,17
hin,hin_0669,62.17730641,retained,0,0,False,26
hin,hin_0670,84.38699841,retained,0,0,False,17
hin,hin_0671,89.5983994,retained,0,0,False,30
hin,hin_0672,72.01094627,retained,0,0,False,23
hin,hin_0673,71.36743665,retained,0,0,False,22
hin,hin_0674,90.85336924,retained,0,0,False,16
hin,hin_0675,48.43306839,retained,0,0,False,15
hin,hin_0676,81.92805648,retained,0,0,False,37
hin,hin_0677,68.67782474,retained,0,0,False,34
hin,hin_0678,95.2046454,retained,0,0,False,10
hin,hin_0679,93.49579811,retained,0,0,False,22
hin,hin_0680,77.10461617,retained,0,0,False,29
hin,hin_0681,78.63776088,retained,0,0,False,35
hin,hin_0682,77.47040987,retained,0,0,False,18
hin,hin_0683,73.01180959,retained,0,0,False,25
hin,hin_0684,77.99551487,retained,0,0,False,17
hin,hin_0685,78.52874994,retained,0,0,False,15
hin,hin_0686,59.11357403,retained,0,0,False,34
hin,hin_0687,91.20461345,retained,0,0,False,16
hin,hin_0688,88.13605309,retained,0,0,False,18
hin,hin_0689,55.31941652,retained,0,0,False,18
hin,hin_0690,55.36857843,retained,0,0,False,23
hin,hin_0691,76.10636353,retained,0,0,False,19
hin,hin_0692,60.19880772,retained,0,0,False,26
hin,hin_0693,77.09236145,retained,0,0,False,18
hin,hin_0694,82.40845799,retained,0,0,False,15
hin,hin_0695,48.24640453,retained,0,0,False,22
hin,hin_0696,78.63745093,retained,0,0,False,28
hin,hin_0697,82.52126575,retained,0,0,False,22
hin,hin_0698,91.48269296,retained,0,0,False,25
hin,hin_0699,84.73826647,retained,0,0,False,22
hin,hin_0700,85.79059243,retained,0,0,False,17
hin,hin_0701,78.3192873,retained,0,0,False,30
hin,hin_0702,79.51818705,retained,0,0,False,38
hin,hin_0703,89.59245086,retained,0,0,False,25
hin,hin_0704,53.10226083,retained,0,0,False,20
hin,hin_0705,56.74749017,retained,0,0,False,12
hin,hin_0706,88.19611669,retained,0,0,False,18
hin,hin_0707,77.95094848,retained,0,0,False,36
hin,hin_0708,78.37585211,retained,0,0,False,25
hin,hin_0709,56.07789755,retained,0,0,False,22
hin,hin_0710,56.42486215,retained,0,0,False,19
hin,hin_0711,82.05772042,retained,0,0,False,19
hin,hin_0712,70.07335424,retained,0,0,False,38
hin,hin_0713,79.80857491,retained,0,0,False,28
hin,hin_0714,80.53984046,retained,0,0,False,16
hin,hin_0715,65.66426754,retained,0,0,False,24
hin,hin_0716,87.14913726,retained,0,0,False,25
hin,hin_0717,87.66551614,retained,0,0,False,19
hin,hin_0718,91.18317366,retained,0,0,False,12
hin,hin_0719,90.76665044,retained,0,0,False,17
hin,hin_0720,67.3755765,retained,0,0,False,58
hin,hin_0721,64.75233436,retained,0,0,False,19
hin,hin_0722,58.49393606,retained,0,0,False,20
hin,hin_0723,79.15225029,retained,0,0,False,18
hin,hin_0724,47.68091738,retained,0,0,False,30
hin,hin_0725,76.53637528,retained,0,0,False,23
hin,hin_0726,82.80856609,retained,0,0,False,30
hin,hin_0727,80.06989956,retained,0,0,False,19
hin,hin_0728,91.29009247,retained,0,0,False,14
hin,hin_0729,77.905339,retained,0,0,False,25
hin,hin_0730,55.51506877,retained,0,0,False,24
hin,hin_0731,85.26582122,retained,0,0,False,26
hin,hin_0732,86.05763912,retained,0,0,False,22
hin,hin_0733,93.83990765,retained,0,0,False,7
hin,hin_0734,56.8595171,retained,0,0,False,17
hin,hin_0735,94.68844533,retained,0,0,False,12
hin,hin_0736,75.26714206,retained,0,0,False,33
hin,hin_0737,86.21194363,retained,0,0,False,26
hin,hin_0738,88.96591067,retained,0,0,False,18
hin,hin_0739,51.52547956,retained,0,0,False,39
hin,hin_0740,87.44950294,retained,0,0,False,29
hin,hin_0741,78.27157974,retained,0,0,False,25
hin,hin_0742,83.91646147,retained,0,0,False,31
hin,hin_0743,80.68635464,retained,0,0,False,35
hin,hin_0744,79.64683175,retained,0,0,False,13
hin,hin_0745,76.80916786,retained,0,0,False,32
hin,hin_0746,79.92530465,retained,0,0,False,27
hin,hin_0747,65.78023434,retained,0,0,False,23
hin,hin_0748,71.8599081,retained,0,0,False,21
hin,hin_0749,54.12247181,retained,0,0,False,24
hin,hin_0750,91.30897522,retained,0,0,False,14
hin,hin_0751,71.16273046,retained,0,0,False,21
hin,hin_0752,94.81395483,retained,0,0,False,7
hin,hin_0753,94.93660927,retained,0,0,False,12
hin,hin_0754,74.5934248,retained,0,0,False,26
hin,hin_0755,71.18154168,retained,0,0,False,12
hin,hin_0756,91.35276079,retained,0,0,False,21
hin,hin_0757,75.23545623,retained,0,0,False,22
hin,hin_0758,78.84585857,retained,0,0,False,35
hin,hin_0759,81.58988357,retained,0,0,False,23
hin,hin_0760,81.15230799,retained,0,0,False,29
hin,hin_0761,74.17578101,retained,0,0,False,33
hin,hin_0762,87.74968982,retained,0,0,False,28
hin,hin_0763,86.1884892,retained,0,0,False,18
hin,hin_0764,73.09394479,retained,0,0,False,28
hin,hin_0765,87.82485723,retained,0,0,False,24
hin,hin_0766,91.61074162,retained,0,0,False,18
hin,hin_0767,76.09401941,retained,0,0,False,49
hin,hin_0768,76.72244906,retained,0,0,False,32
hin,hin_0769,91.16333127,retained,0,0,False,21
hin,hin_0770,71.70832753,retained,0,0,False,34
hin,hin_0771,69.3274796,retained,0,0,False,23
hin,hin_0772,72.83408642,retained,0,0,False,28
hin,hin_0773,63.34530115,retained,0,0,False,36
hin,hin_0774,81.94562197,retained,0,0,False,32
hin,hin_0775,88.67642283,retained,0,0,False,16
hin,hin_0776,84.3973577,retained,0,0,False,22
hin,hin_0777,83.83049369,retained,0,0,False,16
hin,hin_0778,87.59827018,retained,0,0,False,17
hin,hin_0779,68.91127229,retained,0,0,False,32
hin,hin_0780,79.36207652,retained,0,0,False,28
hin,hin_0781,87.20239997,retained,0,0,False,12
hin,hin_0782,83.45761299,retained,0,0,False,15
hin,hin_0783,83.52555633,retained,0,0,False,24
hin,hin_0784,49.13375378,retained,0,0,False,25
hin,hin_0785,75.19545555,retained,0,0,False,25
hin,hin_0786,68.82908344,retained,0,0,False,40
hin,hin_0787,89.21378255,retained,0,0,False,23
hin,hin_0788,83.95063877,retained,0,0,False,15
hin,hin_0789,67.49798059,retained,0,0,False,21
hin,hin_0790,84.51563716,retained,0,0,False,34
hin,hin_0791,84.50806141,retained,0,0,False,30
hin,hin_0792,81.3991785,retained,0,0,False,16
hin,hin_0793,79.94030714,retained,0,0,False,16
hin,hin_0794,48.79088998,retained,0,0,False,15
hin,hin_0795,49.18451011,retained,0,0,False,14
hin,hin_0796,67.88978577,retained,0,0,False,19
hin,hin_0797,68.52433085,retained,0,0,False,38
hin,hin_0798,82.78152943,retained,0,0,False,21
hin,hin_0799,88.24135661,retained,0,0,False,27
hin,hin_0800,42.39827394,retained,0,0,False,16
hin,hin_0801,89.02449608,retained,0,0,False,12
hin,hin_0802,70.53647041,retained,0,0,False,32
hin,hin_0803,81.39919639,retained,0,0,False,16
hin,hin_0804,86.70256734,retained,0,0,False,40
hin,hin_0805,80.05822301,retained,0,0,False,22
hin,hin_0806,75.12348294,retained,0,0,False,24
hin,hin_0807,88.47776651,retained,0,0,False,28
hin,hin_0808,82.82060623,retained,0,0,False,31
hin,hin_0809,84.54991579,retained,0,0,False,34
hin,hin_0810,74.28426147,retained,0,0,False,39
hin,hin_0811,70.22826076,retained,0,0,False,23
hin,hin_0812,81.65848255,retained,0,0,False,34
hin,hin_0813,76.620543,retained,0,0,False,20
hin,hin_0814,74.95791316,retained,0,0,False,15
hin,hin_0815,91.08313918,retained,0,0,False,16
hin,hin_0816,95.36548853,retained,0,0,False,10
hin,hin_0817,58.42071176,retained,0,0,False,35
hin,hin_0818,73.76649976,retained,0,0,False,14
hin,hin_0819,84.69071388,retained,0,0,False,26
hin,hin_0820,83.78816843,retained,0,0,False,20
hin,hin_0821,72.90194035,retained,0,0,False,35
hin,hin_0822,90.90685248,retained,0,0,False,20
hin,hin_0823,82.06548691,retained,0,0,False,22
hin,hin_0824,85.99023819,retained,0,0,False,28
hin,hin_0825,91.65772796,retained,0,0,False,18
hin,hin_0826,92.29632616,retained,0,0,False,8
hin,hin_0827,82.16756582,retained,0,0,False,24
hin,hin_0828,85.4955554,retained,0,0,False,24
hin,hin_0829,66.86302423,retained,0,0,False,31
hin,hin_0830,70.64579725,retained,0,0,False,23
hin,hin_0831,76.46358013,retained,0,0,False,19
hin,hin_0832,75.70435405,retained,0,0,False,28
hin,hin_0833,68.8418448,retained,0,0,False,18
hin,hin_0834,74.41515326,retained,0,0,False,17
hin,hin_0835,73.05366993,retained,0,0,False,18
hin,hin_0836,80.55233359,retained,0,0,False,30
hin,hin_0837,82.83464313,retained,0,0,False,41
hin,hin_0838,80.47878146,retained,0,0,False,23
hin,hin_0839,83.10632706,retained,0,0,False,11
hin,hin_0840,82.82686472,retained,0,0,False,26
hin,hin_0841,77.37504244,retained,0,0,False,24
hin,hin_0842,78.33921313,retained,0,0,False,31
hin,hin_0843,83.82173777,retained,0,0,False,18
hin,hin_0844,85.90391278,retained,0,0,False,39
hin,hin_0845,67.62261987,retained,0,0,False,28
hin,hin_0846,63.38258386,retained,0,0,False,30
hin,hin_0847,56.49841428,retained,0,0,False,33
hin,hin_0848,75.74114203,retained,0,0,False,25
hin,hin_0849,67.5504148,retained,0,0,False,20
hin,hin_0850,82.71126151,retained,0,0,False,41
hin,hin_0851,57.17099905,retained,0,0,False,16
hin,hin_0852,91.47696495,retained,0,0,False,14
hin,hin_0853,78.87620926,retained,0,0,False,19
hin,hin_0854,82.09027052,retained,0,0,False,34
hin,hin_0855,83.54079723,retained,0,0,False,41
hin,hin_0856,87.59176731,retained,0,0,False,9
hin,hin_0857,85.70515513,retained,0,0,False,29
hin,hin_0858,71.34934664,retained,0,0,False,23
hin,hin_0859,73.93152714,retained,0,0,False,23
hin,hin_0860,72.54143357,retained,0,0,False,21
hin,hin_0861,81.58700466,retained,0,0,False,20
hin,hin_0862,70.18485665,retained,0,0,False,12
hin,hin_0863,75.40261149,retained,0,0,False,23
hin,hin_0864,79.38882709,retained,0,0,False,13
hin,hin_0865,49.7030884,retained,0,0,False,26
hin,hin_0866,80.45389652,retained,0,0,False,26
hin,hin_0867,75.27801991,retained,0,0,False,17
hin,hin_0868,80.69226742,retained,0,0,False,34
hin,hin_0869,94.29727197,retained,0,0,False,23
hin,hin_0870,86.07744575,retained,0,0,False,11
hin,hin_0871,69.28724051,retained,0,0,False,21
hin,hin_0872,71.9647646,retained,0,0,False,20
hin,hin_0873,77.8924346,retained,0,0,False,45
hin,hin_0874,80.97941279,retained,0,0,False,24
hin,hin_0875,82.06377625,retained,0,0,False,35
hin,hin_0876,89.60988522,retained,0,0,False,25
hin,hin_0877,80.55249453,retained,0,0,False,23
hin,hin_0878,92.05793142,retained,0,0,False,17
hin,hin_0879,63.91735673,retained,0,0,False,25
hin,hin_0880,74.26656485,retained,0,0,False,26
hin,hin_0881,80.06861806,retained,0,0,False,17
hin,hin_0882,63.36963177,retained,0,0,False,20
hin,hin_0883,62.17342615,retained,0,0,False,23
hin,hin_0884,77.63145566,retained,0,0,False,23
hin,hin_0885,92.19640493,retained,0,0,False,33
hin,hin_0886,81.94704056,retained,0,0,False,13
hin,hin_0887,72.95349836,retained,0,0,False,32
hin,hin_0888,83.81716013,retained,0,0,False,30
hin,hin_0889,87.78859377,retained,0,0,False,30
hin,hin_0890,76.83616281,retained,0,0,False,19
hin,hin_0891,82.59782195,retained,0,0,False,22
hin,hin_0892,77.11258531,retained,0,0,False,32
hin,hin_0893,73.67072701,retained,0,0,False,23
hin,hin_0894,88.13599944,retained,0,0,False,14
hin,hin_0895,74.82528687,retained,0,0,False,16
hin,hin_0896,84.68278646,retained,0,0,False,26
hin,hin_0897,76.26532912,retained,0,0,False,13
hin,hin_0898,74.83812571,retained,0,0,False,21
hin,hin_0899,80.76269031,retained,0,0,False,14
hin,hin_0900,83.85799527,retained,0,0,False,9
hin,hin_0901,88.04107308,retained,0,0,False,9
hin,hin_0902,83.58627558,retained,0,0,False,28
hin,hin_0903,91.02226496,retained,0,0,False,10
hin,hin_0904,65.2557075,retained,0,0,False,28
hin,hin_0905,65.14042616,retained,0,0,False,26
hin,hin_0906,89.40563202,retained,0,0,False,11
hin,hin_0907,49.25929606,retained,0,0,False,21
hin,hin_0908,87.85675764,retained,0,0,False,10
hin,hin_0909,85.66844463,retained,0,0,False,13
hin,hin_0910,85.52462459,retained,0,0,False,26
hin,hin_0911,84.7166419,retained,0,0,False,20
hin,hin_0912,76.00198388,retained,0,0,False,20
hin,hin_0913,93.37530136,retained,0,0,False,13
hin,hin_0914,87.66698837,retained,0,0,False,22
hin,hin_0915,85.51484942,retained,0,0,False,24
hin,hin_0916,76.20265484,retained,0,0,False,23
hin,hin_0917,84.29938555,retained,0,0,False,24
hin,hin_0918,86.53121591,retained,0,0,False,36
hin,hin_0919,73.95582795,retained,0,0,False,15
hin,hin_0920,82.50634074,retained,0,0,False,24
hin,hin_0921,74.87798929,retained,0,0,False,29
hin,hin_0922,84.87762213,retained,0,0,False,29
hin,hin_0923,84.76065993,retained,0,0,False,35
hin,hin_0924,88.07684183,retained,0,0,False,13
hin,hin_0925,87.754637,retained,0,0,False,31
hin,hin_0926,63.0279243,retained,0,0,False,41
hin,hin_0927,86.56824231,retained,0,0,False,31
hin,hin_0928,80.51046133,retained,0,0,False,35
hin,hin_0929,70.67819834,retained,0,0,False,30
hin,hin_0930,80.49154282,retained,0,0,False,30
hin,hin_0931,83.33262205,retained,0,0,False,19
hin,hin_0932,77.35788822,retained,0,0,False,26
hin,hin_0933,51.64939761,retained,0,0,False,45
hin,hin_0934,83.29887986,retained,0,0,False,36
hin,hin_0935,89.62586522,retained,0,0,False,30
hin,hin_0936,83.02402496,retained,0,0,False,25
hin,hin_0937,81.55333996,retained,0,0,False,27
hin,hin_0938,92.1053648,retained,0,0,False,12
hin,hin_0939,46.32403553,retained,0,0,False,34
hin,hin_0940,65.15831351,retained,0,0,False,18
hin,hin_0941,77.71916389,retained,0,0,False,31
hin,hin_0942,87.12483048,retained,0,0,False,27
hin,hin_0943,78.91805768,retained,0,0,False,16
hin,hin_0944,88.97174001,retained,0,0,False,14
hin,hin_0945,93.91022921,retained,0,0,False,12
hin,hin_0946,69.20703053,retained,0,0,False,34
hin,hin_0947,68.12238097,retained,0,0,False,53
hin,hin_0948,84.49007273,retained,0,0,False,20
hin,hin_0949,85.29651165,retained,0,0,False,25
hin,hin_0950,82.95526505,retained,0,0,False,29
hin,hin_0951,85.6406033,retained,0,0,False,13
hin,hin_0952,73.2694149,retained,0,0,False,41
hin,hin_0953,73.56160283,retained,0,0,False,15
hin,hin_0954,87.01800704,retained,0,0,False,39
hin,hin_0955,84.90685225,retained,0,0,False,23
hin,hin_0956,78.63074541,retained,0,0,False,29
hin,hin_0957,91.77739024,retained,0,0,False,14
hin,hin_0958,68.15152168,retained,0,0,False,19
hin,hin_0959,85.89366674,retained,0,0,False,22
hin,hin_0960,83.79842043,retained,0,0,False,15
hin,hin_0961,78.68704796,retained,0,0,False,21
hin,hin_0962,90.5343771,retained,0,0,False,26
hin,hin_0963,79.36750054,retained,0,0,False,23
hin,hin_0964,90.38723111,retained,0,0,False,15
hin,hin_0965,90.19972682,retained,0,0,False,27
hin,hin_0966,81.90736175,retained,0,0,False,28
hin,hin_0967,79.86445427,retained,0,0,False,32
hin,hin_0968,82.79728889,retained,0,0,False,18
hin,hin_0969,69.08552051,retained,0,0,False,13
hin,hin_0970,84.56510305,retained,0,0,False,32
hin,hin_0971,42.8152144,retained,0,0,False,31
hin,hin_0972,84.44594741,retained,0,0,False,43
hin,hin_0973,84.73739028,retained,0,0,False,21
hin,hin_0974,75.1840055,retained,0,0,False,25
hin,hin_0975,85.29248834,retained,0,0,False,25
hin,hin_0976,91.01564884,retained,0,0,False,9
hin,hin_0977,82.47134089,retained,0,0,False,37
hin,hin_0978,78.64136696,retained,0,0,False,23
hin,hin_0979,81.80279136,retained,0,0,False,24
hin,hin_0980,77.62334347,retained,0,0,False,15
hin,hin_0981,48.2783556,retained,0,0,False,30
hin,hin_0982,88.59847188,retained,0,0,False,25
hin,hin_0983,84.86693501,retained,0,0,False,27
hin,hin_0984,85.65480709,retained,0,0,False,16
hin,hin_0985,87.70827055,retained,0,0,False,29
hin,hin_0986,90.78508019,retained,0,0,False,15
hin,hin_0987,93.18091273,retained,0,0,False,26
hin,hin_0988,72.69920111,retained,0,0,False,12
hin,hin_0989,88.07281852,retained,0,0,False,19
hin,hin_0990,78.31318378,retained,0,0,False,34
hin,hin_0991,85.40621996,retained,0,0,False,42
hin,hin_0992,57.71402121,retained,0,0,False,32
hin,hin_0993,59.61777568,retained,0,0,False,24
hin,hin_0994,67.55229831,retained,0,0,False,20
hin,hin_0995,66.11053944,retained,0,0,False,37
hin,hin_0996,91.23263359,retained,0,0,False,15
hin,hin_0997,80.58969378,retained,0,0,False,15
hin,hin_0998,87.10717559,retained,0,0,False,25
hin,hin_0999,65.04583955,retained,0,0,False,33
hin,hin_1000,77.33030915,retained,0,0,False,33
hin,hin_1001,78.27157378,retained,0,0,False,25
hin,hin_1002,89.77648616,retained,0,0,False,11
hin,hin_1003,79.96744514,retained,0,0,False,61
hin,hin_1004,61.84033751,retained,0,0,False,40
hin,hin_1005,76.77577138,retained,0,0,False,17
hin,hin_1006,94.50936913,retained,0,0,False,13
hin,hin_1007,80.78215122,retained,0,0,False,7
hin,hin_1008,83.96037817,retained,0,0,False,24
hin,hin_1009,92.29633212,retained,0,0,False,8
hin,hin_1010,52.38280296,retained,0,0,False,22
hin,hin_1011,84.76282358,retained,0,0,False,10
hin,hin_1012,72.09200859,retained,0,0,False,21
hin,hin_1013,76.00237131,retained,0,0,False,23
hin,hin_1014,76.72922015,retained,0,0,False,17
hin,hin_1015,83.32829475,retained,0,0,False,26
hin,hin_1016,62.6571238,retained,0,0,False,24
hin,hin_1017,93.71730685,retained,0,0,False,12
hin,hin_1018,81.53060675,retained,0,0,False,13
hin,hin_1019,70.63324451,retained,0,0,False,49
hin,hin_1020,78.87864113,retained,0,0,False,16
hin,hin_1021,84.86579061,retained,0,0,False,20
hin,hin_1022,55.63507676,retained,0,0,False,31
hin,hin_1023,73.11732769,retained,0,0,False,22
hin,hin_1024,68.67594719,retained,0,0,False,25
hin,hin_1025,88.29609752,retained,0,0,False,28
hin,hin_1026,75.98928213,retained,0,0,False,16
hin,hin_1027,64.15925026,retained,0,0,False,22
hin,hin_1028,77.79390216,retained,0,0,False,12
hin,hin_1029,91.80752039,retained,0,0,False,9
hin,hin_1030,52.79137492,retained,0,0,False,40
hin,hin_1031,71.72296047,retained,0,0,False,23
hin,hin_1032,87.04992533,retained,0,0,False,35
hin,hin_1033,87.21801639,retained,0,0,False,40
hin,hin_1034,86.35562062,retained,0,0,False,13
hin,hin_1035,77.45690346,retained,0,0,False,31
hin,hin_1036,64.52303529,retained,0,0,False,23
hin,hin_1037,57.20129609,retained,0,0,False,28
hin,hin_1038,94.61621046,retained,0,0,False,13
hin,hin_1039,80.01284599,retained,0,0,False,19
hin,hin_1040,54.48927879,retained,0,0,False,17
hin,hin_1041,52.5460124,retained,0,0,False,32
hin,hin_1042,78.9629817,retained,0,0,False,32
hin,hin_1043,77.49245167,retained,0,0,False,23
hin,hin_1044,60.68572998,retained,0,0,False,28
hin,hin_1045,64.0415132,retained,0,0,False,18
hin,hin_1046,77.17937827,retained,0,0,False,30
hin,hin_1047,69.9641943,retained,0,0,False,32
hin,hin_1048,87.7597928,retained,0,0,False,9
hin,hin_1049,71.37418985,retained,0,0,False,26
hin,hin_1050,84.39095616,retained,0,0,False,24
hin,hin_1051,87.63120174,retained,0,0,False,9
hin,hin_1052,75.65127015,retained,0,0,False,24
hin,hin_1053,64.34836388,retained,0,0,False,24
hin,hin_1054,51.01512074,retained,0,0,False,22
hin,hin_1055,60.77268124,retained,0,0,False,26
hin,hin_1056,59.35330987,retained,0,0,False,20
hin,hin_1057,83.70733261,retained,0,0,False,26
hin,hin_1058,65.15831351,retained,0,0,False,18
hin,hin_1059,73.8828361,retained,0,0,False,34
hin,hin_1060,84.74310637,retained,0,0,False,26
hin,hin_1061,83.58129859,retained,0,0,False,25
hin,hin_1062,82.93793201,retained,0,0,False,24
hin,hin_1063,79.47465777,retained,0,0,False,16
hin,hin_1064,66.60894752,retained,0,0,False,13
hin,hin_1065,81.01404905,retained,0,0,False,22
hin,hin_1066,82.57310987,retained,0,0,False,45
hin,hin_1067,62.99932003,retained,0,0,False,38
hin,hin_1068,51.74675584,retained,0,0,False,35
hin,hin_1069,85.87920666,retained,0,0,False,11
hin,hin_1070,68.87876987,retained,0,0,False,14
hin,hin_1071,50.10948777,retained,0,0,False,27
hin,hin_1072,72.88996577,retained,0,0,False,40
hin,hin_1073,57.65388012,retained,0,0,False,28
hin,hin_1074,85.5199039,retained,0,0,False,21
hin,hin_1075,69.91507411,retained,0,0,False,27
hin,hin_1076,77.97954679,retained,0,0,False,20
hin,hin_1077,70.96401453,retained,0,0,False,14
hin,hin_1078,89.40563202,retained,0,0,False,11
hin,hin_1079,86.92946434,retained,0,0,False,25
hin,hin_1080,87.61470318,retained,0,0,False,11
hin,hin_1081,87.14885712,retained,0,0,False,17
hin,hin_1082,71.35909796,retained,0,0,False,22
hin,hin_1083,82.32366443,retained,0,0,False,21
hin,hin_1084,68.37906837,retained,0,0,False,31
hin,hin_1085,83.8319838,retained,0,0,False,36
hin,hin_1086,86.15757227,retained,0,0,False,15
hin,hin_1087,69.93098259,retained,0,0,False,18
hin,hin_1088,82.59259462,retained,0,0,False,31
hin,hin_1089,76.81968212,retained,0,0,False,25
hin,hin_1090,91.62313342,retained,0,0,False,30
hin,hin_1091,81.91436529,retained,0,0,False,30
hin,hin_1092,77.21569538,retained,0,0,False,38
hin,hin_1093,91.10899568,retained,0,0,False,17
hin,hin_1094,72.14462757,retained,0,0,False,30
hin,hin_1095,46.61324024,retained,0,0,False,21
hin,hin_1096,67.37129688,retained,0,0,False,23
hin,hin_1097,79.37895656,retained,0,0,False,28
hin,hin_1098,79.46591377,retained,0,0,False,29
hin,hin_1099,89.40563202,retained,0,0,False,11
hin,hin_1100,88.07547688,retained,0,0,False,12
hin,hin_1101,70.20748258,retained,0,0,False,38
hin,hin_1102,47.23861217,retained,0,0,False,34
hin,hin_1103,96.16844058,retained,0,0,False,13
hin,hin_1104,81.25311136,retained,0,0,False,26
hin,hin_1105,83.62916708,retained,0,0,False,31
hin,hin_1106,91.04444385,retained,0,0,False,15
hin,hin_1107,57.76051283,retained,0,0,False,27
hin,hin_1108,82.97368884,retained,0,0,False,13
hin,hin_1109,43.48473847,retained,0,0,False,31
hin,hin_1110,61.68792844,retained,0,0,False,34
hin,hin_1111,87.8567636,retained,0,0,False,10
hin,hin_1112,87.36262918,retained,0,0,False,27
hin,hin_1113,80.68745732,retained,0,0,False,24
hin,hin_1114,78.08175683,retained,0,0,False,24
hin,hin_1115,57.03214407,retained,0,0,False,28
hin,hin_1116,69.97030973,retained,0,0,False,16
hin,hin_1117,86.92900538,retained,0,0,False,19
hin,hin_1118,82.21344948,retained,0,0,False,29
hin,hin_1119,68.45277548,retained,0,0,False,23
hin,hin_1120,84.60921049,retained,0,0,False,23
hin,hin_1121,91.70852304,retained,0,0,False,15
hin,hin_1122,88.51593137,retained,0,0,False,27
hin,hin_1123,59.27734971,retained,0,0,False,57
hin,hin_1124,83.58428478,retained,0,0,False,22
hin,hin_1125,83.2382977,retained,0,0,False,42
hin,hin_1126,76.352036,retained,0,0,False,35
hin,hin_1127,80.00007868,retained,0,0,False,20
hin,hin_1128,95.50499916,retained,0,0,False,13
hin,hin_1129,80.31838536,retained,0,0,False,16
hin,hin_1130,68.9574182,retained,0,0,False,22
hin,hin_1131,76.77356601,retained,0,0,False,16
hin,hin_1132,87.74548173,retained,0,0,False,17
hin,hin_1133,72.04450965,retained,0,0,False,18
hin,hin_1134,80.09832501,retained,0,0,False,24
hin,hin_1135,75.1226306,retained,0,0,False,38
hin,hin_1136,64.19920325,retained,0,0,False,55
hin,hin_1137,79.57945466,retained,0,0,False,17
hin,hin_1138,77.4019599,retained,0,0,False,58
hin,hin_1139,74.00470972,retained,0,0,False,26
hin,hin_1140,62.05558777,retained,0,0,False,14
hin,hin_1141,87.62435317,retained,0,0,False,8
hin,hin_1142,58.09618235,retained,0,0,False,17
hin,hin_1143,81.49192929,retained,0,0,False,25
hin,hin_1144,84.27743912,retained,0,0,False,30
hin,hin_1145,80.22941947,retained,0,0,False,26
hin,hin_1146,58.08668733,retained,0,0,False,13
hin,hin_1147,58.78691077,retained,0,0,False,25
hin,hin_1148,94.81395483,retained,0,0,False,7
hin,hin_1149,87.88163662,retained,0,0,False,28
hin,hin_1150,86.23370528,retained,0,0,False,21
hin,hin_1151,52.67056227,retained,0,0,False,17
hin,hin_1152,85.24912596,retained,0,0,False,14
hin,hin_1153,82.34423399,retained,0,0,False,24
hin,hin_1154,88.34234476,retained,0,0,False,15
hin,hin_1155,85.72465777,retained,0,0,False,30
hin,hin_1156,93.41645837,retained,0,0,False,31
hin,hin_1157,68.18588972,retained,0,0,False,35
hin,hin_1158,73.57536554,retained,0,0,False,31
hin,hin_1159,70.70764303,retained,0,0,False,26
hin,hin_1160,73.54829311,retained,0,0,False,19
hin,hin_1161,71.73197269,retained,0,0,False,37
hin,hin_1162,55.72708845,retained,0,0,False,23
hin,hin_1163,93.75551343,retained,0,0,False,22
hin,hin_1164,77.96646953,retained,0,0,False,16
hin,hin_1165,76.87148452,retained,0,0,False,12
hin,hin_1166,69.27296519,retained,0,0,False,14
hin,hin_1167,55.29394746,retained,0,0,False,16
hin,hin_1168,77.19987631,retained,0,0,False,25
hin,hin_1169,81.20866418,retained,0,0,False,22
hin,hin_1170,81.47839308,retained,0,0,False,21
hin,hin_1171,76.31675005,retained,0,0,False,16
hin,hin_1172,73.617208,retained,0,0,False,23
hin,hin_1173,86.09535098,retained,0,0,False,18
hin,hin_1174,79.07271385,retained,0,0,False,18
hin,hin_1175,90.00515938,retained,0,0,False,17
hin,hin_1176,84.97956991,retained,0,0,False,37
hin,hin_1177,87.85252571,retained,0,0,False,33
hin,hin_1178,83.22793245,retained,0,0,False,29
hin,hin_1179,81.04093671,retained,0,0,False,31
hin,hin_1180,85.00025272,retained,0,0,False,34
hin,hin_1181,83.41119885,retained,0,0,False,30
hin,hin_1182,86.72568202,retained,0,0,False,23
hin,hin_1183,70.13942599,retained,0,0,False,27
hin,hin_1184,81.92608953,retained,0,0,False,29
hin,hin_1185,56.28153682,retained,0,0,False,11
hin,hin_1186,78.7268877,retained,0,0,False,20
hin,hin_1187,87.35106587,retained,0,0,False,19
hin,hin_1188,86.29445434,retained,0,0,False,7
hin,hin_1189,92.72972941,retained,0,0,False,15
hin,hin_1190,86.07744575,retained,0,0,False,11
hin,hin_1191,74.50062037,retained,0,0,False,24
hin,hin_1192,40.26011527,retained,0,0,False,31
hin,hin_1193,74.92149472,retained,0,0,False,17
hin,hin_1194,82.19135404,retained,0,0,False,20
hin,hin_1195,79.79559898,retained,0,0,False,33
hin,hin_1196,67.57819057,retained,0,0,False,22
hin,hin_1197,90.39791822,retained,0,0,False,10
hin,hin_1198,91.47355556,retained,0,0,False,17
hin,hin_1199,79.20429111,retained,0,0,False,24
hin,hin_1200,80.81357479,retained,0,0,False,36
hin,hin_1201,72.69670367,retained,0,0,False,15
hin,hin_1202,80.38694263,retained,0,0,False,33
hin,hin_1203,78.95393968,retained,0,0,False,43
hin,hin_1204,79.13704515,retained,0,0,False,34
hin,hin_1205,59.34486389,retained,0,0,False,25
hin,hin_1206,87.14885712,retained,0,0,False,17
hin,hin_1207,88.72648478,retained,0,0,False,31
hin,hin_1208,66.65400863,retained,0,0,False,24
hin,hin_1209,89.64668512,retained,0,0,False,20
hin,hin_1210,85.94601154,retained,0,0,False,18
hin,hin_1211,78.72897387,retained,0,0,False,46
hin,hin_1212,79.76527214,retained,0,0,False,33
hin,hin_1213,84.30854678,retained,0,0,False,22
hin,hin_1214,50.36566854,retained,0,0,False,19
hin,hin_1215,82.26284385,retained,0,0,False,30
hin,hin_1216,76.99378729,retained,0,0,False,20
hin,hin_1217,78.5865128,retained,0,0,False,42
hin,hin_1218,84.30455923,retained,0,0,False,24
hin,hin_1219,86.97952628,retained,0,0,False,18
hin,hin_1220,91.56910777,retained,0,0,False,10
hin,hin_1221,92.29632616,retained,0,0,False,8
hin,hin_1222,92.71436334,retained,0,0,False,12
hin,hin_1223,82.03004003,retained,0,0,False,34
hin,hin_1224,78.9347887,retained,0,0,False,18
hin,hin_1225,90.59027433,retained,0,0,False,10
hin,hin_1226,73.01908731,retained,0,0,False,28
hin,hin_1227,87.00982928,retained,0,0,False,14
hin,hin_1228,82.73769617,retained,0,0,False,31
hin,hin_1229,74.82473254,retained,0,0,False,32
hin,hin_1230,86.5013957,retained,0,0,False,24
hin,hin_1231,80.12197614,retained,0,0,False,27
hin,hin_1232,83.19698572,retained,0,0,False,16
hin,hin_1233,90.7199502,retained,0,0,False,30
hin,hin_1234,84.33073163,retained,0,0,False,24
hin,hin_1235,78.71057987,retained,0,0,False,16
hin,hin_1236,87.28271723,retained,0,0,False,26
hin,hin_1237,73.09663296,retained,0,0,False,24
hin,hin_1238,75.33561587,retained,0,0,False,22
hin,hin_1239,74.23451543,retained,0,0,False,25
hin,hin_1240,83.69352818,retained,0,0,False,25
hin,hin_1241,73.91527891,retained,0,0,False,21
hin,hin_1242,61.2452805,retained,0,0,False,22
hin,hin_1243,79.57082987,retained,0,0,False,20
hin,hin_1244,82.84888864,retained,0,0,False,33
hin,hin_1245,56.3421905,retained,0,0,False,16
hin,hin_1246,72.03246951,retained,0,0,False,14
hin,hin_1247,80.47963977,retained,0,0,False,29
hin,hin_1248,70.5951035,retained,0,0,False,19
hin,hin_1249,88.0764544,retained,0,0,False,19
hin,hin_1250,88.7449801,retained,0,0,False,15
hin,hin_1251,94.42461133,retained,0,0,False,13
hin,hin_1252,87.295717,retained,0,0,False,26
hin,hin_1253,94.01180744,retained,0,0,False,14
hin,hin_1254,72.58988023,retained,0,0,False,15
hin,hin_1255,66.69169068,retained,0,0,False,29
hin,hin_1256,81.17445111,retained,0,0,False,14
hin,hin_1257,73.82894754,retained,0,0,False,37
hin,hin_1258,79.78122234,retained,0,0,False,26
hin,hin_1259,76.66012645,retained,0,0,False,16
hin,hin_1260,83.852911,retained,0,0,False,21
hin,hin_1261,83.83049369,retained,0,0,False,16
hin,hin_1262,82.74117708,retained,0,0,False,27
hin,hin_1263,90.51319957,retained,0,0,False,26
hin,hin_1264,80.05258441,retained,0,0,False,33
hin,hin_1265,85.45089364,retained,0,0,False,14
hin,hin_1266,88.56848478,retained,0,0,False,30
hin,hin_1267,75.12223721,retained,0,0,False,24
hin,hin_1268,78.96015048,retained,0,0,False,15
hin,hin_1269,88.47776651,retained,0,0,False,28
hin,hin_1270,71.53583169,retained,0,0,False,26
hin,hin_1271,84.53713059,retained,0,0,False,36
hin,hin_1272,80.17047048,retained,0,0,False,22
hin,hin_1273,87.41382957,retained,0,0,False,20
hin,hin_1274,81.67184591,retained,0,0,False,30
hin,hin_1275,86.98331118,retained,0,0,False,35
hin,hin_1276,83.76645446,retained,0,0,False,24
hin,hin_1277,87.51662374,retained,0,0,False,10
hin,hin_1278,81.7440331,retained,0,0,False,27
hin,hin_1279,78.29091549,retained,0,0,False,33
hin,hin_1280,94.28786039,retained,0,0,False,8
hin,hin_1281,67.30310917,retained,0,0,False,23
hin,hin_1282,62.46553659,retained,0,0,False,35
hin,hin_1283,81.59430027,retained,0,0,False,21
hin,hin_1284,70.96485496,retained,0,0,False,14
hin,hin_1285,79.25702333,retained,0,0,False,9
hin,hin_1286,92.75519252,retained,0,0,False,17
hin,hin_1287,82.44289756,retained,0,0,False,32
hin,hin_1288,86.44728065,retained,0,0,False,25
hin,hin_1289,72.32609987,retained,0,0,False,32
hin,hin_1290,79.01973724,retained,0,0,False,26
hin,hin_1291,91.66264534,retained,0,0,False,14
hin,hin_1292,90.20275474,retained,0,0,False,16
hin,hin_1293,69.6194768,retained,0,0,False,51
hin,hin_1294,55.91829419,retained,0,0,False,20
hin,hin_1295,89.21378255,retained,0,0,False,23
hin,hin_1296,76.64513588,retained,0,0,False,29
hin,hin_1297,82.93028474,retained,0,0,False,21
hin,hin_1298,75.81844926,retained,0,0,False,37
hin,hin_1299,97.10116982,retained,0,0,False,8
hin,hin_1300,81.66896701,retained,0,0,False,30
hin,hin_1301,82.93229342,retained,0,0,False,26
hin,hin_1302,52.74514556,retained,0,0,False,27
hin,hin_1303,78.22788954,retained,0,0,False,26
hin,hin_1304,92.74683595,retained,0,0,False,31
hin,hin_1305,92.75968075,retained,0,0,False,15
hin,hin_1306,93.7325418,retained,0,0,False,22
hin,hin_1307,78.47911716,retained,0,0,False,30
hin,hin_1308,82.33434558,retained,0,0,False,21
hin,hin_1309,76.34784579,retained,0,0,False,32
hin,hin_1310,77.29613185,retained,0,0,False,17
hin,hin_1311,86.3768518,retained,0,0,False,36
hin,hin_1312,82.28661418,retained,0,0,False,16
hin,hin_1313,70.96486688,retained,0,0,False,25
hin,hin_1314,86.63687706,retained,0,0,False,20
hin,hin_1315,79.03084755,retained,0,0,False,25
hin,hin_1316,89.14577961,retained,0,0,False,17
hin,hin_1317,91.6577816,retained,0,0,False,18
hin,hin_1318,91.77739024,retained,0,0,False,14
hin,hin_1319,87.93611526,retained,0,0,False,30
hin,hin_1320,84.75690484,retained,0,0,False,14
hin,hin_1321,78.24059129,retained,0,0,False,35
hin,hin_1322,87.98752427,retained,0,0,False,25
hin,hin_1323,75.50410628,retained,0,0,False,23
hin,hin_1324,85.08784175,retained,0,0,False,24
hin,hin_1325,79.85962629,retained,0,0,False,39
hin,hin_1326,83.29935074,retained,0,0,False,33
hin,hin_1327,94.9144721,retained,0,0,False,11
hin,hin_1328,84.77044106,retained,0,0,False,37
hin,hin_1329,87.29606867,retained,0,0,False,27
hin,hin_1330,66.70805812,retained,0,0,False,24
hin,hin_1331,61.16200686,retained,0,0,False,48
hin,hin_1332,82.81605244,retained,0,0,False,15
hin,hin_1333,64.98860121,retained,0,0,False,20
hin,hin_1334,86.16094589,retained,0,0,False,33
hin,hin_1335,73.24562073,retained,0,0,False,17
hin,hin_1336,86.50532961,retained,0,0,False,18
hin,hin_1337,83.43034387,retained,0,0,False,15
hin,hin_1338,72.9101181,retained,0,0,False,23
hin,hin_1339,86.52086854,retained,0,0,False,25
hin,hin_1340,77.73422599,retained,0,0,False,19
hin,hin_1341,86.45048738,retained,0,0,False,34
hin,hin_1342,87.75463104,retained,0,0,False,31
hin,hin_1343,88.89554739,retained,0,0,False,23
hin,hin_1344,81.08347058,retained,0,0,False,21
hin,hin_1345,87.934798,retained,0,0,False,32
hin,hin_1346,75.98113418,retained,0,0,False,32
hin,hin_1347,84.89074707,retained,0,0,False,19
hin,hin_1348,87.79686689,retained,0,0,False,22
hin,hin_1349,90.01426697,retained,0,0,False,15
hin,hin_1350,83.7158978,retained,0,0,False,18
hin,hin_1351,63.92755508,retained,0,0,False,23
hin,hin_1352,81.37432933,retained,0,0,False,21
hin,hin_1353,85.28265953,retained,0,0,False,25
hin,hin_1354,71.95799947,retained,0,0,False,37
hin,hin_1355,79.18754816,retained,0,0,False,28
hin,hin_1356,90.89258313,retained,0,0,False,30
hin,hin_1357,78.73231173,retained,0,0,False,17
hin,hin_1358,82.99262524,retained,0,0,False,25
hin,hin_1359,74.3124485,retained,0,0,False,20
hin,hin_1360,82.02536106,retained,0,0,False,33
hin,hin_1361,85.79059243,retained,0,0,False,17
hin,hin_1362,88.70742321,retained,0,0,False,12
hin,hin_1363,79.79707718,retained,0,0,False,30
hin,hin_1364,83.17409754,retained,0,0,False,21
hin,hin_1365,81.09551072,retained,0,0,False,28
hin,hin_1366,78.24829221,retained,0,0,False,25
hin,hin_1367,86.78096533,retained,0,0,False,24
hin,hin_1368,76.57564878,retained,0,0,False,35
hin,hin_1369,85.3131175,retained,0,0,False,17
hin,hin_1370,86.12577915,retained,0,0,False,17
hin,hin_1371,82.97576904,retained,0,0,False,22
hin,hin_1372,69.43129897,retained,0,0,False,15
hin,hin_1373,77.07807422,retained,0,0,False,19
hin,hin_1374,86.91394925,retained,0,0,False,35
hin,hin_1375,92.51217842,retained,0,0,False,13
hin,hin_1376,75.40268302,retained,0,0,False,23
hin,hin_1377,67.1172142,retained,0,0,False,33
hin,hin_1378,68.27608943,retained,0,0,False,20
hin,hin_1379,88.48445415,retained,0,0,False,11
hin,hin_1380,70.79448104,retained,0,0,False,22
hin,hin_1381,75.95053911,retained,0,0,False,37
hin,hin_1382,74.27238226,retained,0,0,False,21
hin,hin_1383,71.5110898,retained,0,0,False,34
hin,hin_1384,88.51702809,retained,0,0,False,29
hin,hin_1385,70.10712624,retained,0,0,False,33
hin,hin_1386,77.13339925,retained,0,0,False,35
hin,hin_1387,69.36292648,retained,0,0,False,26
hin,hin_1388,85.91198325,retained,0,0,False,29
hin,hin_1389,89.33779001,retained,0,0,False,10
hin,hin_1390,74.39035177,retained,0,0,False,62
hin,hin_1391,85.200423,retained,0,0,False,37
hin,hin_1392,71.00849152,retained,0,0,False,23
hin,hin_1393,78.51057649,retained,0,0,False,41
hin,hin_1394,87.28570938,retained,0,0,False,18
hin,hin_1395,80.68367243,retained,0,0,False,23
hin,hin_1396,77.34577656,retained,0,0,False,20
hin,hin_1397,82.26320744,retained,0,0,False,26
hin,hin_1398,82.35225677,retained,0,0,False,22
hin,hin_1399,88.12422156,retained,0,0,False,11
